class	namespace	field	type	property	profile
AbsPicture		Content	EByteObject	0	8.3.27
AbsPicture		Glyph	Point	0	8.3.27
AbsPicture		TransparentPixel	Point	0	8.3.27
AccountingFlag	http://v8.1c.ru/8.3/MDClasses	ChoiceFoldersAndItems	FoldersAndItemsUse	1	8.3.27
AccountingFlag	http://v8.1c.ru/8.3/MDClasses	ChoiceForm	BasicForm	1	8.3.27
AccountingFlag	http://v8.1c.ru/8.3/MDClasses	ChoiceHistoryOnInput	ChoiceHistoryOnInput	1	8.3.27
AccountingFlag	http://v8.1c.ru/8.3/MDClasses	ChoiceParameterLinks	ChoiceParameterLink	1	8.3.27
AccountingFlag	http://v8.1c.ru/8.3/MDClasses	ChoiceParameters	ChoiceParameter	1	8.3.27
AccountingFlag	http://v8.1c.ru/8.3/MDClasses	Comment	EString	1	8.3.27
AccountingFlag	http://v8.1c.ru/8.3/MDClasses	CreateOnInput	CreateOnInput	1	8.3.27
AccountingFlag	http://v8.1c.ru/8.3/MDClasses	DataHistory	DataHistoryUse	1	8.3.27
AccountingFlag	http://v8.1c.ru/8.3/MDClasses	EditFormat	LocalStringMapEntry	1	8.3.27
AccountingFlag	http://v8.1c.ru/8.3/MDClasses	ExtendedConfigurationObject	Uuid	1	8.3.27
AccountingFlag	http://v8.1c.ru/8.3/MDClasses	ExtendedEdit	EBoolean	1	8.3.27
AccountingFlag	http://v8.1c.ru/8.3/MDClasses	Extension	ObjectExtension	0	8.3.27
AccountingFlag	http://v8.1c.ru/8.3/MDClasses	FillChecking	FillChecking	1	8.3.27
AccountingFlag	http://v8.1c.ru/8.3/MDClasses	FillFromFillingValue	EBoolean	1	8.3.27
AccountingFlag	http://v8.1c.ru/8.3/MDClasses	FillValue	Value	1	8.3.27
AccountingFlag	http://v8.1c.ru/8.3/MDClasses	Format	LocalStringMapEntry	1	8.3.27
AccountingFlag	http://v8.1c.ru/8.3/MDClasses	LinkByType	TypeLink	1	8.3.27
AccountingFlag	http://v8.1c.ru/8.3/MDClasses	MarkNegatives	EBoolean	1	8.3.27
AccountingFlag	http://v8.1c.ru/8.3/MDClasses	Mask	EString	1	8.3.27
AccountingFlag	http://v8.1c.ru/8.3/MDClasses	MaxValue	Value	1	8.3.27
AccountingFlag	http://v8.1c.ru/8.3/MDClasses	MinValue	Value	1	8.3.27
AccountingFlag	http://v8.1c.ru/8.3/MDClasses	MultiLine	EBoolean	1	8.3.27
AccountingFlag	http://v8.1c.ru/8.3/MDClasses	Name	EString	1	8.3.27
AccountingFlag	http://v8.1c.ru/8.3/MDClasses	ObjectBelonging	ObjectBelonging	1	8.3.27
AccountingFlag	http://v8.1c.ru/8.3/MDClasses	PasswordMode	EBoolean	1	8.3.27
AccountingFlag	http://v8.1c.ru/8.3/MDClasses	QuickChoice	UseQuickChoice	1	8.3.27
AccountingFlag	http://v8.1c.ru/8.3/MDClasses	Synonym	LocalStringMapEntry	1	8.3.27
AccountingFlag	http://v8.1c.ru/8.3/MDClasses	ToolTip	LocalStringMapEntry	1	8.3.27
AccountingFlag	http://v8.1c.ru/8.3/MDClasses	Type	TypeDescription	1	8.3.27
AccountingFlag	http://v8.1c.ru/8.3/MDClasses	Uuid	Uuid	0	8.3.27
AccountingRegister	http://v8.1c.ru/8.3/MDClasses	Attribute	AccountingRegisterAttribute	0	8.3.27
AccountingRegister	http://v8.1c.ru/8.3/MDClasses	AuxiliaryListForm	AccountingRegisterForm	1	8.3.27
AccountingRegister	http://v8.1c.ru/8.3/MDClasses	ChartOfAccounts	ChartOfAccounts	1	8.3.27
AccountingRegister	http://v8.1c.ru/8.3/MDClasses	Command	AccountingRegisterCommand	0	8.3.27
AccountingRegister	http://v8.1c.ru/8.3/MDClasses	Comment	EString	1	8.3.27
AccountingRegister	http://v8.1c.ru/8.3/MDClasses	Correspondence	EBoolean	1	8.3.27
AccountingRegister	http://v8.1c.ru/8.3/MDClasses	DataLockControlMode	DefaultDataLockControlMode	1	8.3.27
AccountingRegister	http://v8.1c.ru/8.3/MDClasses	DefaultListForm	AccountingRegisterForm	1	8.3.27
AccountingRegister	http://v8.1c.ru/8.3/MDClasses	Dimension	AccountingRegisterDimension	0	8.3.27
AccountingRegister	http://v8.1c.ru/8.3/MDClasses	EnableTotalsSplitting	EBoolean	1	8.3.27
AccountingRegister	http://v8.1c.ru/8.3/MDClasses	Explanation	LocalStringMapEntry	1	8.3.27
AccountingRegister	http://v8.1c.ru/8.3/MDClasses	ExtendedConfigurationObject	Uuid	1	8.3.27
AccountingRegister	http://v8.1c.ru/8.3/MDClasses	ExtendedListPresentation	LocalStringMapEntry	1	8.3.27
AccountingRegister	http://v8.1c.ru/8.3/MDClasses	Extension	ObjectExtension	0	8.3.27
AccountingRegister	http://v8.1c.ru/8.3/MDClasses	Form	AccountingRegisterForm	0	8.3.27
AccountingRegister	http://v8.1c.ru/8.3/MDClasses	FullTextSearch	FullTextSearchUsing	1	8.3.27
AccountingRegister	http://v8.1c.ru/8.3/MDClasses	Help	Help	1	8.3.27
AccountingRegister	http://v8.1c.ru/8.3/MDClasses	IncludeHelpInContents	EBoolean	1	8.3.27
AccountingRegister	http://v8.1c.ru/8.3/MDClasses	ListPresentation	LocalStringMapEntry	1	8.3.27
AccountingRegister	http://v8.1c.ru/8.3/MDClasses	Name	EString	1	8.3.27
AccountingRegister	http://v8.1c.ru/8.3/MDClasses	ObjectBelonging	ObjectBelonging	1	8.3.27
AccountingRegister	http://v8.1c.ru/8.3/MDClasses	PeriodAdjustmentLength	EInt	1	8.3.27
AccountingRegister	http://v8.1c.ru/8.3/MDClasses	ProducedTypes	AccountingRegisterTypes	0	8.3.27
AccountingRegister	http://v8.1c.ru/8.3/MDClasses	Resource	AccountingRegisterResource	0	8.3.27
AccountingRegister	http://v8.1c.ru/8.3/MDClasses	StandardAttributes	StandardAttribute	1	8.3.27
AccountingRegister	http://v8.1c.ru/8.3/MDClasses	Synonym	LocalStringMapEntry	1	8.3.27
AccountingRegister	http://v8.1c.ru/8.3/MDClasses	Template	Template	0	8.3.27
AccountingRegister	http://v8.1c.ru/8.3/MDClasses	UseStandardCommands	EBoolean	1	8.3.27
AccountingRegister	http://v8.1c.ru/8.3/MDClasses	Uuid	Uuid	0	8.3.27
AccountingRegisterAttribute	http://v8.1c.ru/8.3/MDClasses	BinaryDataStorageLocationUse	BinaryDataStorageLocationUse	1	8.3.27
AccountingRegisterAttribute	http://v8.1c.ru/8.3/MDClasses	BinaryDataStorageLocationUseField	MdObject	1	8.3.27
AccountingRegisterAttribute	http://v8.1c.ru/8.3/MDClasses	ChoiceFoldersAndItems	FoldersAndItemsUse	1	8.3.27
AccountingRegisterAttribute	http://v8.1c.ru/8.3/MDClasses	ChoiceForm	BasicForm	1	8.3.27
AccountingRegisterAttribute	http://v8.1c.ru/8.3/MDClasses	ChoiceHistoryOnInput	ChoiceHistoryOnInput	1	8.3.27
AccountingRegisterAttribute	http://v8.1c.ru/8.3/MDClasses	ChoiceParameterLinks	ChoiceParameterLink	1	8.3.27
AccountingRegisterAttribute	http://v8.1c.ru/8.3/MDClasses	ChoiceParameters	ChoiceParameter	1	8.3.27
AccountingRegisterAttribute	http://v8.1c.ru/8.3/MDClasses	Comment	EString	1	8.3.27
AccountingRegisterAttribute	http://v8.1c.ru/8.3/MDClasses	CreateOnInput	CreateOnInput	1	8.3.27
AccountingRegisterAttribute	http://v8.1c.ru/8.3/MDClasses	EditFormat	LocalStringMapEntry	1	8.3.27
AccountingRegisterAttribute	http://v8.1c.ru/8.3/MDClasses	ExtendedConfigurationObject	Uuid	1	8.3.27
AccountingRegisterAttribute	http://v8.1c.ru/8.3/MDClasses	ExtendedEdit	EBoolean	1	8.3.27
AccountingRegisterAttribute	http://v8.1c.ru/8.3/MDClasses	Extension	ObjectExtension	0	8.3.27
AccountingRegisterAttribute	http://v8.1c.ru/8.3/MDClasses	FillChecking	FillChecking	1	8.3.27
AccountingRegisterAttribute	http://v8.1c.ru/8.3/MDClasses	Format	LocalStringMapEntry	1	8.3.27
AccountingRegisterAttribute	http://v8.1c.ru/8.3/MDClasses	FullTextSearch	FullTextSearchUsing	1	8.3.27
AccountingRegisterAttribute	http://v8.1c.ru/8.3/MDClasses	Indexing	Indexing	1	8.3.27
AccountingRegisterAttribute	http://v8.1c.ru/8.3/MDClasses	LinkByType	TypeLink	1	8.3.27
AccountingRegisterAttribute	http://v8.1c.ru/8.3/MDClasses	MarkNegatives	EBoolean	1	8.3.27
AccountingRegisterAttribute	http://v8.1c.ru/8.3/MDClasses	Mask	EString	1	8.3.27
AccountingRegisterAttribute	http://v8.1c.ru/8.3/MDClasses	MaxValue	Value	1	8.3.27
AccountingRegisterAttribute	http://v8.1c.ru/8.3/MDClasses	MinValue	Value	1	8.3.27
AccountingRegisterAttribute	http://v8.1c.ru/8.3/MDClasses	MultiLine	EBoolean	1	8.3.27
AccountingRegisterAttribute	http://v8.1c.ru/8.3/MDClasses	Name	EString	1	8.3.27
AccountingRegisterAttribute	http://v8.1c.ru/8.3/MDClasses	ObjectBelonging	ObjectBelonging	1	8.3.27
AccountingRegisterAttribute	http://v8.1c.ru/8.3/MDClasses	PasswordMode	EBoolean	1	8.3.27
AccountingRegisterAttribute	http://v8.1c.ru/8.3/MDClasses	QuickChoice	UseQuickChoice	1	8.3.27
AccountingRegisterAttribute	http://v8.1c.ru/8.3/MDClasses	Synonym	LocalStringMapEntry	1	8.3.27
AccountingRegisterAttribute	http://v8.1c.ru/8.3/MDClasses	ToolTip	LocalStringMapEntry	1	8.3.27
AccountingRegisterAttribute	http://v8.1c.ru/8.3/MDClasses	Type	TypeDescription	1	8.3.27
AccountingRegisterAttribute	http://v8.1c.ru/8.3/MDClasses	Uuid	Uuid	0	8.3.27
AccountingRegisterCommand	http://v8.1c.ru/8.3/MDClasses	CommandParameterType	TypeDescription	1	8.3.27
AccountingRegisterCommand	http://v8.1c.ru/8.3/MDClasses	Comment	EString	1	8.3.27
AccountingRegisterCommand	http://v8.1c.ru/8.3/MDClasses	ExtendedConfigurationObject	Uuid	1	8.3.27
AccountingRegisterCommand	http://v8.1c.ru/8.3/MDClasses	Extension	ObjectExtension	0	8.3.27
AccountingRegisterCommand	http://v8.1c.ru/8.3/MDClasses	Group	CommandGroup	1	8.3.27
AccountingRegisterCommand	http://v8.1c.ru/8.3/MDClasses	ModifiesData	EBoolean	1	8.3.27
AccountingRegisterCommand	http://v8.1c.ru/8.3/MDClasses	Name	EString	1	8.3.27
AccountingRegisterCommand	http://v8.1c.ru/8.3/MDClasses	ObjectBelonging	ObjectBelonging	1	8.3.27
AccountingRegisterCommand	http://v8.1c.ru/8.3/MDClasses	OnMainServerUnavalableBehavior	OnMainServerUnavalableBehavior	1	8.3.27
AccountingRegisterCommand	http://v8.1c.ru/8.3/MDClasses	ParameterUseMode	CommandParameterUseMode	1	8.3.27
AccountingRegisterCommand	http://v8.1c.ru/8.3/MDClasses	Picture	Picture	1	8.3.27
AccountingRegisterCommand	http://v8.1c.ru/8.3/MDClasses	Representation	ButtonRepresentation	1	8.3.27
AccountingRegisterCommand	http://v8.1c.ru/8.3/MDClasses	Shortcut	Shortcut	1	8.3.27
AccountingRegisterCommand	http://v8.1c.ru/8.3/MDClasses	Synonym	LocalStringMapEntry	1	8.3.27
AccountingRegisterCommand	http://v8.1c.ru/8.3/MDClasses	ToolTip	LocalStringMapEntry	1	8.3.27
AccountingRegisterCommand	http://v8.1c.ru/8.3/MDClasses	Uuid	Uuid	0	8.3.27
AccountingRegisterDimension	http://v8.1c.ru/8.3/MDClasses	AccountingFlag	AccountingFlag	1	8.3.27
AccountingRegisterDimension	http://v8.1c.ru/8.3/MDClasses	Balance	EBoolean	1	8.3.27
AccountingRegisterDimension	http://v8.1c.ru/8.3/MDClasses	ChoiceFoldersAndItems	FoldersAndItemsUse	1	8.3.27
AccountingRegisterDimension	http://v8.1c.ru/8.3/MDClasses	ChoiceForm	BasicForm	1	8.3.27
AccountingRegisterDimension	http://v8.1c.ru/8.3/MDClasses	ChoiceHistoryOnInput	ChoiceHistoryOnInput	1	8.3.27
AccountingRegisterDimension	http://v8.1c.ru/8.3/MDClasses	ChoiceParameterLinks	ChoiceParameterLink	1	8.3.27
AccountingRegisterDimension	http://v8.1c.ru/8.3/MDClasses	ChoiceParameters	ChoiceParameter	1	8.3.27
AccountingRegisterDimension	http://v8.1c.ru/8.3/MDClasses	Comment	EString	1	8.3.27
AccountingRegisterDimension	http://v8.1c.ru/8.3/MDClasses	CreateOnInput	CreateOnInput	1	8.3.27
AccountingRegisterDimension	http://v8.1c.ru/8.3/MDClasses	DenyIncompleteValues	EBoolean	1	8.3.27
AccountingRegisterDimension	http://v8.1c.ru/8.3/MDClasses	EditFormat	LocalStringMapEntry	1	8.3.27
AccountingRegisterDimension	http://v8.1c.ru/8.3/MDClasses	ExtendedConfigurationObject	Uuid	1	8.3.27
AccountingRegisterDimension	http://v8.1c.ru/8.3/MDClasses	ExtendedEdit	EBoolean	1	8.3.27
AccountingRegisterDimension	http://v8.1c.ru/8.3/MDClasses	Extension	ObjectExtension	0	8.3.27
AccountingRegisterDimension	http://v8.1c.ru/8.3/MDClasses	FillChecking	FillChecking	1	8.3.27
AccountingRegisterDimension	http://v8.1c.ru/8.3/MDClasses	Format	LocalStringMapEntry	1	8.3.27
AccountingRegisterDimension	http://v8.1c.ru/8.3/MDClasses	FullTextSearch	FullTextSearchUsing	1	8.3.27
AccountingRegisterDimension	http://v8.1c.ru/8.3/MDClasses	Indexing	Indexing	1	8.3.27
AccountingRegisterDimension	http://v8.1c.ru/8.3/MDClasses	LinkByType	TypeLink	1	8.3.27
AccountingRegisterDimension	http://v8.1c.ru/8.3/MDClasses	MarkNegatives	EBoolean	1	8.3.27
AccountingRegisterDimension	http://v8.1c.ru/8.3/MDClasses	Mask	EString	1	8.3.27
AccountingRegisterDimension	http://v8.1c.ru/8.3/MDClasses	MaxValue	Value	1	8.3.27
AccountingRegisterDimension	http://v8.1c.ru/8.3/MDClasses	MinValue	Value	1	8.3.27
AccountingRegisterDimension	http://v8.1c.ru/8.3/MDClasses	MultiLine	EBoolean	1	8.3.27
AccountingRegisterDimension	http://v8.1c.ru/8.3/MDClasses	Name	EString	1	8.3.27
AccountingRegisterDimension	http://v8.1c.ru/8.3/MDClasses	ObjectBelonging	ObjectBelonging	1	8.3.27
AccountingRegisterDimension	http://v8.1c.ru/8.3/MDClasses	PasswordMode	EBoolean	1	8.3.27
AccountingRegisterDimension	http://v8.1c.ru/8.3/MDClasses	QuickChoice	UseQuickChoice	1	8.3.27
AccountingRegisterDimension	http://v8.1c.ru/8.3/MDClasses	Synonym	LocalStringMapEntry	1	8.3.27
AccountingRegisterDimension	http://v8.1c.ru/8.3/MDClasses	ToolTip	LocalStringMapEntry	1	8.3.27
AccountingRegisterDimension	http://v8.1c.ru/8.3/MDClasses	Type	TypeDescription	1	8.3.27
AccountingRegisterDimension	http://v8.1c.ru/8.3/MDClasses	Uuid	Uuid	0	8.3.27
AccountingRegisterForm	http://v8.1c.ru/8.3/MDClasses	Comment	EString	1	8.3.27
AccountingRegisterForm	http://v8.1c.ru/8.3/MDClasses	ExtendedConfigurationObject	Uuid	1	8.3.27
AccountingRegisterForm	http://v8.1c.ru/8.3/MDClasses	Extension	ObjectExtension	0	8.3.27
AccountingRegisterForm	http://v8.1c.ru/8.3/MDClasses	FormType	FormType	1	8.3.27
AccountingRegisterForm	http://v8.1c.ru/8.3/MDClasses	Help	Help	1	8.3.27
AccountingRegisterForm	http://v8.1c.ru/8.3/MDClasses	IncludeHelpInContents	EBoolean	1	8.3.27
AccountingRegisterForm	http://v8.1c.ru/8.3/MDClasses	Name	EString	1	8.3.27
AccountingRegisterForm	http://v8.1c.ru/8.3/MDClasses	ObjectBelonging	ObjectBelonging	1	8.3.27
AccountingRegisterForm	http://v8.1c.ru/8.3/MDClasses	Synonym	LocalStringMapEntry	1	8.3.27
AccountingRegisterForm	http://v8.1c.ru/8.3/MDClasses	UseInInterfaceCompatibilityMode	FormPreferableInterface	1	8.5.1
AccountingRegisterForm	http://v8.1c.ru/8.3/MDClasses	UsePurposes	ApplicationUsePurpose	1	8.3.27
AccountingRegisterForm	http://v8.1c.ru/8.3/MDClasses	Uuid	Uuid	0	8.3.27
AccountingRegisterResource	http://v8.1c.ru/8.3/MDClasses	AccountingFlag	AccountingFlag	1	8.3.27
AccountingRegisterResource	http://v8.1c.ru/8.3/MDClasses	Balance	EBoolean	1	8.3.27
AccountingRegisterResource	http://v8.1c.ru/8.3/MDClasses	ChoiceFoldersAndItems	FoldersAndItemsUse	1	8.3.27
AccountingRegisterResource	http://v8.1c.ru/8.3/MDClasses	ChoiceForm	BasicForm	1	8.3.27
AccountingRegisterResource	http://v8.1c.ru/8.3/MDClasses	ChoiceHistoryOnInput	ChoiceHistoryOnInput	1	8.3.27
AccountingRegisterResource	http://v8.1c.ru/8.3/MDClasses	ChoiceParameterLinks	ChoiceParameterLink	1	8.3.27
AccountingRegisterResource	http://v8.1c.ru/8.3/MDClasses	ChoiceParameters	ChoiceParameter	1	8.3.27
AccountingRegisterResource	http://v8.1c.ru/8.3/MDClasses	Comment	EString	1	8.3.27
AccountingRegisterResource	http://v8.1c.ru/8.3/MDClasses	CreateOnInput	CreateOnInput	1	8.3.27
AccountingRegisterResource	http://v8.1c.ru/8.3/MDClasses	EditFormat	LocalStringMapEntry	1	8.3.27
AccountingRegisterResource	http://v8.1c.ru/8.3/MDClasses	ExtDimensionAccountingFlag	ExtDimensionAccountingFlag	1	8.3.27
AccountingRegisterResource	http://v8.1c.ru/8.3/MDClasses	ExtendedConfigurationObject	Uuid	1	8.3.27
AccountingRegisterResource	http://v8.1c.ru/8.3/MDClasses	ExtendedEdit	EBoolean	1	8.3.27
AccountingRegisterResource	http://v8.1c.ru/8.3/MDClasses	Extension	ObjectExtension	0	8.3.27
AccountingRegisterResource	http://v8.1c.ru/8.3/MDClasses	FillChecking	FillChecking	1	8.3.27
AccountingRegisterResource	http://v8.1c.ru/8.3/MDClasses	Format	LocalStringMapEntry	1	8.3.27
AccountingRegisterResource	http://v8.1c.ru/8.3/MDClasses	FullTextSearch	FullTextSearchUsing	1	8.3.27
AccountingRegisterResource	http://v8.1c.ru/8.3/MDClasses	LinkByType	TypeLink	1	8.3.27
AccountingRegisterResource	http://v8.1c.ru/8.3/MDClasses	MarkNegatives	EBoolean	1	8.3.27
AccountingRegisterResource	http://v8.1c.ru/8.3/MDClasses	Mask	EString	1	8.3.27
AccountingRegisterResource	http://v8.1c.ru/8.3/MDClasses	MaxValue	Value	1	8.3.27
AccountingRegisterResource	http://v8.1c.ru/8.3/MDClasses	MinValue	Value	1	8.3.27
AccountingRegisterResource	http://v8.1c.ru/8.3/MDClasses	MultiLine	EBoolean	1	8.3.27
AccountingRegisterResource	http://v8.1c.ru/8.3/MDClasses	Name	EString	1	8.3.27
AccountingRegisterResource	http://v8.1c.ru/8.3/MDClasses	ObjectBelonging	ObjectBelonging	1	8.3.27
AccountingRegisterResource	http://v8.1c.ru/8.3/MDClasses	PasswordMode	EBoolean	1	8.3.27
AccountingRegisterResource	http://v8.1c.ru/8.3/MDClasses	QuickChoice	UseQuickChoice	1	8.3.27
AccountingRegisterResource	http://v8.1c.ru/8.3/MDClasses	Synonym	LocalStringMapEntry	1	8.3.27
AccountingRegisterResource	http://v8.1c.ru/8.3/MDClasses	ToolTip	LocalStringMapEntry	1	8.3.27
AccountingRegisterResource	http://v8.1c.ru/8.3/MDClasses	Type	TypeDescription	1	8.3.27
AccountingRegisterResource	http://v8.1c.ru/8.3/MDClasses	Uuid	Uuid	0	8.3.27
AccumulationRegister	http://v8.1c.ru/8.3/MDClasses	Aggregates	AbstractAggregates	1	8.3.27
AccumulationRegister	http://v8.1c.ru/8.3/MDClasses	Attribute	AccumulationRegisterAttribute	0	8.3.27
AccumulationRegister	http://v8.1c.ru/8.3/MDClasses	AuxiliaryListForm	AccumulationRegisterForm	1	8.3.27
AccumulationRegister	http://v8.1c.ru/8.3/MDClasses	Command	AccumulationRegisterCommand	0	8.3.27
AccumulationRegister	http://v8.1c.ru/8.3/MDClasses	Comment	EString	1	8.3.27
AccumulationRegister	http://v8.1c.ru/8.3/MDClasses	DataLockControlMode	DefaultDataLockControlMode	1	8.3.27
AccumulationRegister	http://v8.1c.ru/8.3/MDClasses	DefaultListForm	AccumulationRegisterForm	1	8.3.27
AccumulationRegister	http://v8.1c.ru/8.3/MDClasses	Dimension	AccumulationRegisterDimension	0	8.3.27
AccumulationRegister	http://v8.1c.ru/8.3/MDClasses	EnableTotalsSplitting	EBoolean	1	8.3.27
AccumulationRegister	http://v8.1c.ru/8.3/MDClasses	Explanation	LocalStringMapEntry	1	8.3.27
AccumulationRegister	http://v8.1c.ru/8.3/MDClasses	ExtendedConfigurationObject	Uuid	1	8.3.27
AccumulationRegister	http://v8.1c.ru/8.3/MDClasses	ExtendedListPresentation	LocalStringMapEntry	1	8.3.27
AccumulationRegister	http://v8.1c.ru/8.3/MDClasses	Extension	ObjectExtension	0	8.3.27
AccumulationRegister	http://v8.1c.ru/8.3/MDClasses	Form	AccumulationRegisterForm	0	8.3.27
AccumulationRegister	http://v8.1c.ru/8.3/MDClasses	FullTextSearch	FullTextSearchUsing	1	8.3.27
AccumulationRegister	http://v8.1c.ru/8.3/MDClasses	Help	Help	1	8.3.27
AccumulationRegister	http://v8.1c.ru/8.3/MDClasses	IncludeHelpInContents	EBoolean	1	8.3.27
AccumulationRegister	http://v8.1c.ru/8.3/MDClasses	ListPresentation	LocalStringMapEntry	1	8.3.27
AccumulationRegister	http://v8.1c.ru/8.3/MDClasses	Name	EString	1	8.3.27
AccumulationRegister	http://v8.1c.ru/8.3/MDClasses	ObjectBelonging	ObjectBelonging	1	8.3.27
AccumulationRegister	http://v8.1c.ru/8.3/MDClasses	ProducedTypes	AccumulationRegisterTypes	0	8.3.27
AccumulationRegister	http://v8.1c.ru/8.3/MDClasses	RegisterType	AccumulationRegisterType	1	8.3.27
AccumulationRegister	http://v8.1c.ru/8.3/MDClasses	Resource	AccumulationRegisterResource	0	8.3.27
AccumulationRegister	http://v8.1c.ru/8.3/MDClasses	StandardAttributes	StandardAttribute	1	8.3.27
AccumulationRegister	http://v8.1c.ru/8.3/MDClasses	Synonym	LocalStringMapEntry	1	8.3.27
AccumulationRegister	http://v8.1c.ru/8.3/MDClasses	Template	Template	0	8.3.27
AccumulationRegister	http://v8.1c.ru/8.3/MDClasses	UseStandardCommands	EBoolean	1	8.3.27
AccumulationRegister	http://v8.1c.ru/8.3/MDClasses	Uuid	Uuid	0	8.3.27
AccumulationRegisterAttribute	http://v8.1c.ru/8.3/MDClasses	BinaryDataStorageLocationUse	BinaryDataStorageLocationUse	1	8.3.27
AccumulationRegisterAttribute	http://v8.1c.ru/8.3/MDClasses	BinaryDataStorageLocationUseField	MdObject	1	8.3.27
AccumulationRegisterAttribute	http://v8.1c.ru/8.3/MDClasses	ChoiceFoldersAndItems	FoldersAndItemsUse	1	8.3.27
AccumulationRegisterAttribute	http://v8.1c.ru/8.3/MDClasses	ChoiceForm	BasicForm	1	8.3.27
AccumulationRegisterAttribute	http://v8.1c.ru/8.3/MDClasses	ChoiceHistoryOnInput	ChoiceHistoryOnInput	1	8.3.27
AccumulationRegisterAttribute	http://v8.1c.ru/8.3/MDClasses	ChoiceParameterLinks	ChoiceParameterLink	1	8.3.27
AccumulationRegisterAttribute	http://v8.1c.ru/8.3/MDClasses	ChoiceParameters	ChoiceParameter	1	8.3.27
AccumulationRegisterAttribute	http://v8.1c.ru/8.3/MDClasses	Comment	EString	1	8.3.27
AccumulationRegisterAttribute	http://v8.1c.ru/8.3/MDClasses	CreateOnInput	CreateOnInput	1	8.3.27
AccumulationRegisterAttribute	http://v8.1c.ru/8.3/MDClasses	EditFormat	LocalStringMapEntry	1	8.3.27
AccumulationRegisterAttribute	http://v8.1c.ru/8.3/MDClasses	ExtendedConfigurationObject	Uuid	1	8.3.27
AccumulationRegisterAttribute	http://v8.1c.ru/8.3/MDClasses	ExtendedEdit	EBoolean	1	8.3.27
AccumulationRegisterAttribute	http://v8.1c.ru/8.3/MDClasses	Extension	ObjectExtension	0	8.3.27
AccumulationRegisterAttribute	http://v8.1c.ru/8.3/MDClasses	FillChecking	FillChecking	1	8.3.27
AccumulationRegisterAttribute	http://v8.1c.ru/8.3/MDClasses	Format	LocalStringMapEntry	1	8.3.27
AccumulationRegisterAttribute	http://v8.1c.ru/8.3/MDClasses	FullTextSearch	FullTextSearchUsing	1	8.3.27
AccumulationRegisterAttribute	http://v8.1c.ru/8.3/MDClasses	Indexing	Indexing	1	8.3.27
AccumulationRegisterAttribute	http://v8.1c.ru/8.3/MDClasses	LinkByType	TypeLink	1	8.3.27
AccumulationRegisterAttribute	http://v8.1c.ru/8.3/MDClasses	MarkNegatives	EBoolean	1	8.3.27
AccumulationRegisterAttribute	http://v8.1c.ru/8.3/MDClasses	Mask	EString	1	8.3.27
AccumulationRegisterAttribute	http://v8.1c.ru/8.3/MDClasses	MaxValue	Value	1	8.3.27
AccumulationRegisterAttribute	http://v8.1c.ru/8.3/MDClasses	MinValue	Value	1	8.3.27
AccumulationRegisterAttribute	http://v8.1c.ru/8.3/MDClasses	MultiLine	EBoolean	1	8.3.27
AccumulationRegisterAttribute	http://v8.1c.ru/8.3/MDClasses	Name	EString	1	8.3.27
AccumulationRegisterAttribute	http://v8.1c.ru/8.3/MDClasses	ObjectBelonging	ObjectBelonging	1	8.3.27
AccumulationRegisterAttribute	http://v8.1c.ru/8.3/MDClasses	PasswordMode	EBoolean	1	8.3.27
AccumulationRegisterAttribute	http://v8.1c.ru/8.3/MDClasses	QuickChoice	UseQuickChoice	1	8.3.27
AccumulationRegisterAttribute	http://v8.1c.ru/8.3/MDClasses	Synonym	LocalStringMapEntry	1	8.3.27
AccumulationRegisterAttribute	http://v8.1c.ru/8.3/MDClasses	ToolTip	LocalStringMapEntry	1	8.3.27
AccumulationRegisterAttribute	http://v8.1c.ru/8.3/MDClasses	Type	TypeDescription	1	8.3.27
AccumulationRegisterAttribute	http://v8.1c.ru/8.3/MDClasses	Uuid	Uuid	0	8.3.27
AccumulationRegisterCommand	http://v8.1c.ru/8.3/MDClasses	CommandParameterType	TypeDescription	1	8.3.27
AccumulationRegisterCommand	http://v8.1c.ru/8.3/MDClasses	Comment	EString	1	8.3.27
AccumulationRegisterCommand	http://v8.1c.ru/8.3/MDClasses	ExtendedConfigurationObject	Uuid	1	8.3.27
AccumulationRegisterCommand	http://v8.1c.ru/8.3/MDClasses	Extension	ObjectExtension	0	8.3.27
AccumulationRegisterCommand	http://v8.1c.ru/8.3/MDClasses	Group	CommandGroup	1	8.3.27
AccumulationRegisterCommand	http://v8.1c.ru/8.3/MDClasses	ModifiesData	EBoolean	1	8.3.27
AccumulationRegisterCommand	http://v8.1c.ru/8.3/MDClasses	Name	EString	1	8.3.27
AccumulationRegisterCommand	http://v8.1c.ru/8.3/MDClasses	ObjectBelonging	ObjectBelonging	1	8.3.27
AccumulationRegisterCommand	http://v8.1c.ru/8.3/MDClasses	OnMainServerUnavalableBehavior	OnMainServerUnavalableBehavior	1	8.3.27
AccumulationRegisterCommand	http://v8.1c.ru/8.3/MDClasses	ParameterUseMode	CommandParameterUseMode	1	8.3.27
AccumulationRegisterCommand	http://v8.1c.ru/8.3/MDClasses	Picture	Picture	1	8.3.27
AccumulationRegisterCommand	http://v8.1c.ru/8.3/MDClasses	Representation	ButtonRepresentation	1	8.3.27
AccumulationRegisterCommand	http://v8.1c.ru/8.3/MDClasses	Shortcut	Shortcut	1	8.3.27
AccumulationRegisterCommand	http://v8.1c.ru/8.3/MDClasses	Synonym	LocalStringMapEntry	1	8.3.27
AccumulationRegisterCommand	http://v8.1c.ru/8.3/MDClasses	ToolTip	LocalStringMapEntry	1	8.3.27
AccumulationRegisterCommand	http://v8.1c.ru/8.3/MDClasses	Uuid	Uuid	0	8.3.27
AccumulationRegisterDimension	http://v8.1c.ru/8.3/MDClasses	ChoiceFoldersAndItems	FoldersAndItemsUse	1	8.3.27
AccumulationRegisterDimension	http://v8.1c.ru/8.3/MDClasses	ChoiceForm	BasicForm	1	8.3.27
AccumulationRegisterDimension	http://v8.1c.ru/8.3/MDClasses	ChoiceHistoryOnInput	ChoiceHistoryOnInput	1	8.3.27
AccumulationRegisterDimension	http://v8.1c.ru/8.3/MDClasses	ChoiceParameterLinks	ChoiceParameterLink	1	8.3.27
AccumulationRegisterDimension	http://v8.1c.ru/8.3/MDClasses	ChoiceParameters	ChoiceParameter	1	8.3.27
AccumulationRegisterDimension	http://v8.1c.ru/8.3/MDClasses	Comment	EString	1	8.3.27
AccumulationRegisterDimension	http://v8.1c.ru/8.3/MDClasses	CreateOnInput	CreateOnInput	1	8.3.27
AccumulationRegisterDimension	http://v8.1c.ru/8.3/MDClasses	DenyIncompleteValues	EBoolean	1	8.3.27
AccumulationRegisterDimension	http://v8.1c.ru/8.3/MDClasses	EditFormat	LocalStringMapEntry	1	8.3.27
AccumulationRegisterDimension	http://v8.1c.ru/8.3/MDClasses	ExtendedConfigurationObject	Uuid	1	8.3.27
AccumulationRegisterDimension	http://v8.1c.ru/8.3/MDClasses	ExtendedEdit	EBoolean	1	8.3.27
AccumulationRegisterDimension	http://v8.1c.ru/8.3/MDClasses	Extension	ObjectExtension	0	8.3.27
AccumulationRegisterDimension	http://v8.1c.ru/8.3/MDClasses	FillChecking	FillChecking	1	8.3.27
AccumulationRegisterDimension	http://v8.1c.ru/8.3/MDClasses	Format	LocalStringMapEntry	1	8.3.27
AccumulationRegisterDimension	http://v8.1c.ru/8.3/MDClasses	FullTextSearch	FullTextSearchUsing	1	8.3.27
AccumulationRegisterDimension	http://v8.1c.ru/8.3/MDClasses	Indexing	Indexing	1	8.3.27
AccumulationRegisterDimension	http://v8.1c.ru/8.3/MDClasses	LinkByType	TypeLink	1	8.3.27
AccumulationRegisterDimension	http://v8.1c.ru/8.3/MDClasses	MarkNegatives	EBoolean	1	8.3.27
AccumulationRegisterDimension	http://v8.1c.ru/8.3/MDClasses	Mask	EString	1	8.3.27
AccumulationRegisterDimension	http://v8.1c.ru/8.3/MDClasses	MaxValue	Value	1	8.3.27
AccumulationRegisterDimension	http://v8.1c.ru/8.3/MDClasses	MinValue	Value	1	8.3.27
AccumulationRegisterDimension	http://v8.1c.ru/8.3/MDClasses	MultiLine	EBoolean	1	8.3.27
AccumulationRegisterDimension	http://v8.1c.ru/8.3/MDClasses	Name	EString	1	8.3.27
AccumulationRegisterDimension	http://v8.1c.ru/8.3/MDClasses	ObjectBelonging	ObjectBelonging	1	8.3.27
AccumulationRegisterDimension	http://v8.1c.ru/8.3/MDClasses	PasswordMode	EBoolean	1	8.3.27
AccumulationRegisterDimension	http://v8.1c.ru/8.3/MDClasses	QuickChoice	UseQuickChoice	1	8.3.27
AccumulationRegisterDimension	http://v8.1c.ru/8.3/MDClasses	Synonym	LocalStringMapEntry	1	8.3.27
AccumulationRegisterDimension	http://v8.1c.ru/8.3/MDClasses	ToolTip	LocalStringMapEntry	1	8.3.27
AccumulationRegisterDimension	http://v8.1c.ru/8.3/MDClasses	Type	TypeDescription	1	8.3.27
AccumulationRegisterDimension	http://v8.1c.ru/8.3/MDClasses	UseInTotals	EBoolean	1	8.3.27
AccumulationRegisterDimension	http://v8.1c.ru/8.3/MDClasses	Uuid	Uuid	0	8.3.27
AccumulationRegisterForm	http://v8.1c.ru/8.3/MDClasses	Comment	EString	1	8.3.27
AccumulationRegisterForm	http://v8.1c.ru/8.3/MDClasses	ExtendedConfigurationObject	Uuid	1	8.3.27
AccumulationRegisterForm	http://v8.1c.ru/8.3/MDClasses	Extension	ObjectExtension	0	8.3.27
AccumulationRegisterForm	http://v8.1c.ru/8.3/MDClasses	FormType	FormType	1	8.3.27
AccumulationRegisterForm	http://v8.1c.ru/8.3/MDClasses	Help	Help	1	8.3.27
AccumulationRegisterForm	http://v8.1c.ru/8.3/MDClasses	IncludeHelpInContents	EBoolean	1	8.3.27
AccumulationRegisterForm	http://v8.1c.ru/8.3/MDClasses	Name	EString	1	8.3.27
AccumulationRegisterForm	http://v8.1c.ru/8.3/MDClasses	ObjectBelonging	ObjectBelonging	1	8.3.27
AccumulationRegisterForm	http://v8.1c.ru/8.3/MDClasses	Synonym	LocalStringMapEntry	1	8.3.27
AccumulationRegisterForm	http://v8.1c.ru/8.3/MDClasses	UseInInterfaceCompatibilityMode	FormPreferableInterface	1	8.5.1
AccumulationRegisterForm	http://v8.1c.ru/8.3/MDClasses	UsePurposes	ApplicationUsePurpose	1	8.3.27
AccumulationRegisterForm	http://v8.1c.ru/8.3/MDClasses	Uuid	Uuid	0	8.3.27
AccumulationRegisterResource	http://v8.1c.ru/8.3/MDClasses	ChoiceFoldersAndItems	FoldersAndItemsUse	1	8.3.27
AccumulationRegisterResource	http://v8.1c.ru/8.3/MDClasses	ChoiceForm	BasicForm	1	8.3.27
AccumulationRegisterResource	http://v8.1c.ru/8.3/MDClasses	ChoiceHistoryOnInput	ChoiceHistoryOnInput	1	8.3.27
AccumulationRegisterResource	http://v8.1c.ru/8.3/MDClasses	ChoiceParameterLinks	ChoiceParameterLink	1	8.3.27
AccumulationRegisterResource	http://v8.1c.ru/8.3/MDClasses	ChoiceParameters	ChoiceParameter	1	8.3.27
AccumulationRegisterResource	http://v8.1c.ru/8.3/MDClasses	Comment	EString	1	8.3.27
AccumulationRegisterResource	http://v8.1c.ru/8.3/MDClasses	CreateOnInput	CreateOnInput	1	8.3.27
AccumulationRegisterResource	http://v8.1c.ru/8.3/MDClasses	EditFormat	LocalStringMapEntry	1	8.3.27
AccumulationRegisterResource	http://v8.1c.ru/8.3/MDClasses	ExtendedConfigurationObject	Uuid	1	8.3.27
AccumulationRegisterResource	http://v8.1c.ru/8.3/MDClasses	ExtendedEdit	EBoolean	1	8.3.27
AccumulationRegisterResource	http://v8.1c.ru/8.3/MDClasses	Extension	ObjectExtension	0	8.3.27
AccumulationRegisterResource	http://v8.1c.ru/8.3/MDClasses	FillChecking	FillChecking	1	8.3.27
AccumulationRegisterResource	http://v8.1c.ru/8.3/MDClasses	Format	LocalStringMapEntry	1	8.3.27
AccumulationRegisterResource	http://v8.1c.ru/8.3/MDClasses	FullTextSearch	FullTextSearchUsing	1	8.3.27
AccumulationRegisterResource	http://v8.1c.ru/8.3/MDClasses	LinkByType	TypeLink	1	8.3.27
AccumulationRegisterResource	http://v8.1c.ru/8.3/MDClasses	MarkNegatives	EBoolean	1	8.3.27
AccumulationRegisterResource	http://v8.1c.ru/8.3/MDClasses	Mask	EString	1	8.3.27
AccumulationRegisterResource	http://v8.1c.ru/8.3/MDClasses	MaxValue	Value	1	8.3.27
AccumulationRegisterResource	http://v8.1c.ru/8.3/MDClasses	MinValue	Value	1	8.3.27
AccumulationRegisterResource	http://v8.1c.ru/8.3/MDClasses	MultiLine	EBoolean	1	8.3.27
AccumulationRegisterResource	http://v8.1c.ru/8.3/MDClasses	Name	EString	1	8.3.27
AccumulationRegisterResource	http://v8.1c.ru/8.3/MDClasses	ObjectBelonging	ObjectBelonging	1	8.3.27
AccumulationRegisterResource	http://v8.1c.ru/8.3/MDClasses	PasswordMode	EBoolean	1	8.3.27
AccumulationRegisterResource	http://v8.1c.ru/8.3/MDClasses	QuickChoice	UseQuickChoice	1	8.3.27
AccumulationRegisterResource	http://v8.1c.ru/8.3/MDClasses	Synonym	LocalStringMapEntry	1	8.3.27
AccumulationRegisterResource	http://v8.1c.ru/8.3/MDClasses	ToolTip	LocalStringMapEntry	1	8.3.27
AccumulationRegisterResource	http://v8.1c.ru/8.3/MDClasses	Type	TypeDescription	1	8.3.27
AccumulationRegisterResource	http://v8.1c.ru/8.3/MDClasses	Uuid	Uuid	0	8.3.27
AddressingAttribute	http://v8.1c.ru/8.3/MDClasses	AddressingDimension	InformationRegisterDimension	1	8.3.27
AddressingAttribute	http://v8.1c.ru/8.3/MDClasses	ChoiceFoldersAndItems	FoldersAndItemsUse	1	8.3.27
AddressingAttribute	http://v8.1c.ru/8.3/MDClasses	ChoiceForm	BasicForm	1	8.3.27
AddressingAttribute	http://v8.1c.ru/8.3/MDClasses	ChoiceHistoryOnInput	ChoiceHistoryOnInput	1	8.3.27
AddressingAttribute	http://v8.1c.ru/8.3/MDClasses	ChoiceParameterLinks	ChoiceParameterLink	1	8.3.27
AddressingAttribute	http://v8.1c.ru/8.3/MDClasses	ChoiceParameters	ChoiceParameter	1	8.3.27
AddressingAttribute	http://v8.1c.ru/8.3/MDClasses	Comment	EString	1	8.3.27
AddressingAttribute	http://v8.1c.ru/8.3/MDClasses	CreateOnInput	CreateOnInput	1	8.3.27
AddressingAttribute	http://v8.1c.ru/8.3/MDClasses	DataHistory	DataHistoryUse	1	8.3.27
AddressingAttribute	http://v8.1c.ru/8.3/MDClasses	EditFormat	LocalStringMapEntry	1	8.3.27
AddressingAttribute	http://v8.1c.ru/8.3/MDClasses	ExtendedConfigurationObject	Uuid	1	8.3.27
AddressingAttribute	http://v8.1c.ru/8.3/MDClasses	ExtendedEdit	EBoolean	1	8.3.27
AddressingAttribute	http://v8.1c.ru/8.3/MDClasses	Extension	ObjectExtension	0	8.3.27
AddressingAttribute	http://v8.1c.ru/8.3/MDClasses	FillChecking	FillChecking	1	8.3.27
AddressingAttribute	http://v8.1c.ru/8.3/MDClasses	FillFromFillingValue	EBoolean	1	8.3.27
AddressingAttribute	http://v8.1c.ru/8.3/MDClasses	FillValue	Value	1	8.3.27
AddressingAttribute	http://v8.1c.ru/8.3/MDClasses	Format	LocalStringMapEntry	1	8.3.27
AddressingAttribute	http://v8.1c.ru/8.3/MDClasses	FullTextSearch	FullTextSearchUsing	1	8.3.27
AddressingAttribute	http://v8.1c.ru/8.3/MDClasses	Indexing	Indexing	1	8.3.27
AddressingAttribute	http://v8.1c.ru/8.3/MDClasses	LinkByType	TypeLink	1	8.3.27
AddressingAttribute	http://v8.1c.ru/8.3/MDClasses	MarkNegatives	EBoolean	1	8.3.27
AddressingAttribute	http://v8.1c.ru/8.3/MDClasses	Mask	EString	1	8.3.27
AddressingAttribute	http://v8.1c.ru/8.3/MDClasses	MaxValue	Value	1	8.3.27
AddressingAttribute	http://v8.1c.ru/8.3/MDClasses	MinValue	Value	1	8.3.27
AddressingAttribute	http://v8.1c.ru/8.3/MDClasses	MultiLine	EBoolean	1	8.3.27
AddressingAttribute	http://v8.1c.ru/8.3/MDClasses	Name	EString	1	8.3.27
AddressingAttribute	http://v8.1c.ru/8.3/MDClasses	ObjectBelonging	ObjectBelonging	1	8.3.27
AddressingAttribute	http://v8.1c.ru/8.3/MDClasses	PasswordMode	EBoolean	1	8.3.27
AddressingAttribute	http://v8.1c.ru/8.3/MDClasses	QuickChoice	UseQuickChoice	1	8.3.27
AddressingAttribute	http://v8.1c.ru/8.3/MDClasses	Synonym	LocalStringMapEntry	1	8.3.27
AddressingAttribute	http://v8.1c.ru/8.3/MDClasses	ToolTip	LocalStringMapEntry	1	8.3.27
AddressingAttribute	http://v8.1c.ru/8.3/MDClasses	Type	TypeDescription	1	8.3.27
AddressingAttribute	http://v8.1c.ru/8.3/MDClasses	Uuid	Uuid	0	8.3.27
AdjustableBoolean	http://v8.1c.ru/8.3/MDClasses	Common	EBoolean	0	8.3.27
AdjustableBoolean	http://v8.1c.ru/8.3/MDClasses	For	ForRoleType	0	8.3.27
AllowedIncomingShareRequestType		Ext	EString	0	8.3.27
AllowedIncomingShareRequestType		IsCustom	EBoolean	0	8.3.27
AllowedIncomingShareRequestType		Mime	EString	0	8.3.27
AllowedIncomingShareRequestType		ProcessingVariant	AllowedIncomingShareRequestTypeProcessingVariant	0	8.3.27
AllowedIncomingShareRequestType		Uti	EString	0	8.3.27
AutoColor		Blue	EInt	0	8.3.27
AutoColor		Green	EInt	0	8.3.27
AutoColor		Red	EInt	0	8.3.27
AutoFont		Bold	EBoolean	0	8.3.27
AutoFont		FaceName	EString	0	8.3.27
AutoFont		Height	EFloat	0	8.3.27
AutoFont		Italic	EBoolean	0	8.3.27
AutoFont		Scale	EInt	0	8.3.27
AutoFont		Strikeout	EBoolean	0	8.3.27
AutoFont		Underline	EBoolean	0	8.3.27
BasicMobileClientSign	http://v8.1c.ru/8.3/MDClasses	Digest	EString	0	8.3.27
BasicMobileClientSign	http://v8.1c.ru/8.3/MDClasses	PublicKey	EString	0	8.3.27
BinaryQualifiers		Fixed	EBoolean	0	8.3.27
BinaryQualifiers		Length	EInt	0	8.3.27
BinaryValue		Value	EString	0	8.3.27
BooleanValue		Value	EBoolean	0	8.3.27
BorderDef		Style	BorderStyle	0	8.3.27
BorderDef		Width	EInt	0	8.3.27
BorderRef		Border	Border	0	8.3.27
BorderValue		Value	Border	0	8.3.27
Bot	http://v8.1c.ru/8.3/MDClasses	Comment	EString	1	8.3.27
Bot	http://v8.1c.ru/8.3/MDClasses	ExtendedConfigurationObject	Uuid	1	8.3.27
Bot	http://v8.1c.ru/8.3/MDClasses	Extension	ObjectExtension	0	8.3.27
Bot	http://v8.1c.ru/8.3/MDClasses	Name	EString	1	8.3.27
Bot	http://v8.1c.ru/8.3/MDClasses	ObjectBelonging	ObjectBelonging	1	8.3.27
Bot	http://v8.1c.ru/8.3/MDClasses	Picture	Picture	1	8.3.27
Bot	http://v8.1c.ru/8.3/MDClasses	Predefined	EBoolean	1	8.3.27
Bot	http://v8.1c.ru/8.3/MDClasses	Synonym	LocalStringMapEntry	1	8.3.27
Bot	http://v8.1c.ru/8.3/MDClasses	Uuid	Uuid	0	8.3.27
BusinessProcess	http://v8.1c.ru/8.3/MDClasses	Attribute	BusinessProcessAttribute	0	8.3.27
BusinessProcess	http://v8.1c.ru/8.3/MDClasses	Autonumbering	EBoolean	1	8.3.27
BusinessProcess	http://v8.1c.ru/8.3/MDClasses	AuxiliaryChoiceForm	BusinessProcessForm	1	8.3.27
BusinessProcess	http://v8.1c.ru/8.3/MDClasses	AuxiliaryListForm	BusinessProcessForm	1	8.3.27
BusinessProcess	http://v8.1c.ru/8.3/MDClasses	AuxiliaryObjectForm	BusinessProcessForm	1	8.3.27
BusinessProcess	http://v8.1c.ru/8.3/MDClasses	BasedOn	MdObject	1	8.3.27
BusinessProcess	http://v8.1c.ru/8.3/MDClasses	Characteristics	CharacteristicsDescription	1	8.3.27
BusinessProcess	http://v8.1c.ru/8.3/MDClasses	CheckUnique	EBoolean	1	8.3.27
BusinessProcess	http://v8.1c.ru/8.3/MDClasses	ChoiceDataGetModeOnInputByString	ChoiceDataGetModeOnInputByString	1	8.3.27
BusinessProcess	http://v8.1c.ru/8.3/MDClasses	ChoiceHistoryOnInput	ChoiceHistoryOnInput	1	8.3.27
BusinessProcess	http://v8.1c.ru/8.3/MDClasses	Command	BusinessProcessCommand	0	8.3.27
BusinessProcess	http://v8.1c.ru/8.3/MDClasses	Comment	EString	1	8.3.27
BusinessProcess	http://v8.1c.ru/8.3/MDClasses	CreateOnInput	CreateOnInput	1	8.3.27
BusinessProcess	http://v8.1c.ru/8.3/MDClasses	CreateTaskInPrivilegedMode	EBoolean	1	8.3.27
BusinessProcess	http://v8.1c.ru/8.3/MDClasses	DataHistory	DataHistoryUse	1	8.3.27
BusinessProcess	http://v8.1c.ru/8.3/MDClasses	DataLockControlMode	DefaultDataLockControlMode	1	8.3.27
BusinessProcess	http://v8.1c.ru/8.3/MDClasses	DataLockFields	Field	1	8.3.27
BusinessProcess	http://v8.1c.ru/8.3/MDClasses	DefaultChoiceForm	BusinessProcessForm	1	8.3.27
BusinessProcess	http://v8.1c.ru/8.3/MDClasses	DefaultListForm	BusinessProcessForm	1	8.3.27
BusinessProcess	http://v8.1c.ru/8.3/MDClasses	DefaultObjectForm	BusinessProcessForm	1	8.3.27
BusinessProcess	http://v8.1c.ru/8.3/MDClasses	EditType	EditType	1	8.3.27
BusinessProcess	http://v8.1c.ru/8.3/MDClasses	ExecuteAfterWriteDataHistoryVersionProcessing	EBoolean	1	8.3.27
BusinessProcess	http://v8.1c.ru/8.3/MDClasses	Explanation	LocalStringMapEntry	1	8.3.27
BusinessProcess	http://v8.1c.ru/8.3/MDClasses	ExtendedConfigurationObject	Uuid	1	8.3.27
BusinessProcess	http://v8.1c.ru/8.3/MDClasses	ExtendedListPresentation	LocalStringMapEntry	1	8.3.27
BusinessProcess	http://v8.1c.ru/8.3/MDClasses	ExtendedObjectPresentation	LocalStringMapEntry	1	8.3.27
BusinessProcess	http://v8.1c.ru/8.3/MDClasses	Extension	ObjectExtension	0	8.3.27
BusinessProcess	http://v8.1c.ru/8.3/MDClasses	Form	BusinessProcessForm	0	8.3.27
BusinessProcess	http://v8.1c.ru/8.3/MDClasses	FullTextSearch	FullTextSearchUsing	1	8.3.27
BusinessProcess	http://v8.1c.ru/8.3/MDClasses	FullTextSearchOnInputByString	FullTextSearchOnInputByString	1	8.3.27
BusinessProcess	http://v8.1c.ru/8.3/MDClasses	Help	Help	1	8.3.27
BusinessProcess	http://v8.1c.ru/8.3/MDClasses	IncludeHelpInContents	EBoolean	1	8.3.27
BusinessProcess	http://v8.1c.ru/8.3/MDClasses	InputByString	Field	1	8.3.27
BusinessProcess	http://v8.1c.ru/8.3/MDClasses	ListPresentation	LocalStringMapEntry	1	8.3.27
BusinessProcess	http://v8.1c.ru/8.3/MDClasses	Name	EString	1	8.3.27
BusinessProcess	http://v8.1c.ru/8.3/MDClasses	NumberAllowedLength	AllowedLength	1	8.3.27
BusinessProcess	http://v8.1c.ru/8.3/MDClasses	NumberLength	EInt	1	8.3.27
BusinessProcess	http://v8.1c.ru/8.3/MDClasses	NumberPeriodicity	BusinessProcessNumberPeriodicity	1	8.3.27
BusinessProcess	http://v8.1c.ru/8.3/MDClasses	NumberType	BusinessProcessNumberType	1	8.3.27
BusinessProcess	http://v8.1c.ru/8.3/MDClasses	ObjectBelonging	ObjectBelonging	1	8.3.27
BusinessProcess	http://v8.1c.ru/8.3/MDClasses	ObjectPresentation	LocalStringMapEntry	1	8.3.27
BusinessProcess	http://v8.1c.ru/8.3/MDClasses	ProducedTypes	BusinessProcessTypes	0	8.3.27
BusinessProcess	http://v8.1c.ru/8.3/MDClasses	SearchStringModeOnInputByString	SearchStringModeOnInputByString	1	8.3.27
BusinessProcess	http://v8.1c.ru/8.3/MDClasses	StandardAttributes	StandardAttribute	1	8.3.27
BusinessProcess	http://v8.1c.ru/8.3/MDClasses	Synonym	LocalStringMapEntry	1	8.3.27
BusinessProcess	http://v8.1c.ru/8.3/MDClasses	TabularSection	BusinessProcessTabularSection	0	8.3.27
BusinessProcess	http://v8.1c.ru/8.3/MDClasses	Task	Task	1	8.3.27
BusinessProcess	http://v8.1c.ru/8.3/MDClasses	Template	Template	0	8.3.27
BusinessProcess	http://v8.1c.ru/8.3/MDClasses	UpdateDataHistoryImmediatelyAfterWrite	EBoolean	1	8.3.27
BusinessProcess	http://v8.1c.ru/8.3/MDClasses	UseStandardCommands	EBoolean	1	8.3.27
BusinessProcess	http://v8.1c.ru/8.3/MDClasses	Uuid	Uuid	0	8.3.27
BusinessProcessAttribute	http://v8.1c.ru/8.3/MDClasses	BinaryDataStorageLocationUse	BinaryDataStorageLocationUse	1	8.3.27
BusinessProcessAttribute	http://v8.1c.ru/8.3/MDClasses	BinaryDataStorageLocationUseField	MdObject	1	8.3.27
BusinessProcessAttribute	http://v8.1c.ru/8.3/MDClasses	ChoiceFoldersAndItems	FoldersAndItemsUse	1	8.3.27
BusinessProcessAttribute	http://v8.1c.ru/8.3/MDClasses	ChoiceForm	BasicForm	1	8.3.27
BusinessProcessAttribute	http://v8.1c.ru/8.3/MDClasses	ChoiceHistoryOnInput	ChoiceHistoryOnInput	1	8.3.27
BusinessProcessAttribute	http://v8.1c.ru/8.3/MDClasses	ChoiceParameterLinks	ChoiceParameterLink	1	8.3.27
BusinessProcessAttribute	http://v8.1c.ru/8.3/MDClasses	ChoiceParameters	ChoiceParameter	1	8.3.27
BusinessProcessAttribute	http://v8.1c.ru/8.3/MDClasses	Comment	EString	1	8.3.27
BusinessProcessAttribute	http://v8.1c.ru/8.3/MDClasses	CreateOnInput	CreateOnInput	1	8.3.27
BusinessProcessAttribute	http://v8.1c.ru/8.3/MDClasses	DataHistory	DataHistoryUse	1	8.3.27
BusinessProcessAttribute	http://v8.1c.ru/8.3/MDClasses	EditFormat	LocalStringMapEntry	1	8.3.27
BusinessProcessAttribute	http://v8.1c.ru/8.3/MDClasses	ExtendedConfigurationObject	Uuid	1	8.3.27
BusinessProcessAttribute	http://v8.1c.ru/8.3/MDClasses	ExtendedEdit	EBoolean	1	8.3.27
BusinessProcessAttribute	http://v8.1c.ru/8.3/MDClasses	Extension	ObjectExtension	0	8.3.27
BusinessProcessAttribute	http://v8.1c.ru/8.3/MDClasses	FillChecking	FillChecking	1	8.3.27
BusinessProcessAttribute	http://v8.1c.ru/8.3/MDClasses	FillFromFillingValue	EBoolean	1	8.3.27
BusinessProcessAttribute	http://v8.1c.ru/8.3/MDClasses	FillValue	Value	1	8.3.27
BusinessProcessAttribute	http://v8.1c.ru/8.3/MDClasses	Format	LocalStringMapEntry	1	8.3.27
BusinessProcessAttribute	http://v8.1c.ru/8.3/MDClasses	FullTextSearch	FullTextSearchUsing	1	8.3.27
BusinessProcessAttribute	http://v8.1c.ru/8.3/MDClasses	Indexing	Indexing	1	8.3.27
BusinessProcessAttribute	http://v8.1c.ru/8.3/MDClasses	LinkByType	TypeLink	1	8.3.27
BusinessProcessAttribute	http://v8.1c.ru/8.3/MDClasses	MarkNegatives	EBoolean	1	8.3.27
BusinessProcessAttribute	http://v8.1c.ru/8.3/MDClasses	Mask	EString	1	8.3.27
BusinessProcessAttribute	http://v8.1c.ru/8.3/MDClasses	MaxValue	Value	1	8.3.27
BusinessProcessAttribute	http://v8.1c.ru/8.3/MDClasses	MinValue	Value	1	8.3.27
BusinessProcessAttribute	http://v8.1c.ru/8.3/MDClasses	MultiLine	EBoolean	1	8.3.27
BusinessProcessAttribute	http://v8.1c.ru/8.3/MDClasses	Name	EString	1	8.3.27
BusinessProcessAttribute	http://v8.1c.ru/8.3/MDClasses	ObjectBelonging	ObjectBelonging	1	8.3.27
BusinessProcessAttribute	http://v8.1c.ru/8.3/MDClasses	PasswordMode	EBoolean	1	8.3.27
BusinessProcessAttribute	http://v8.1c.ru/8.3/MDClasses	QuickChoice	UseQuickChoice	1	8.3.27
BusinessProcessAttribute	http://v8.1c.ru/8.3/MDClasses	Synonym	LocalStringMapEntry	1	8.3.27
BusinessProcessAttribute	http://v8.1c.ru/8.3/MDClasses	ToolTip	LocalStringMapEntry	1	8.3.27
BusinessProcessAttribute	http://v8.1c.ru/8.3/MDClasses	Type	TypeDescription	1	8.3.27
BusinessProcessAttribute	http://v8.1c.ru/8.3/MDClasses	Uuid	Uuid	0	8.3.27
BusinessProcessCommand	http://v8.1c.ru/8.3/MDClasses	CommandParameterType	TypeDescription	1	8.3.27
BusinessProcessCommand	http://v8.1c.ru/8.3/MDClasses	Comment	EString	1	8.3.27
BusinessProcessCommand	http://v8.1c.ru/8.3/MDClasses	ExtendedConfigurationObject	Uuid	1	8.3.27
BusinessProcessCommand	http://v8.1c.ru/8.3/MDClasses	Extension	ObjectExtension	0	8.3.27
BusinessProcessCommand	http://v8.1c.ru/8.3/MDClasses	Group	CommandGroup	1	8.3.27
BusinessProcessCommand	http://v8.1c.ru/8.3/MDClasses	ModifiesData	EBoolean	1	8.3.27
BusinessProcessCommand	http://v8.1c.ru/8.3/MDClasses	Name	EString	1	8.3.27
BusinessProcessCommand	http://v8.1c.ru/8.3/MDClasses	ObjectBelonging	ObjectBelonging	1	8.3.27
BusinessProcessCommand	http://v8.1c.ru/8.3/MDClasses	OnMainServerUnavalableBehavior	OnMainServerUnavalableBehavior	1	8.3.27
BusinessProcessCommand	http://v8.1c.ru/8.3/MDClasses	ParameterUseMode	CommandParameterUseMode	1	8.3.27
BusinessProcessCommand	http://v8.1c.ru/8.3/MDClasses	Picture	Picture	1	8.3.27
BusinessProcessCommand	http://v8.1c.ru/8.3/MDClasses	Representation	ButtonRepresentation	1	8.3.27
BusinessProcessCommand	http://v8.1c.ru/8.3/MDClasses	Shortcut	Shortcut	1	8.3.27
BusinessProcessCommand	http://v8.1c.ru/8.3/MDClasses	Synonym	LocalStringMapEntry	1	8.3.27
BusinessProcessCommand	http://v8.1c.ru/8.3/MDClasses	ToolTip	LocalStringMapEntry	1	8.3.27
BusinessProcessCommand	http://v8.1c.ru/8.3/MDClasses	Uuid	Uuid	0	8.3.27
BusinessProcessForm	http://v8.1c.ru/8.3/MDClasses	Comment	EString	1	8.3.27
BusinessProcessForm	http://v8.1c.ru/8.3/MDClasses	ExtendedConfigurationObject	Uuid	1	8.3.27
BusinessProcessForm	http://v8.1c.ru/8.3/MDClasses	Extension	ObjectExtension	0	8.3.27
BusinessProcessForm	http://v8.1c.ru/8.3/MDClasses	FormType	FormType	1	8.3.27
BusinessProcessForm	http://v8.1c.ru/8.3/MDClasses	Help	Help	1	8.3.27
BusinessProcessForm	http://v8.1c.ru/8.3/MDClasses	IncludeHelpInContents	EBoolean	1	8.3.27
BusinessProcessForm	http://v8.1c.ru/8.3/MDClasses	Name	EString	1	8.3.27
BusinessProcessForm	http://v8.1c.ru/8.3/MDClasses	ObjectBelonging	ObjectBelonging	1	8.3.27
BusinessProcessForm	http://v8.1c.ru/8.3/MDClasses	Synonym	LocalStringMapEntry	1	8.3.27
BusinessProcessForm	http://v8.1c.ru/8.3/MDClasses	UseInInterfaceCompatibilityMode	FormPreferableInterface	1	8.5.1
BusinessProcessForm	http://v8.1c.ru/8.3/MDClasses	UsePurposes	ApplicationUsePurpose	1	8.3.27
BusinessProcessForm	http://v8.1c.ru/8.3/MDClasses	Uuid	Uuid	0	8.3.27
BusinessProcessTabularSection	http://v8.1c.ru/8.3/MDClasses	Attribute	TabularSectionAttribute	0	8.3.27
BusinessProcessTabularSection	http://v8.1c.ru/8.3/MDClasses	Comment	EString	1	8.3.27
BusinessProcessTabularSection	http://v8.1c.ru/8.3/MDClasses	ExtendedConfigurationObject	Uuid	1	8.3.27
BusinessProcessTabularSection	http://v8.1c.ru/8.3/MDClasses	Extension	ObjectExtension	0	8.3.27
BusinessProcessTabularSection	http://v8.1c.ru/8.3/MDClasses	FillChecking	FillChecking	1	8.3.27
BusinessProcessTabularSection	http://v8.1c.ru/8.3/MDClasses	LineNumberLength	EInt	1	8.3.27
BusinessProcessTabularSection	http://v8.1c.ru/8.3/MDClasses	Name	EString	1	8.3.27
BusinessProcessTabularSection	http://v8.1c.ru/8.3/MDClasses	ObjectBelonging	ObjectBelonging	1	8.3.27
BusinessProcessTabularSection	http://v8.1c.ru/8.3/MDClasses	ProducedTypes	TabularSectionTypes	0	8.3.27
BusinessProcessTabularSection	http://v8.1c.ru/8.3/MDClasses	StandardAttributes	StandardAttribute	1	8.3.27
BusinessProcessTabularSection	http://v8.1c.ru/8.3/MDClasses	Synonym	LocalStringMapEntry	1	8.3.27
BusinessProcessTabularSection	http://v8.1c.ru/8.3/MDClasses	ToolTip	LocalStringMapEntry	1	8.3.27
BusinessProcessTabularSection	http://v8.1c.ru/8.3/MDClasses	Uuid	Uuid	0	8.3.27
CalculationRegister	http://v8.1c.ru/8.3/MDClasses	ActionPeriod	EBoolean	1	8.3.27
CalculationRegister	http://v8.1c.ru/8.3/MDClasses	Attribute	CalculationRegisterAttribute	0	8.3.27
CalculationRegister	http://v8.1c.ru/8.3/MDClasses	AuxiliaryListForm	CalculationRegisterForm	1	8.3.27
CalculationRegister	http://v8.1c.ru/8.3/MDClasses	BasePeriod	EBoolean	1	8.3.27
CalculationRegister	http://v8.1c.ru/8.3/MDClasses	ChartOfCalculationTypes	ChartOfCalculationTypes	1	8.3.27
CalculationRegister	http://v8.1c.ru/8.3/MDClasses	Command	CalculationRegisterCommand	0	8.3.27
CalculationRegister	http://v8.1c.ru/8.3/MDClasses	Comment	EString	1	8.3.27
CalculationRegister	http://v8.1c.ru/8.3/MDClasses	DataLockControlMode	DefaultDataLockControlMode	1	8.3.27
CalculationRegister	http://v8.1c.ru/8.3/MDClasses	DefaultListForm	CalculationRegisterForm	1	8.3.27
CalculationRegister	http://v8.1c.ru/8.3/MDClasses	Dimension	CalculationRegisterDimension	0	8.3.27
CalculationRegister	http://v8.1c.ru/8.3/MDClasses	Explanation	LocalStringMapEntry	1	8.3.27
CalculationRegister	http://v8.1c.ru/8.3/MDClasses	ExtendedConfigurationObject	Uuid	1	8.3.27
CalculationRegister	http://v8.1c.ru/8.3/MDClasses	ExtendedListPresentation	LocalStringMapEntry	1	8.3.27
CalculationRegister	http://v8.1c.ru/8.3/MDClasses	Extension	ObjectExtension	0	8.3.27
CalculationRegister	http://v8.1c.ru/8.3/MDClasses	Form	CalculationRegisterForm	0	8.3.27
CalculationRegister	http://v8.1c.ru/8.3/MDClasses	FullTextSearch	FullTextSearchUsing	1	8.3.27
CalculationRegister	http://v8.1c.ru/8.3/MDClasses	Help	Help	1	8.3.27
CalculationRegister	http://v8.1c.ru/8.3/MDClasses	IncludeHelpInContents	EBoolean	1	8.3.27
CalculationRegister	http://v8.1c.ru/8.3/MDClasses	ListPresentation	LocalStringMapEntry	1	8.3.27
CalculationRegister	http://v8.1c.ru/8.3/MDClasses	Name	EString	1	8.3.27
CalculationRegister	http://v8.1c.ru/8.3/MDClasses	ObjectBelonging	ObjectBelonging	1	8.3.27
CalculationRegister	http://v8.1c.ru/8.3/MDClasses	Periodicity	CalculationRegisterPeriodicity	1	8.3.27
CalculationRegister	http://v8.1c.ru/8.3/MDClasses	ProducedTypes	CalculationRegisterTypes	0	8.3.27
CalculationRegister	http://v8.1c.ru/8.3/MDClasses	Recalculation	Recalculation	0	8.3.27
CalculationRegister	http://v8.1c.ru/8.3/MDClasses	Resource	CalculationRegisterResource	0	8.3.27
CalculationRegister	http://v8.1c.ru/8.3/MDClasses	Schedule	InformationRegister	1	8.3.27
CalculationRegister	http://v8.1c.ru/8.3/MDClasses	ScheduleDate	InformationRegisterDimension	1	8.3.27
CalculationRegister	http://v8.1c.ru/8.3/MDClasses	ScheduleValue	InformationRegisterResource	1	8.3.27
CalculationRegister	http://v8.1c.ru/8.3/MDClasses	StandardAttributes	StandardAttribute	1	8.3.27
CalculationRegister	http://v8.1c.ru/8.3/MDClasses	Synonym	LocalStringMapEntry	1	8.3.27
CalculationRegister	http://v8.1c.ru/8.3/MDClasses	Template	Template	0	8.3.27
CalculationRegister	http://v8.1c.ru/8.3/MDClasses	UseStandardCommands	EBoolean	1	8.3.27
CalculationRegister	http://v8.1c.ru/8.3/MDClasses	Uuid	Uuid	0	8.3.27
CalculationRegisterAttribute	http://v8.1c.ru/8.3/MDClasses	BinaryDataStorageLocationUse	BinaryDataStorageLocationUse	1	8.3.27
CalculationRegisterAttribute	http://v8.1c.ru/8.3/MDClasses	BinaryDataStorageLocationUseField	MdObject	1	8.3.27
CalculationRegisterAttribute	http://v8.1c.ru/8.3/MDClasses	ChoiceFoldersAndItems	FoldersAndItemsUse	1	8.3.27
CalculationRegisterAttribute	http://v8.1c.ru/8.3/MDClasses	ChoiceForm	BasicForm	1	8.3.27
CalculationRegisterAttribute	http://v8.1c.ru/8.3/MDClasses	ChoiceHistoryOnInput	ChoiceHistoryOnInput	1	8.3.27
CalculationRegisterAttribute	http://v8.1c.ru/8.3/MDClasses	ChoiceParameterLinks	ChoiceParameterLink	1	8.3.27
CalculationRegisterAttribute	http://v8.1c.ru/8.3/MDClasses	ChoiceParameters	ChoiceParameter	1	8.3.27
CalculationRegisterAttribute	http://v8.1c.ru/8.3/MDClasses	Comment	EString	1	8.3.27
CalculationRegisterAttribute	http://v8.1c.ru/8.3/MDClasses	CreateOnInput	CreateOnInput	1	8.3.27
CalculationRegisterAttribute	http://v8.1c.ru/8.3/MDClasses	EditFormat	LocalStringMapEntry	1	8.3.27
CalculationRegisterAttribute	http://v8.1c.ru/8.3/MDClasses	ExtendedConfigurationObject	Uuid	1	8.3.27
CalculationRegisterAttribute	http://v8.1c.ru/8.3/MDClasses	ExtendedEdit	EBoolean	1	8.3.27
CalculationRegisterAttribute	http://v8.1c.ru/8.3/MDClasses	Extension	ObjectExtension	0	8.3.27
CalculationRegisterAttribute	http://v8.1c.ru/8.3/MDClasses	FillChecking	FillChecking	1	8.3.27
CalculationRegisterAttribute	http://v8.1c.ru/8.3/MDClasses	Format	LocalStringMapEntry	1	8.3.27
CalculationRegisterAttribute	http://v8.1c.ru/8.3/MDClasses	FullTextSearch	FullTextSearchUsing	1	8.3.27
CalculationRegisterAttribute	http://v8.1c.ru/8.3/MDClasses	Indexing	Indexing	1	8.3.27
CalculationRegisterAttribute	http://v8.1c.ru/8.3/MDClasses	LinkByType	TypeLink	1	8.3.27
CalculationRegisterAttribute	http://v8.1c.ru/8.3/MDClasses	MarkNegatives	EBoolean	1	8.3.27
CalculationRegisterAttribute	http://v8.1c.ru/8.3/MDClasses	Mask	EString	1	8.3.27
CalculationRegisterAttribute	http://v8.1c.ru/8.3/MDClasses	MaxValue	Value	1	8.3.27
CalculationRegisterAttribute	http://v8.1c.ru/8.3/MDClasses	MinValue	Value	1	8.3.27
CalculationRegisterAttribute	http://v8.1c.ru/8.3/MDClasses	MultiLine	EBoolean	1	8.3.27
CalculationRegisterAttribute	http://v8.1c.ru/8.3/MDClasses	Name	EString	1	8.3.27
CalculationRegisterAttribute	http://v8.1c.ru/8.3/MDClasses	ObjectBelonging	ObjectBelonging	1	8.3.27
CalculationRegisterAttribute	http://v8.1c.ru/8.3/MDClasses	PasswordMode	EBoolean	1	8.3.27
CalculationRegisterAttribute	http://v8.1c.ru/8.3/MDClasses	QuickChoice	UseQuickChoice	1	8.3.27
CalculationRegisterAttribute	http://v8.1c.ru/8.3/MDClasses	ScheduleLink	InformationRegisterDimension	1	8.3.27
CalculationRegisterAttribute	http://v8.1c.ru/8.3/MDClasses	Synonym	LocalStringMapEntry	1	8.3.27
CalculationRegisterAttribute	http://v8.1c.ru/8.3/MDClasses	ToolTip	LocalStringMapEntry	1	8.3.27
CalculationRegisterAttribute	http://v8.1c.ru/8.3/MDClasses	Type	TypeDescription	1	8.3.27
CalculationRegisterAttribute	http://v8.1c.ru/8.3/MDClasses	Uuid	Uuid	0	8.3.27
CalculationRegisterCommand	http://v8.1c.ru/8.3/MDClasses	CommandParameterType	TypeDescription	1	8.3.27
CalculationRegisterCommand	http://v8.1c.ru/8.3/MDClasses	Comment	EString	1	8.3.27
CalculationRegisterCommand	http://v8.1c.ru/8.3/MDClasses	ExtendedConfigurationObject	Uuid	1	8.3.27
CalculationRegisterCommand	http://v8.1c.ru/8.3/MDClasses	Extension	ObjectExtension	0	8.3.27
CalculationRegisterCommand	http://v8.1c.ru/8.3/MDClasses	Group	CommandGroup	1	8.3.27
CalculationRegisterCommand	http://v8.1c.ru/8.3/MDClasses	ModifiesData	EBoolean	1	8.3.27
CalculationRegisterCommand	http://v8.1c.ru/8.3/MDClasses	Name	EString	1	8.3.27
CalculationRegisterCommand	http://v8.1c.ru/8.3/MDClasses	ObjectBelonging	ObjectBelonging	1	8.3.27
CalculationRegisterCommand	http://v8.1c.ru/8.3/MDClasses	OnMainServerUnavalableBehavior	OnMainServerUnavalableBehavior	1	8.3.27
CalculationRegisterCommand	http://v8.1c.ru/8.3/MDClasses	ParameterUseMode	CommandParameterUseMode	1	8.3.27
CalculationRegisterCommand	http://v8.1c.ru/8.3/MDClasses	Picture	Picture	1	8.3.27
CalculationRegisterCommand	http://v8.1c.ru/8.3/MDClasses	Representation	ButtonRepresentation	1	8.3.27
CalculationRegisterCommand	http://v8.1c.ru/8.3/MDClasses	Shortcut	Shortcut	1	8.3.27
CalculationRegisterCommand	http://v8.1c.ru/8.3/MDClasses	Synonym	LocalStringMapEntry	1	8.3.27
CalculationRegisterCommand	http://v8.1c.ru/8.3/MDClasses	ToolTip	LocalStringMapEntry	1	8.3.27
CalculationRegisterCommand	http://v8.1c.ru/8.3/MDClasses	Uuid	Uuid	0	8.3.27
CalculationRegisterDimension	http://v8.1c.ru/8.3/MDClasses	BaseDimension	EBoolean	1	8.3.27
CalculationRegisterDimension	http://v8.1c.ru/8.3/MDClasses	ChoiceFoldersAndItems	FoldersAndItemsUse	1	8.3.27
CalculationRegisterDimension	http://v8.1c.ru/8.3/MDClasses	ChoiceForm	BasicForm	1	8.3.27
CalculationRegisterDimension	http://v8.1c.ru/8.3/MDClasses	ChoiceHistoryOnInput	ChoiceHistoryOnInput	1	8.3.27
CalculationRegisterDimension	http://v8.1c.ru/8.3/MDClasses	ChoiceParameterLinks	ChoiceParameterLink	1	8.3.27
CalculationRegisterDimension	http://v8.1c.ru/8.3/MDClasses	ChoiceParameters	ChoiceParameter	1	8.3.27
CalculationRegisterDimension	http://v8.1c.ru/8.3/MDClasses	Comment	EString	1	8.3.27
CalculationRegisterDimension	http://v8.1c.ru/8.3/MDClasses	CreateOnInput	CreateOnInput	1	8.3.27
CalculationRegisterDimension	http://v8.1c.ru/8.3/MDClasses	DenyIncompleteValues	EBoolean	1	8.3.27
CalculationRegisterDimension	http://v8.1c.ru/8.3/MDClasses	EditFormat	LocalStringMapEntry	1	8.3.27
CalculationRegisterDimension	http://v8.1c.ru/8.3/MDClasses	ExtendedConfigurationObject	Uuid	1	8.3.27
CalculationRegisterDimension	http://v8.1c.ru/8.3/MDClasses	ExtendedEdit	EBoolean	1	8.3.27
CalculationRegisterDimension	http://v8.1c.ru/8.3/MDClasses	Extension	ObjectExtension	0	8.3.27
CalculationRegisterDimension	http://v8.1c.ru/8.3/MDClasses	FillChecking	FillChecking	1	8.3.27
CalculationRegisterDimension	http://v8.1c.ru/8.3/MDClasses	Format	LocalStringMapEntry	1	8.3.27
CalculationRegisterDimension	http://v8.1c.ru/8.3/MDClasses	FullTextSearch	FullTextSearchUsing	1	8.3.27
CalculationRegisterDimension	http://v8.1c.ru/8.3/MDClasses	Indexing	Indexing	1	8.3.27
CalculationRegisterDimension	http://v8.1c.ru/8.3/MDClasses	LinkByType	TypeLink	1	8.3.27
CalculationRegisterDimension	http://v8.1c.ru/8.3/MDClasses	MarkNegatives	EBoolean	1	8.3.27
CalculationRegisterDimension	http://v8.1c.ru/8.3/MDClasses	Mask	EString	1	8.3.27
CalculationRegisterDimension	http://v8.1c.ru/8.3/MDClasses	MaxValue	Value	1	8.3.27
CalculationRegisterDimension	http://v8.1c.ru/8.3/MDClasses	MinValue	Value	1	8.3.27
CalculationRegisterDimension	http://v8.1c.ru/8.3/MDClasses	MultiLine	EBoolean	1	8.3.27
CalculationRegisterDimension	http://v8.1c.ru/8.3/MDClasses	Name	EString	1	8.3.27
CalculationRegisterDimension	http://v8.1c.ru/8.3/MDClasses	ObjectBelonging	ObjectBelonging	1	8.3.27
CalculationRegisterDimension	http://v8.1c.ru/8.3/MDClasses	PasswordMode	EBoolean	1	8.3.27
CalculationRegisterDimension	http://v8.1c.ru/8.3/MDClasses	QuickChoice	UseQuickChoice	1	8.3.27
CalculationRegisterDimension	http://v8.1c.ru/8.3/MDClasses	ScheduleLink	InformationRegisterDimension	1	8.3.27
CalculationRegisterDimension	http://v8.1c.ru/8.3/MDClasses	Synonym	LocalStringMapEntry	1	8.3.27
CalculationRegisterDimension	http://v8.1c.ru/8.3/MDClasses	ToolTip	LocalStringMapEntry	1	8.3.27
CalculationRegisterDimension	http://v8.1c.ru/8.3/MDClasses	Type	TypeDescription	1	8.3.27
CalculationRegisterDimension	http://v8.1c.ru/8.3/MDClasses	Uuid	Uuid	0	8.3.27
CalculationRegisterForm	http://v8.1c.ru/8.3/MDClasses	Comment	EString	1	8.3.27
CalculationRegisterForm	http://v8.1c.ru/8.3/MDClasses	ExtendedConfigurationObject	Uuid	1	8.3.27
CalculationRegisterForm	http://v8.1c.ru/8.3/MDClasses	Extension	ObjectExtension	0	8.3.27
CalculationRegisterForm	http://v8.1c.ru/8.3/MDClasses	FormType	FormType	1	8.3.27
CalculationRegisterForm	http://v8.1c.ru/8.3/MDClasses	Help	Help	1	8.3.27
CalculationRegisterForm	http://v8.1c.ru/8.3/MDClasses	IncludeHelpInContents	EBoolean	1	8.3.27
CalculationRegisterForm	http://v8.1c.ru/8.3/MDClasses	Name	EString	1	8.3.27
CalculationRegisterForm	http://v8.1c.ru/8.3/MDClasses	ObjectBelonging	ObjectBelonging	1	8.3.27
CalculationRegisterForm	http://v8.1c.ru/8.3/MDClasses	Synonym	LocalStringMapEntry	1	8.3.27
CalculationRegisterForm	http://v8.1c.ru/8.3/MDClasses	UseInInterfaceCompatibilityMode	FormPreferableInterface	1	8.5.1
CalculationRegisterForm	http://v8.1c.ru/8.3/MDClasses	UsePurposes	ApplicationUsePurpose	1	8.3.27
CalculationRegisterForm	http://v8.1c.ru/8.3/MDClasses	Uuid	Uuid	0	8.3.27
CalculationRegisterResource	http://v8.1c.ru/8.3/MDClasses	ChoiceFoldersAndItems	FoldersAndItemsUse	1	8.3.27
CalculationRegisterResource	http://v8.1c.ru/8.3/MDClasses	ChoiceForm	BasicForm	1	8.3.27
CalculationRegisterResource	http://v8.1c.ru/8.3/MDClasses	ChoiceHistoryOnInput	ChoiceHistoryOnInput	1	8.3.27
CalculationRegisterResource	http://v8.1c.ru/8.3/MDClasses	ChoiceParameterLinks	ChoiceParameterLink	1	8.3.27
CalculationRegisterResource	http://v8.1c.ru/8.3/MDClasses	ChoiceParameters	ChoiceParameter	1	8.3.27
CalculationRegisterResource	http://v8.1c.ru/8.3/MDClasses	Comment	EString	1	8.3.27
CalculationRegisterResource	http://v8.1c.ru/8.3/MDClasses	CreateOnInput	CreateOnInput	1	8.3.27
CalculationRegisterResource	http://v8.1c.ru/8.3/MDClasses	EditFormat	LocalStringMapEntry	1	8.3.27
CalculationRegisterResource	http://v8.1c.ru/8.3/MDClasses	ExtendedConfigurationObject	Uuid	1	8.3.27
CalculationRegisterResource	http://v8.1c.ru/8.3/MDClasses	ExtendedEdit	EBoolean	1	8.3.27
CalculationRegisterResource	http://v8.1c.ru/8.3/MDClasses	Extension	ObjectExtension	0	8.3.27
CalculationRegisterResource	http://v8.1c.ru/8.3/MDClasses	FillChecking	FillChecking	1	8.3.27
CalculationRegisterResource	http://v8.1c.ru/8.3/MDClasses	Format	LocalStringMapEntry	1	8.3.27
CalculationRegisterResource	http://v8.1c.ru/8.3/MDClasses	FullTextSearch	FullTextSearchUsing	1	8.3.27
CalculationRegisterResource	http://v8.1c.ru/8.3/MDClasses	LinkByType	TypeLink	1	8.3.27
CalculationRegisterResource	http://v8.1c.ru/8.3/MDClasses	MarkNegatives	EBoolean	1	8.3.27
CalculationRegisterResource	http://v8.1c.ru/8.3/MDClasses	Mask	EString	1	8.3.27
CalculationRegisterResource	http://v8.1c.ru/8.3/MDClasses	MaxValue	Value	1	8.3.27
CalculationRegisterResource	http://v8.1c.ru/8.3/MDClasses	MinValue	Value	1	8.3.27
CalculationRegisterResource	http://v8.1c.ru/8.3/MDClasses	MultiLine	EBoolean	1	8.3.27
CalculationRegisterResource	http://v8.1c.ru/8.3/MDClasses	Name	EString	1	8.3.27
CalculationRegisterResource	http://v8.1c.ru/8.3/MDClasses	ObjectBelonging	ObjectBelonging	1	8.3.27
CalculationRegisterResource	http://v8.1c.ru/8.3/MDClasses	PasswordMode	EBoolean	1	8.3.27
CalculationRegisterResource	http://v8.1c.ru/8.3/MDClasses	QuickChoice	UseQuickChoice	1	8.3.27
CalculationRegisterResource	http://v8.1c.ru/8.3/MDClasses	Synonym	LocalStringMapEntry	1	8.3.27
CalculationRegisterResource	http://v8.1c.ru/8.3/MDClasses	ToolTip	LocalStringMapEntry	1	8.3.27
CalculationRegisterResource	http://v8.1c.ru/8.3/MDClasses	Type	TypeDescription	1	8.3.27
CalculationRegisterResource	http://v8.1c.ru/8.3/MDClasses	Uuid	Uuid	0	8.3.27
Catalog	http://v8.1c.ru/8.3/MDClasses	Attribute	CatalogAttribute	0	8.3.27
Catalog	http://v8.1c.ru/8.3/MDClasses	Autonumbering	EBoolean	1	8.3.27
Catalog	http://v8.1c.ru/8.3/MDClasses	AuxiliaryChoiceForm	CatalogForm	1	8.3.27
Catalog	http://v8.1c.ru/8.3/MDClasses	AuxiliaryFolderChoiceForm	CatalogForm	1	8.3.27
Catalog	http://v8.1c.ru/8.3/MDClasses	AuxiliaryFolderForm	CatalogForm	1	8.3.27
Catalog	http://v8.1c.ru/8.3/MDClasses	AuxiliaryListForm	CatalogForm	1	8.3.27
Catalog	http://v8.1c.ru/8.3/MDClasses	AuxiliaryObjectForm	CatalogForm	1	8.3.27
Catalog	http://v8.1c.ru/8.3/MDClasses	BasedOn	MdObject	1	8.3.27
Catalog	http://v8.1c.ru/8.3/MDClasses	Characteristics	CharacteristicsDescription	1	8.3.27
Catalog	http://v8.1c.ru/8.3/MDClasses	CheckUnique	EBoolean	1	8.3.27
Catalog	http://v8.1c.ru/8.3/MDClasses	ChoiceDataGetModeOnInputByString	ChoiceDataGetModeOnInputByString	1	8.3.27
Catalog	http://v8.1c.ru/8.3/MDClasses	ChoiceHistoryOnInput	ChoiceHistoryOnInput	1	8.3.27
Catalog	http://v8.1c.ru/8.3/MDClasses	ChoiceMode	ChoiceMode	1	8.3.27
Catalog	http://v8.1c.ru/8.3/MDClasses	CodeAllowedLength	AllowedLength	1	8.3.27
Catalog	http://v8.1c.ru/8.3/MDClasses	CodeLength	EInt	1	8.3.27
Catalog	http://v8.1c.ru/8.3/MDClasses	CodeSeries	CatalogCodesSeries	1	8.3.27
Catalog	http://v8.1c.ru/8.3/MDClasses	CodeType	CatalogCodeType	1	8.3.27
Catalog	http://v8.1c.ru/8.3/MDClasses	Command	CatalogCommand	0	8.3.27
Catalog	http://v8.1c.ru/8.3/MDClasses	Comment	EString	1	8.3.27
Catalog	http://v8.1c.ru/8.3/MDClasses	CreateOnInput	CreateOnInput	1	8.3.27
Catalog	http://v8.1c.ru/8.3/MDClasses	DataHistory	DataHistoryUse	1	8.3.27
Catalog	http://v8.1c.ru/8.3/MDClasses	DataLockControlMode	DefaultDataLockControlMode	1	8.3.27
Catalog	http://v8.1c.ru/8.3/MDClasses	DataLockFields	Field	1	8.3.27
Catalog	http://v8.1c.ru/8.3/MDClasses	DefaultChoiceForm	CatalogForm	1	8.3.27
Catalog	http://v8.1c.ru/8.3/MDClasses	DefaultFolderChoiceForm	CatalogForm	1	8.3.27
Catalog	http://v8.1c.ru/8.3/MDClasses	DefaultFolderForm	CatalogForm	1	8.3.27
Catalog	http://v8.1c.ru/8.3/MDClasses	DefaultListForm	CatalogForm	1	8.3.27
Catalog	http://v8.1c.ru/8.3/MDClasses	DefaultObjectForm	CatalogForm	1	8.3.27
Catalog	http://v8.1c.ru/8.3/MDClasses	DefaultPresentation	CatalogMainPresentation	1	8.3.27
Catalog	http://v8.1c.ru/8.3/MDClasses	DescriptionLength	EInt	1	8.3.27
Catalog	http://v8.1c.ru/8.3/MDClasses	EditType	EditType	1	8.3.27
Catalog	http://v8.1c.ru/8.3/MDClasses	ExecuteAfterWriteDataHistoryVersionProcessing	EBoolean	1	8.3.27
Catalog	http://v8.1c.ru/8.3/MDClasses	Explanation	LocalStringMapEntry	1	8.3.27
Catalog	http://v8.1c.ru/8.3/MDClasses	ExtendedConfigurationObject	Uuid	1	8.3.27
Catalog	http://v8.1c.ru/8.3/MDClasses	ExtendedListPresentation	LocalStringMapEntry	1	8.3.27
Catalog	http://v8.1c.ru/8.3/MDClasses	ExtendedObjectPresentation	LocalStringMapEntry	1	8.3.27
Catalog	http://v8.1c.ru/8.3/MDClasses	Extension	ObjectExtension	0	8.3.27
Catalog	http://v8.1c.ru/8.3/MDClasses	FoldersOnTop	EBoolean	1	8.3.27
Catalog	http://v8.1c.ru/8.3/MDClasses	Form	CatalogForm	0	8.3.27
Catalog	http://v8.1c.ru/8.3/MDClasses	FullTextSearch	FullTextSearchUsing	1	8.3.27
Catalog	http://v8.1c.ru/8.3/MDClasses	FullTextSearchOnInputByString	FullTextSearchOnInputByString	1	8.3.27
Catalog	http://v8.1c.ru/8.3/MDClasses	Help	Help	1	8.3.27
Catalog	http://v8.1c.ru/8.3/MDClasses	Hierarchical	EBoolean	1	8.3.27
Catalog	http://v8.1c.ru/8.3/MDClasses	HierarchyType	HierarchyType	1	8.3.27
Catalog	http://v8.1c.ru/8.3/MDClasses	IncludeHelpInContents	EBoolean	1	8.3.27
Catalog	http://v8.1c.ru/8.3/MDClasses	InputByString	Field	1	8.3.27
Catalog	http://v8.1c.ru/8.3/MDClasses	LevelCount	EInt	1	8.3.27
Catalog	http://v8.1c.ru/8.3/MDClasses	LimitLevelCount	EBoolean	1	8.3.27
Catalog	http://v8.1c.ru/8.3/MDClasses	ListPresentation	LocalStringMapEntry	1	8.3.27
Catalog	http://v8.1c.ru/8.3/MDClasses	Name	EString	1	8.3.27
Catalog	http://v8.1c.ru/8.3/MDClasses	ObjectBelonging	ObjectBelonging	1	8.3.27
Catalog	http://v8.1c.ru/8.3/MDClasses	ObjectPresentation	LocalStringMapEntry	1	8.3.27
Catalog	http://v8.1c.ru/8.3/MDClasses	Owners	CatalogOwner	1	8.3.27
Catalog	http://v8.1c.ru/8.3/MDClasses	Predefined	CatalogPredefined	1	8.3.27
Catalog	http://v8.1c.ru/8.3/MDClasses	PredefinedDataUpdate	PredefinedDataUpdate	1	8.3.27
Catalog	http://v8.1c.ru/8.3/MDClasses	ProducedTypes	CatalogTypes	0	8.3.27
Catalog	http://v8.1c.ru/8.3/MDClasses	QuickChoice	EBoolean	1	8.3.27
Catalog	http://v8.1c.ru/8.3/MDClasses	SearchStringModeOnInputByString	SearchStringModeOnInputByString	1	8.3.27
Catalog	http://v8.1c.ru/8.3/MDClasses	StandardAttributes	StandardAttribute	1	8.3.27
Catalog	http://v8.1c.ru/8.3/MDClasses	SubordinationUse	SubordinationUse	1	8.3.27
Catalog	http://v8.1c.ru/8.3/MDClasses	Synonym	LocalStringMapEntry	1	8.3.27
Catalog	http://v8.1c.ru/8.3/MDClasses	TabularSection	CatalogTabularSection	0	8.3.27
Catalog	http://v8.1c.ru/8.3/MDClasses	Template	Template	0	8.3.27
Catalog	http://v8.1c.ru/8.3/MDClasses	UpdateDataHistoryImmediatelyAfterWrite	EBoolean	1	8.3.27
Catalog	http://v8.1c.ru/8.3/MDClasses	UseStandardCommands	EBoolean	1	8.3.27
Catalog	http://v8.1c.ru/8.3/MDClasses	Uuid	Uuid	0	8.3.27
CatalogAttribute	http://v8.1c.ru/8.3/MDClasses	BinaryDataStorageLocationUse	BinaryDataStorageLocationUse	1	8.3.27
CatalogAttribute	http://v8.1c.ru/8.3/MDClasses	BinaryDataStorageLocationUseField	MdObject	1	8.3.27
CatalogAttribute	http://v8.1c.ru/8.3/MDClasses	ChoiceFoldersAndItems	FoldersAndItemsUse	1	8.3.27
CatalogAttribute	http://v8.1c.ru/8.3/MDClasses	ChoiceForm	BasicForm	1	8.3.27
CatalogAttribute	http://v8.1c.ru/8.3/MDClasses	ChoiceHistoryOnInput	ChoiceHistoryOnInput	1	8.3.27
CatalogAttribute	http://v8.1c.ru/8.3/MDClasses	ChoiceParameterLinks	ChoiceParameterLink	1	8.3.27
CatalogAttribute	http://v8.1c.ru/8.3/MDClasses	ChoiceParameters	ChoiceParameter	1	8.3.27
CatalogAttribute	http://v8.1c.ru/8.3/MDClasses	Comment	EString	1	8.3.27
CatalogAttribute	http://v8.1c.ru/8.3/MDClasses	CreateOnInput	CreateOnInput	1	8.3.27
CatalogAttribute	http://v8.1c.ru/8.3/MDClasses	DataHistory	DataHistoryUse	1	8.3.27
CatalogAttribute	http://v8.1c.ru/8.3/MDClasses	EditFormat	LocalStringMapEntry	1	8.3.27
CatalogAttribute	http://v8.1c.ru/8.3/MDClasses	ExtendedConfigurationObject	Uuid	1	8.3.27
CatalogAttribute	http://v8.1c.ru/8.3/MDClasses	ExtendedEdit	EBoolean	1	8.3.27
CatalogAttribute	http://v8.1c.ru/8.3/MDClasses	Extension	ObjectExtension	0	8.3.27
CatalogAttribute	http://v8.1c.ru/8.3/MDClasses	FillChecking	FillChecking	1	8.3.27
CatalogAttribute	http://v8.1c.ru/8.3/MDClasses	FillFromFillingValue	EBoolean	1	8.3.27
CatalogAttribute	http://v8.1c.ru/8.3/MDClasses	FillValue	Value	1	8.3.27
CatalogAttribute	http://v8.1c.ru/8.3/MDClasses	Format	LocalStringMapEntry	1	8.3.27
CatalogAttribute	http://v8.1c.ru/8.3/MDClasses	FullTextSearch	FullTextSearchUsing	1	8.3.27
CatalogAttribute	http://v8.1c.ru/8.3/MDClasses	Indexing	Indexing	1	8.3.27
CatalogAttribute	http://v8.1c.ru/8.3/MDClasses	LinkByType	TypeLink	1	8.3.27
CatalogAttribute	http://v8.1c.ru/8.3/MDClasses	MarkNegatives	EBoolean	1	8.3.27
CatalogAttribute	http://v8.1c.ru/8.3/MDClasses	Mask	EString	1	8.3.27
CatalogAttribute	http://v8.1c.ru/8.3/MDClasses	MaxValue	Value	1	8.3.27
CatalogAttribute	http://v8.1c.ru/8.3/MDClasses	MinValue	Value	1	8.3.27
CatalogAttribute	http://v8.1c.ru/8.3/MDClasses	MultiLine	EBoolean	1	8.3.27
CatalogAttribute	http://v8.1c.ru/8.3/MDClasses	Name	EString	1	8.3.27
CatalogAttribute	http://v8.1c.ru/8.3/MDClasses	ObjectBelonging	ObjectBelonging	1	8.3.27
CatalogAttribute	http://v8.1c.ru/8.3/MDClasses	PasswordMode	EBoolean	1	8.3.27
CatalogAttribute	http://v8.1c.ru/8.3/MDClasses	QuickChoice	UseQuickChoice	1	8.3.27
CatalogAttribute	http://v8.1c.ru/8.3/MDClasses	Synonym	LocalStringMapEntry	1	8.3.27
CatalogAttribute	http://v8.1c.ru/8.3/MDClasses	ToolTip	LocalStringMapEntry	1	8.3.27
CatalogAttribute	http://v8.1c.ru/8.3/MDClasses	Type	TypeDescription	1	8.3.27
CatalogAttribute	http://v8.1c.ru/8.3/MDClasses	Use	AttributeUse	1	8.3.27
CatalogAttribute	http://v8.1c.ru/8.3/MDClasses	Uuid	Uuid	0	8.3.27
CatalogCommand	http://v8.1c.ru/8.3/MDClasses	CommandParameterType	TypeDescription	1	8.3.27
CatalogCommand	http://v8.1c.ru/8.3/MDClasses	Comment	EString	1	8.3.27
CatalogCommand	http://v8.1c.ru/8.3/MDClasses	ExtendedConfigurationObject	Uuid	1	8.3.27
CatalogCommand	http://v8.1c.ru/8.3/MDClasses	Extension	ObjectExtension	0	8.3.27
CatalogCommand	http://v8.1c.ru/8.3/MDClasses	Group	CommandGroup	1	8.3.27
CatalogCommand	http://v8.1c.ru/8.3/MDClasses	ModifiesData	EBoolean	1	8.3.27
CatalogCommand	http://v8.1c.ru/8.3/MDClasses	Name	EString	1	8.3.27
CatalogCommand	http://v8.1c.ru/8.3/MDClasses	ObjectBelonging	ObjectBelonging	1	8.3.27
CatalogCommand	http://v8.1c.ru/8.3/MDClasses	OnMainServerUnavalableBehavior	OnMainServerUnavalableBehavior	1	8.3.27
CatalogCommand	http://v8.1c.ru/8.3/MDClasses	ParameterUseMode	CommandParameterUseMode	1	8.3.27
CatalogCommand	http://v8.1c.ru/8.3/MDClasses	Picture	Picture	1	8.3.27
CatalogCommand	http://v8.1c.ru/8.3/MDClasses	Representation	ButtonRepresentation	1	8.3.27
CatalogCommand	http://v8.1c.ru/8.3/MDClasses	Shortcut	Shortcut	1	8.3.27
CatalogCommand	http://v8.1c.ru/8.3/MDClasses	Synonym	LocalStringMapEntry	1	8.3.27
CatalogCommand	http://v8.1c.ru/8.3/MDClasses	ToolTip	LocalStringMapEntry	1	8.3.27
CatalogCommand	http://v8.1c.ru/8.3/MDClasses	Uuid	Uuid	0	8.3.27
CatalogForm	http://v8.1c.ru/8.3/MDClasses	Comment	EString	1	8.3.27
CatalogForm	http://v8.1c.ru/8.3/MDClasses	ExtendedConfigurationObject	Uuid	1	8.3.27
CatalogForm	http://v8.1c.ru/8.3/MDClasses	Extension	ObjectExtension	0	8.3.27
CatalogForm	http://v8.1c.ru/8.3/MDClasses	FormType	FormType	1	8.3.27
CatalogForm	http://v8.1c.ru/8.3/MDClasses	Help	Help	1	8.3.27
CatalogForm	http://v8.1c.ru/8.3/MDClasses	IncludeHelpInContents	EBoolean	1	8.3.27
CatalogForm	http://v8.1c.ru/8.3/MDClasses	Name	EString	1	8.3.27
CatalogForm	http://v8.1c.ru/8.3/MDClasses	ObjectBelonging	ObjectBelonging	1	8.3.27
CatalogForm	http://v8.1c.ru/8.3/MDClasses	Synonym	LocalStringMapEntry	1	8.3.27
CatalogForm	http://v8.1c.ru/8.3/MDClasses	UseInInterfaceCompatibilityMode	FormPreferableInterface	1	8.5.1
CatalogForm	http://v8.1c.ru/8.3/MDClasses	UsePurposes	ApplicationUsePurpose	1	8.3.27
CatalogForm	http://v8.1c.ru/8.3/MDClasses	Uuid	Uuid	0	8.3.27
CatalogPredefined	http://v8.1c.ru/8.3/MDClasses	Items	CatalogPredefinedItem	0	8.3.27
CatalogPredefinedItem	http://v8.1c.ru/8.3/MDClasses	Extension	ObjectExtension	0	8.3.27
CatalogPredefinedItem	http://v8.1c.ru/8.3/MDClasses	Id	Uuid	0	8.3.27
CatalogPredefinedItem	http://v8.1c.ru/8.3/xcf/predef	ChildItems	CatalogPredefinedItem	0	8.3.27
CatalogPredefinedItem	http://v8.1c.ru/8.3/xcf/predef	Code	Value	0	8.3.27
CatalogPredefinedItem	http://v8.1c.ru/8.3/xcf/predef	Description	EString	0	8.3.27
CatalogPredefinedItem	http://v8.1c.ru/8.3/xcf/predef	IsFolder	EBoolean	0	8.3.27
CatalogPredefinedItem	http://v8.1c.ru/8.3/xcf/predef	Name	EString	0	8.3.27
CatalogTabularSection	http://v8.1c.ru/8.3/MDClasses	Attribute	TabularSectionAttribute	0	8.3.27
CatalogTabularSection	http://v8.1c.ru/8.3/MDClasses	Comment	EString	1	8.3.27
CatalogTabularSection	http://v8.1c.ru/8.3/MDClasses	ExtendedConfigurationObject	Uuid	1	8.3.27
CatalogTabularSection	http://v8.1c.ru/8.3/MDClasses	Extension	ObjectExtension	0	8.3.27
CatalogTabularSection	http://v8.1c.ru/8.3/MDClasses	FillChecking	FillChecking	1	8.3.27
CatalogTabularSection	http://v8.1c.ru/8.3/MDClasses	LineNumberLength	EInt	1	8.3.27
CatalogTabularSection	http://v8.1c.ru/8.3/MDClasses	Name	EString	1	8.3.27
CatalogTabularSection	http://v8.1c.ru/8.3/MDClasses	ObjectBelonging	ObjectBelonging	1	8.3.27
CatalogTabularSection	http://v8.1c.ru/8.3/MDClasses	ProducedTypes	TabularSectionTypes	0	8.3.27
CatalogTabularSection	http://v8.1c.ru/8.3/MDClasses	StandardAttributes	StandardAttribute	1	8.3.27
CatalogTabularSection	http://v8.1c.ru/8.3/MDClasses	Synonym	LocalStringMapEntry	1	8.3.27
CatalogTabularSection	http://v8.1c.ru/8.3/MDClasses	ToolTip	LocalStringMapEntry	1	8.3.27
CatalogTabularSection	http://v8.1c.ru/8.3/MDClasses	Use	AttributeUse	1	8.3.27
CatalogTabularSection	http://v8.1c.ru/8.3/MDClasses	Uuid	Uuid	0	8.3.27
CharacteristicsDescription	http://v8.1c.ru/8.3/MDClasses	CharacteristicTypes	MdObject	0	8.3.27
CharacteristicsDescription	http://v8.1c.ru/8.3/MDClasses	CharacteristicValues	MdObject	0	8.3.27
CharacteristicsDescription	http://v8.1c.ru/8.3/xcf/readable	DataPathField	EString	0	8.3.27
CharacteristicsDescription	http://v8.1c.ru/8.3/xcf/readable	KeyField	Field	0	8.3.27
CharacteristicsDescription	http://v8.1c.ru/8.3/xcf/readable	MultipleValuesKeyField	Field	0	8.3.27
CharacteristicsDescription	http://v8.1c.ru/8.3/xcf/readable	MultipleValuesOrderField	Field	0	8.3.27
CharacteristicsDescription	http://v8.1c.ru/8.3/xcf/readable	MultipleValuesUseField	Field	0	8.3.27
CharacteristicsDescription	http://v8.1c.ru/8.3/xcf/readable	ObjectField	Field	0	8.3.27
CharacteristicsDescription	http://v8.1c.ru/8.3/xcf/readable	TypeField	Field	0	8.3.27
CharacteristicsDescription	http://v8.1c.ru/8.3/xcf/readable	TypesFilterField	Field	0	8.3.27
CharacteristicsDescription	http://v8.1c.ru/8.3/xcf/readable	TypesFilterValue	Value	0	8.3.27
CharacteristicsDescription	http://v8.1c.ru/8.3/xcf/readable	ValueField	Field	0	8.3.27
ChartLineTypeValue		Value	ChartLineType	0	8.3.27
ChartOfAccounts	http://v8.1c.ru/8.3/MDClasses	AccountingFlag	AccountingFlag	0	8.3.27
ChartOfAccounts	http://v8.1c.ru/8.3/MDClasses	Attribute	ChartOfAccountsAttribute	0	8.3.27
ChartOfAccounts	http://v8.1c.ru/8.3/MDClasses	AutoOrderByCode	EBoolean	1	8.3.27
ChartOfAccounts	http://v8.1c.ru/8.3/MDClasses	AuxiliaryChoiceForm	ChartOfAccountsForm	1	8.3.27
ChartOfAccounts	http://v8.1c.ru/8.3/MDClasses	AuxiliaryListForm	ChartOfAccountsForm	1	8.3.27
ChartOfAccounts	http://v8.1c.ru/8.3/MDClasses	AuxiliaryObjectForm	ChartOfAccountsForm	1	8.3.27
ChartOfAccounts	http://v8.1c.ru/8.3/MDClasses	BasedOn	MdObject	1	8.3.27
ChartOfAccounts	http://v8.1c.ru/8.3/MDClasses	Characteristics	CharacteristicsDescription	1	8.3.27
ChartOfAccounts	http://v8.1c.ru/8.3/MDClasses	CheckUnique	EBoolean	1	8.3.27
ChartOfAccounts	http://v8.1c.ru/8.3/MDClasses	ChoiceDataGetModeOnInputByString	ChoiceDataGetModeOnInputByString	1	8.3.27
ChartOfAccounts	http://v8.1c.ru/8.3/MDClasses	ChoiceHistoryOnInput	ChoiceHistoryOnInput	1	8.3.27
ChartOfAccounts	http://v8.1c.ru/8.3/MDClasses	ChoiceMode	ChoiceMode	1	8.3.27
ChartOfAccounts	http://v8.1c.ru/8.3/MDClasses	CodeLength	EInt	1	8.3.27
ChartOfAccounts	http://v8.1c.ru/8.3/MDClasses	CodeMask	EString	1	8.3.27
ChartOfAccounts	http://v8.1c.ru/8.3/MDClasses	CodeSeries	CharOfAccountCodeSeries	1	8.3.27
ChartOfAccounts	http://v8.1c.ru/8.3/MDClasses	Command	ChartOfAccountsCommand	0	8.3.27
ChartOfAccounts	http://v8.1c.ru/8.3/MDClasses	Comment	EString	1	8.3.27
ChartOfAccounts	http://v8.1c.ru/8.3/MDClasses	CreateOnInput	CreateOnInput	1	8.3.27
ChartOfAccounts	http://v8.1c.ru/8.3/MDClasses	DataHistory	DataHistoryUse	1	8.3.27
ChartOfAccounts	http://v8.1c.ru/8.3/MDClasses	DataLockControlMode	DefaultDataLockControlMode	1	8.3.27
ChartOfAccounts	http://v8.1c.ru/8.3/MDClasses	DataLockFields	Field	1	8.3.27
ChartOfAccounts	http://v8.1c.ru/8.3/MDClasses	DefaultChoiceForm	ChartOfAccountsForm	1	8.3.27
ChartOfAccounts	http://v8.1c.ru/8.3/MDClasses	DefaultListForm	ChartOfAccountsForm	1	8.3.27
ChartOfAccounts	http://v8.1c.ru/8.3/MDClasses	DefaultObjectForm	ChartOfAccountsForm	1	8.3.27
ChartOfAccounts	http://v8.1c.ru/8.3/MDClasses	DefaultPresentation	AccountMainPresentation	1	8.3.27
ChartOfAccounts	http://v8.1c.ru/8.3/MDClasses	DescriptionLength	EInt	1	8.3.27
ChartOfAccounts	http://v8.1c.ru/8.3/MDClasses	EditType	EditType	1	8.3.27
ChartOfAccounts	http://v8.1c.ru/8.3/MDClasses	ExecuteAfterWriteDataHistoryVersionProcessing	EBoolean	1	8.3.27
ChartOfAccounts	http://v8.1c.ru/8.3/MDClasses	Explanation	LocalStringMapEntry	1	8.3.27
ChartOfAccounts	http://v8.1c.ru/8.3/MDClasses	ExtDimensionAccountingFlag	ExtDimensionAccountingFlag	0	8.3.27
ChartOfAccounts	http://v8.1c.ru/8.3/MDClasses	ExtDimensionTypes	ChartOfCharacteristicTypes	1	8.3.27
ChartOfAccounts	http://v8.1c.ru/8.3/MDClasses	ExtendedConfigurationObject	Uuid	1	8.3.27
ChartOfAccounts	http://v8.1c.ru/8.3/MDClasses	ExtendedListPresentation	LocalStringMapEntry	1	8.3.27
ChartOfAccounts	http://v8.1c.ru/8.3/MDClasses	ExtendedObjectPresentation	LocalStringMapEntry	1	8.3.27
ChartOfAccounts	http://v8.1c.ru/8.3/MDClasses	Extension	ObjectExtension	0	8.3.27
ChartOfAccounts	http://v8.1c.ru/8.3/MDClasses	Form	ChartOfAccountsForm	0	8.3.27
ChartOfAccounts	http://v8.1c.ru/8.3/MDClasses	FullTextSearch	FullTextSearchUsing	1	8.3.27
ChartOfAccounts	http://v8.1c.ru/8.3/MDClasses	FullTextSearchOnInputByString	FullTextSearchOnInputByString	1	8.3.27
ChartOfAccounts	http://v8.1c.ru/8.3/MDClasses	Help	Help	1	8.3.27
ChartOfAccounts	http://v8.1c.ru/8.3/MDClasses	IncludeHelpInContents	EBoolean	1	8.3.27
ChartOfAccounts	http://v8.1c.ru/8.3/MDClasses	InputByString	Field	1	8.3.27
ChartOfAccounts	http://v8.1c.ru/8.3/MDClasses	ListPresentation	LocalStringMapEntry	1	8.3.27
ChartOfAccounts	http://v8.1c.ru/8.3/MDClasses	MaxExtDimensionCount	EInt	1	8.3.27
ChartOfAccounts	http://v8.1c.ru/8.3/MDClasses	Name	EString	1	8.3.27
ChartOfAccounts	http://v8.1c.ru/8.3/MDClasses	ObjectBelonging	ObjectBelonging	1	8.3.27
ChartOfAccounts	http://v8.1c.ru/8.3/MDClasses	ObjectPresentation	LocalStringMapEntry	1	8.3.27
ChartOfAccounts	http://v8.1c.ru/8.3/MDClasses	OrderLength	EInt	1	8.3.27
ChartOfAccounts	http://v8.1c.ru/8.3/MDClasses	Predefined	ChartOfAccountsPredefined	1	8.3.27
ChartOfAccounts	http://v8.1c.ru/8.3/MDClasses	PredefinedDataUpdate	PredefinedDataUpdate	1	8.3.27
ChartOfAccounts	http://v8.1c.ru/8.3/MDClasses	ProducedTypes	ChartOfAccountsTypes	0	8.3.27
ChartOfAccounts	http://v8.1c.ru/8.3/MDClasses	QuickChoice	EBoolean	1	8.3.27
ChartOfAccounts	http://v8.1c.ru/8.3/MDClasses	SearchStringModeOnInputByString	SearchStringModeOnInputByString	1	8.3.27
ChartOfAccounts	http://v8.1c.ru/8.3/MDClasses	StandardAttributes	StandardAttribute	1	8.3.27
ChartOfAccounts	http://v8.1c.ru/8.3/MDClasses	StandardTabularSections	StandardTabularSectionDescription	1	8.3.27
ChartOfAccounts	http://v8.1c.ru/8.3/MDClasses	Synonym	LocalStringMapEntry	1	8.3.27
ChartOfAccounts	http://v8.1c.ru/8.3/MDClasses	TabularSection	ChartOfAccountsTabularSection	0	8.3.27
ChartOfAccounts	http://v8.1c.ru/8.3/MDClasses	Template	Template	0	8.3.27
ChartOfAccounts	http://v8.1c.ru/8.3/MDClasses	UpdateDataHistoryImmediatelyAfterWrite	EBoolean	1	8.3.27
ChartOfAccounts	http://v8.1c.ru/8.3/MDClasses	UseStandardCommands	EBoolean	1	8.3.27
ChartOfAccounts	http://v8.1c.ru/8.3/MDClasses	Uuid	Uuid	0	8.3.27
ChartOfAccountsAttribute	http://v8.1c.ru/8.3/MDClasses	BinaryDataStorageLocationUse	BinaryDataStorageLocationUse	1	8.3.27
ChartOfAccountsAttribute	http://v8.1c.ru/8.3/MDClasses	BinaryDataStorageLocationUseField	MdObject	1	8.3.27
ChartOfAccountsAttribute	http://v8.1c.ru/8.3/MDClasses	ChoiceFoldersAndItems	FoldersAndItemsUse	1	8.3.27
ChartOfAccountsAttribute	http://v8.1c.ru/8.3/MDClasses	ChoiceForm	BasicForm	1	8.3.27
ChartOfAccountsAttribute	http://v8.1c.ru/8.3/MDClasses	ChoiceHistoryOnInput	ChoiceHistoryOnInput	1	8.3.27
ChartOfAccountsAttribute	http://v8.1c.ru/8.3/MDClasses	ChoiceParameterLinks	ChoiceParameterLink	1	8.3.27
ChartOfAccountsAttribute	http://v8.1c.ru/8.3/MDClasses	ChoiceParameters	ChoiceParameter	1	8.3.27
ChartOfAccountsAttribute	http://v8.1c.ru/8.3/MDClasses	Comment	EString	1	8.3.27
ChartOfAccountsAttribute	http://v8.1c.ru/8.3/MDClasses	CreateOnInput	CreateOnInput	1	8.3.27
ChartOfAccountsAttribute	http://v8.1c.ru/8.3/MDClasses	DataHistory	DataHistoryUse	1	8.3.27
ChartOfAccountsAttribute	http://v8.1c.ru/8.3/MDClasses	EditFormat	LocalStringMapEntry	1	8.3.27
ChartOfAccountsAttribute	http://v8.1c.ru/8.3/MDClasses	ExtendedConfigurationObject	Uuid	1	8.3.27
ChartOfAccountsAttribute	http://v8.1c.ru/8.3/MDClasses	ExtendedEdit	EBoolean	1	8.3.27
ChartOfAccountsAttribute	http://v8.1c.ru/8.3/MDClasses	Extension	ObjectExtension	0	8.3.27
ChartOfAccountsAttribute	http://v8.1c.ru/8.3/MDClasses	FillChecking	FillChecking	1	8.3.27
ChartOfAccountsAttribute	http://v8.1c.ru/8.3/MDClasses	FillFromFillingValue	EBoolean	1	8.3.27
ChartOfAccountsAttribute	http://v8.1c.ru/8.3/MDClasses	FillValue	Value	1	8.3.27
ChartOfAccountsAttribute	http://v8.1c.ru/8.3/MDClasses	Format	LocalStringMapEntry	1	8.3.27
ChartOfAccountsAttribute	http://v8.1c.ru/8.3/MDClasses	FullTextSearch	FullTextSearchUsing	1	8.3.27
ChartOfAccountsAttribute	http://v8.1c.ru/8.3/MDClasses	Indexing	Indexing	1	8.3.27
ChartOfAccountsAttribute	http://v8.1c.ru/8.3/MDClasses	LinkByType	TypeLink	1	8.3.27
ChartOfAccountsAttribute	http://v8.1c.ru/8.3/MDClasses	MarkNegatives	EBoolean	1	8.3.27
ChartOfAccountsAttribute	http://v8.1c.ru/8.3/MDClasses	Mask	EString	1	8.3.27
ChartOfAccountsAttribute	http://v8.1c.ru/8.3/MDClasses	MaxValue	Value	1	8.3.27
ChartOfAccountsAttribute	http://v8.1c.ru/8.3/MDClasses	MinValue	Value	1	8.3.27
ChartOfAccountsAttribute	http://v8.1c.ru/8.3/MDClasses	MultiLine	EBoolean	1	8.3.27
ChartOfAccountsAttribute	http://v8.1c.ru/8.3/MDClasses	Name	EString	1	8.3.27
ChartOfAccountsAttribute	http://v8.1c.ru/8.3/MDClasses	ObjectBelonging	ObjectBelonging	1	8.3.27
ChartOfAccountsAttribute	http://v8.1c.ru/8.3/MDClasses	PasswordMode	EBoolean	1	8.3.27
ChartOfAccountsAttribute	http://v8.1c.ru/8.3/MDClasses	QuickChoice	UseQuickChoice	1	8.3.27
ChartOfAccountsAttribute	http://v8.1c.ru/8.3/MDClasses	Synonym	LocalStringMapEntry	1	8.3.27
ChartOfAccountsAttribute	http://v8.1c.ru/8.3/MDClasses	ToolTip	LocalStringMapEntry	1	8.3.27
ChartOfAccountsAttribute	http://v8.1c.ru/8.3/MDClasses	Type	TypeDescription	1	8.3.27
ChartOfAccountsAttribute	http://v8.1c.ru/8.3/MDClasses	Uuid	Uuid	0	8.3.27
ChartOfAccountsCommand	http://v8.1c.ru/8.3/MDClasses	CommandParameterType	TypeDescription	1	8.3.27
ChartOfAccountsCommand	http://v8.1c.ru/8.3/MDClasses	Comment	EString	1	8.3.27
ChartOfAccountsCommand	http://v8.1c.ru/8.3/MDClasses	ExtendedConfigurationObject	Uuid	1	8.3.27
ChartOfAccountsCommand	http://v8.1c.ru/8.3/MDClasses	Extension	ObjectExtension	0	8.3.27
ChartOfAccountsCommand	http://v8.1c.ru/8.3/MDClasses	Group	CommandGroup	1	8.3.27
ChartOfAccountsCommand	http://v8.1c.ru/8.3/MDClasses	ModifiesData	EBoolean	1	8.3.27
ChartOfAccountsCommand	http://v8.1c.ru/8.3/MDClasses	Name	EString	1	8.3.27
ChartOfAccountsCommand	http://v8.1c.ru/8.3/MDClasses	ObjectBelonging	ObjectBelonging	1	8.3.27
ChartOfAccountsCommand	http://v8.1c.ru/8.3/MDClasses	OnMainServerUnavalableBehavior	OnMainServerUnavalableBehavior	1	8.3.27
ChartOfAccountsCommand	http://v8.1c.ru/8.3/MDClasses	ParameterUseMode	CommandParameterUseMode	1	8.3.27
ChartOfAccountsCommand	http://v8.1c.ru/8.3/MDClasses	Picture	Picture	1	8.3.27
ChartOfAccountsCommand	http://v8.1c.ru/8.3/MDClasses	Representation	ButtonRepresentation	1	8.3.27
ChartOfAccountsCommand	http://v8.1c.ru/8.3/MDClasses	Shortcut	Shortcut	1	8.3.27
ChartOfAccountsCommand	http://v8.1c.ru/8.3/MDClasses	Synonym	LocalStringMapEntry	1	8.3.27
ChartOfAccountsCommand	http://v8.1c.ru/8.3/MDClasses	ToolTip	LocalStringMapEntry	1	8.3.27
ChartOfAccountsCommand	http://v8.1c.ru/8.3/MDClasses	Uuid	Uuid	0	8.3.27
ChartOfAccountsForm	http://v8.1c.ru/8.3/MDClasses	Comment	EString	1	8.3.27
ChartOfAccountsForm	http://v8.1c.ru/8.3/MDClasses	ExtendedConfigurationObject	Uuid	1	8.3.27
ChartOfAccountsForm	http://v8.1c.ru/8.3/MDClasses	Extension	ObjectExtension	0	8.3.27
ChartOfAccountsForm	http://v8.1c.ru/8.3/MDClasses	FormType	FormType	1	8.3.27
ChartOfAccountsForm	http://v8.1c.ru/8.3/MDClasses	Help	Help	1	8.3.27
ChartOfAccountsForm	http://v8.1c.ru/8.3/MDClasses	IncludeHelpInContents	EBoolean	1	8.3.27
ChartOfAccountsForm	http://v8.1c.ru/8.3/MDClasses	Name	EString	1	8.3.27
ChartOfAccountsForm	http://v8.1c.ru/8.3/MDClasses	ObjectBelonging	ObjectBelonging	1	8.3.27
ChartOfAccountsForm	http://v8.1c.ru/8.3/MDClasses	Synonym	LocalStringMapEntry	1	8.3.27
ChartOfAccountsForm	http://v8.1c.ru/8.3/MDClasses	UseInInterfaceCompatibilityMode	FormPreferableInterface	1	8.5.1
ChartOfAccountsForm	http://v8.1c.ru/8.3/MDClasses	UsePurposes	ApplicationUsePurpose	1	8.3.27
ChartOfAccountsForm	http://v8.1c.ru/8.3/MDClasses	Uuid	Uuid	0	8.3.27
ChartOfAccountsPredefined	http://v8.1c.ru/8.3/MDClasses	Items	ChartOfAccountsPredefinedItem	0	8.3.27
ChartOfAccountsPredefinedItem	http://v8.1c.ru/8.3/MDClasses	Extension	ObjectExtension	0	8.3.27
ChartOfAccountsPredefinedItem	http://v8.1c.ru/8.3/MDClasses	Id	Uuid	0	8.3.27
ChartOfAccountsPredefinedItem	http://v8.1c.ru/8.3/xcf/predef	AccountType	AccountType	0	8.3.27
ChartOfAccountsPredefinedItem	http://v8.1c.ru/8.3/xcf/predef	AccountingFlags	AccountingFlag	0	8.3.27
ChartOfAccountsPredefinedItem	http://v8.1c.ru/8.3/xcf/predef	ChildItems	ChartOfAccountsPredefinedItem	0	8.3.27
ChartOfAccountsPredefinedItem	http://v8.1c.ru/8.3/xcf/predef	Code	EString	0	8.3.27
ChartOfAccountsPredefinedItem	http://v8.1c.ru/8.3/xcf/predef	Description	EString	0	8.3.27
ChartOfAccountsPredefinedItem	http://v8.1c.ru/8.3/xcf/predef	ExtDimensionTypes	ExtDimensionType	0	8.3.27
ChartOfAccountsPredefinedItem	http://v8.1c.ru/8.3/xcf/predef	Name	EString	0	8.3.27
ChartOfAccountsPredefinedItem	http://v8.1c.ru/8.3/xcf/predef	OffBalance	EBoolean	0	8.3.27
ChartOfAccountsPredefinedItem	http://v8.1c.ru/8.3/xcf/predef	Order	EString	0	8.3.27
ChartOfAccountsTabularSection	http://v8.1c.ru/8.3/MDClasses	Attribute	TabularSectionAttribute	0	8.3.27
ChartOfAccountsTabularSection	http://v8.1c.ru/8.3/MDClasses	Comment	EString	1	8.3.27
ChartOfAccountsTabularSection	http://v8.1c.ru/8.3/MDClasses	ExtendedConfigurationObject	Uuid	1	8.3.27
ChartOfAccountsTabularSection	http://v8.1c.ru/8.3/MDClasses	Extension	ObjectExtension	0	8.3.27
ChartOfAccountsTabularSection	http://v8.1c.ru/8.3/MDClasses	FillChecking	FillChecking	1	8.3.27
ChartOfAccountsTabularSection	http://v8.1c.ru/8.3/MDClasses	LineNumberLength	EInt	1	8.3.27
ChartOfAccountsTabularSection	http://v8.1c.ru/8.3/MDClasses	Name	EString	1	8.3.27
ChartOfAccountsTabularSection	http://v8.1c.ru/8.3/MDClasses	ObjectBelonging	ObjectBelonging	1	8.3.27
ChartOfAccountsTabularSection	http://v8.1c.ru/8.3/MDClasses	ProducedTypes	TabularSectionTypes	0	8.3.27
ChartOfAccountsTabularSection	http://v8.1c.ru/8.3/MDClasses	StandardAttributes	StandardAttribute	1	8.3.27
ChartOfAccountsTabularSection	http://v8.1c.ru/8.3/MDClasses	Synonym	LocalStringMapEntry	1	8.3.27
ChartOfAccountsTabularSection	http://v8.1c.ru/8.3/MDClasses	ToolTip	LocalStringMapEntry	1	8.3.27
ChartOfAccountsTabularSection	http://v8.1c.ru/8.3/MDClasses	Uuid	Uuid	0	8.3.27
ChartOfCalculationTypes	http://v8.1c.ru/8.3/MDClasses	ActionPeriodUse	EBoolean	1	8.3.27
ChartOfCalculationTypes	http://v8.1c.ru/8.3/MDClasses	Attribute	ChartOfCalculationTypesAttribute	0	8.3.27
ChartOfCalculationTypes	http://v8.1c.ru/8.3/MDClasses	AuxiliaryChoiceForm	ChartOfCalculationTypesForm	1	8.3.27
ChartOfCalculationTypes	http://v8.1c.ru/8.3/MDClasses	AuxiliaryListForm	ChartOfCalculationTypesForm	1	8.3.27
ChartOfCalculationTypes	http://v8.1c.ru/8.3/MDClasses	AuxiliaryObjectForm	ChartOfCalculationTypesForm	1	8.3.27
ChartOfCalculationTypes	http://v8.1c.ru/8.3/MDClasses	BaseCalculationTypes	ChartOfCalculationTypes	1	8.3.27
ChartOfCalculationTypes	http://v8.1c.ru/8.3/MDClasses	BasedOn	MdObject	1	8.3.27
ChartOfCalculationTypes	http://v8.1c.ru/8.3/MDClasses	Characteristics	CharacteristicsDescription	1	8.3.27
ChartOfCalculationTypes	http://v8.1c.ru/8.3/MDClasses	ChoiceDataGetModeOnInputByString	ChoiceDataGetModeOnInputByString	1	8.3.27
ChartOfCalculationTypes	http://v8.1c.ru/8.3/MDClasses	ChoiceHistoryOnInput	ChoiceHistoryOnInput	1	8.3.27
ChartOfCalculationTypes	http://v8.1c.ru/8.3/MDClasses	ChoiceMode	ChoiceMode	1	8.3.27
ChartOfCalculationTypes	http://v8.1c.ru/8.3/MDClasses	CodeAllowedLength	AllowedLength	1	8.3.27
ChartOfCalculationTypes	http://v8.1c.ru/8.3/MDClasses	CodeLength	EInt	1	8.3.27
ChartOfCalculationTypes	http://v8.1c.ru/8.3/MDClasses	CodeType	ChartOfCalculationTypesCodeType	1	8.3.27
ChartOfCalculationTypes	http://v8.1c.ru/8.3/MDClasses	Command	ChartOfCalculationTypesCommand	0	8.3.27
ChartOfCalculationTypes	http://v8.1c.ru/8.3/MDClasses	Comment	EString	1	8.3.27
ChartOfCalculationTypes	http://v8.1c.ru/8.3/MDClasses	CreateOnInput	CreateOnInput	1	8.3.27
ChartOfCalculationTypes	http://v8.1c.ru/8.3/MDClasses	DataHistory	DataHistoryUse	1	8.3.27
ChartOfCalculationTypes	http://v8.1c.ru/8.3/MDClasses	DataLockControlMode	DefaultDataLockControlMode	1	8.3.27
ChartOfCalculationTypes	http://v8.1c.ru/8.3/MDClasses	DataLockFields	Field	1	8.3.27
ChartOfCalculationTypes	http://v8.1c.ru/8.3/MDClasses	DefaultChoiceForm	ChartOfCalculationTypesForm	1	8.3.27
ChartOfCalculationTypes	http://v8.1c.ru/8.3/MDClasses	DefaultListForm	ChartOfCalculationTypesForm	1	8.3.27
ChartOfCalculationTypes	http://v8.1c.ru/8.3/MDClasses	DefaultObjectForm	ChartOfCalculationTypesForm	1	8.3.27
ChartOfCalculationTypes	http://v8.1c.ru/8.3/MDClasses	DefaultPresentation	CalculationTypeMainPresentation	1	8.3.27
ChartOfCalculationTypes	http://v8.1c.ru/8.3/MDClasses	DependenceOnCalculationTypes	ChartOfCalculationTypesBaseUse	1	8.3.27
ChartOfCalculationTypes	http://v8.1c.ru/8.3/MDClasses	DescriptionLength	EInt	1	8.3.27
ChartOfCalculationTypes	http://v8.1c.ru/8.3/MDClasses	EditType	EditType	1	8.3.27
ChartOfCalculationTypes	http://v8.1c.ru/8.3/MDClasses	ExecuteAfterWriteDataHistoryVersionProcessing	EBoolean	1	8.3.27
ChartOfCalculationTypes	http://v8.1c.ru/8.3/MDClasses	Explanation	LocalStringMapEntry	1	8.3.27
ChartOfCalculationTypes	http://v8.1c.ru/8.3/MDClasses	ExtendedConfigurationObject	Uuid	1	8.3.27
ChartOfCalculationTypes	http://v8.1c.ru/8.3/MDClasses	ExtendedListPresentation	LocalStringMapEntry	1	8.3.27
ChartOfCalculationTypes	http://v8.1c.ru/8.3/MDClasses	ExtendedObjectPresentation	LocalStringMapEntry	1	8.3.27
ChartOfCalculationTypes	http://v8.1c.ru/8.3/MDClasses	Extension	ObjectExtension	0	8.3.27
ChartOfCalculationTypes	http://v8.1c.ru/8.3/MDClasses	Form	ChartOfCalculationTypesForm	0	8.3.27
ChartOfCalculationTypes	http://v8.1c.ru/8.3/MDClasses	FullTextSearch	FullTextSearchUsing	1	8.3.27
ChartOfCalculationTypes	http://v8.1c.ru/8.3/MDClasses	FullTextSearchOnInputByString	FullTextSearchOnInputByString	1	8.3.27
ChartOfCalculationTypes	http://v8.1c.ru/8.3/MDClasses	Help	Help	1	8.3.27
ChartOfCalculationTypes	http://v8.1c.ru/8.3/MDClasses	IncludeHelpInContents	EBoolean	1	8.3.27
ChartOfCalculationTypes	http://v8.1c.ru/8.3/MDClasses	InputByString	Field	1	8.3.27
ChartOfCalculationTypes	http://v8.1c.ru/8.3/MDClasses	ListPresentation	LocalStringMapEntry	1	8.3.27
ChartOfCalculationTypes	http://v8.1c.ru/8.3/MDClasses	Name	EString	1	8.3.27
ChartOfCalculationTypes	http://v8.1c.ru/8.3/MDClasses	ObjectBelonging	ObjectBelonging	1	8.3.27
ChartOfCalculationTypes	http://v8.1c.ru/8.3/MDClasses	ObjectPresentation	LocalStringMapEntry	1	8.3.27
ChartOfCalculationTypes	http://v8.1c.ru/8.3/MDClasses	Predefined	ChartOfCalculationTypesPredefined	1	8.3.27
ChartOfCalculationTypes	http://v8.1c.ru/8.3/MDClasses	PredefinedDataUpdate	PredefinedDataUpdate	1	8.3.27
ChartOfCalculationTypes	http://v8.1c.ru/8.3/MDClasses	ProducedTypes	ChartOfCalculationTypesTypes	0	8.3.27
ChartOfCalculationTypes	http://v8.1c.ru/8.3/MDClasses	QuickChoice	EBoolean	1	8.3.27
ChartOfCalculationTypes	http://v8.1c.ru/8.3/MDClasses	SearchStringModeOnInputByString	SearchStringModeOnInputByString	1	8.3.27
ChartOfCalculationTypes	http://v8.1c.ru/8.3/MDClasses	StandardAttributes	StandardAttribute	1	8.3.27
ChartOfCalculationTypes	http://v8.1c.ru/8.3/MDClasses	StandardTabularSections	StandardTabularSectionDescription	1	8.3.27
ChartOfCalculationTypes	http://v8.1c.ru/8.3/MDClasses	Synonym	LocalStringMapEntry	1	8.3.27
ChartOfCalculationTypes	http://v8.1c.ru/8.3/MDClasses	TabularSection	ChartOfCalculationTypesTabularSection	0	8.3.27
ChartOfCalculationTypes	http://v8.1c.ru/8.3/MDClasses	Template	Template	0	8.3.27
ChartOfCalculationTypes	http://v8.1c.ru/8.3/MDClasses	UpdateDataHistoryImmediatelyAfterWrite	EBoolean	1	8.3.27
ChartOfCalculationTypes	http://v8.1c.ru/8.3/MDClasses	UseStandardCommands	EBoolean	1	8.3.27
ChartOfCalculationTypes	http://v8.1c.ru/8.3/MDClasses	Uuid	Uuid	0	8.3.27
ChartOfCalculationTypesAttribute	http://v8.1c.ru/8.3/MDClasses	BinaryDataStorageLocationUse	BinaryDataStorageLocationUse	1	8.3.27
ChartOfCalculationTypesAttribute	http://v8.1c.ru/8.3/MDClasses	BinaryDataStorageLocationUseField	MdObject	1	8.3.27
ChartOfCalculationTypesAttribute	http://v8.1c.ru/8.3/MDClasses	ChoiceFoldersAndItems	FoldersAndItemsUse	1	8.3.27
ChartOfCalculationTypesAttribute	http://v8.1c.ru/8.3/MDClasses	ChoiceForm	BasicForm	1	8.3.27
ChartOfCalculationTypesAttribute	http://v8.1c.ru/8.3/MDClasses	ChoiceHistoryOnInput	ChoiceHistoryOnInput	1	8.3.27
ChartOfCalculationTypesAttribute	http://v8.1c.ru/8.3/MDClasses	ChoiceParameterLinks	ChoiceParameterLink	1	8.3.27
ChartOfCalculationTypesAttribute	http://v8.1c.ru/8.3/MDClasses	ChoiceParameters	ChoiceParameter	1	8.3.27
ChartOfCalculationTypesAttribute	http://v8.1c.ru/8.3/MDClasses	Comment	EString	1	8.3.27
ChartOfCalculationTypesAttribute	http://v8.1c.ru/8.3/MDClasses	CreateOnInput	CreateOnInput	1	8.3.27
ChartOfCalculationTypesAttribute	http://v8.1c.ru/8.3/MDClasses	DataHistory	DataHistoryUse	1	8.3.27
ChartOfCalculationTypesAttribute	http://v8.1c.ru/8.3/MDClasses	EditFormat	LocalStringMapEntry	1	8.3.27
ChartOfCalculationTypesAttribute	http://v8.1c.ru/8.3/MDClasses	ExtendedConfigurationObject	Uuid	1	8.3.27
ChartOfCalculationTypesAttribute	http://v8.1c.ru/8.3/MDClasses	ExtendedEdit	EBoolean	1	8.3.27
ChartOfCalculationTypesAttribute	http://v8.1c.ru/8.3/MDClasses	Extension	ObjectExtension	0	8.3.27
ChartOfCalculationTypesAttribute	http://v8.1c.ru/8.3/MDClasses	FillChecking	FillChecking	1	8.3.27
ChartOfCalculationTypesAttribute	http://v8.1c.ru/8.3/MDClasses	FillFromFillingValue	EBoolean	1	8.3.27
ChartOfCalculationTypesAttribute	http://v8.1c.ru/8.3/MDClasses	FillValue	Value	1	8.3.27
ChartOfCalculationTypesAttribute	http://v8.1c.ru/8.3/MDClasses	Format	LocalStringMapEntry	1	8.3.27
ChartOfCalculationTypesAttribute	http://v8.1c.ru/8.3/MDClasses	FullTextSearch	FullTextSearchUsing	1	8.3.27
ChartOfCalculationTypesAttribute	http://v8.1c.ru/8.3/MDClasses	Indexing	Indexing	1	8.3.27
ChartOfCalculationTypesAttribute	http://v8.1c.ru/8.3/MDClasses	LinkByType	TypeLink	1	8.3.27
ChartOfCalculationTypesAttribute	http://v8.1c.ru/8.3/MDClasses	MarkNegatives	EBoolean	1	8.3.27
ChartOfCalculationTypesAttribute	http://v8.1c.ru/8.3/MDClasses	Mask	EString	1	8.3.27
ChartOfCalculationTypesAttribute	http://v8.1c.ru/8.3/MDClasses	MaxValue	Value	1	8.3.27
ChartOfCalculationTypesAttribute	http://v8.1c.ru/8.3/MDClasses	MinValue	Value	1	8.3.27
ChartOfCalculationTypesAttribute	http://v8.1c.ru/8.3/MDClasses	MultiLine	EBoolean	1	8.3.27
ChartOfCalculationTypesAttribute	http://v8.1c.ru/8.3/MDClasses	Name	EString	1	8.3.27
ChartOfCalculationTypesAttribute	http://v8.1c.ru/8.3/MDClasses	ObjectBelonging	ObjectBelonging	1	8.3.27
ChartOfCalculationTypesAttribute	http://v8.1c.ru/8.3/MDClasses	PasswordMode	EBoolean	1	8.3.27
ChartOfCalculationTypesAttribute	http://v8.1c.ru/8.3/MDClasses	QuickChoice	UseQuickChoice	1	8.3.27
ChartOfCalculationTypesAttribute	http://v8.1c.ru/8.3/MDClasses	Synonym	LocalStringMapEntry	1	8.3.27
ChartOfCalculationTypesAttribute	http://v8.1c.ru/8.3/MDClasses	ToolTip	LocalStringMapEntry	1	8.3.27
ChartOfCalculationTypesAttribute	http://v8.1c.ru/8.3/MDClasses	Type	TypeDescription	1	8.3.27
ChartOfCalculationTypesAttribute	http://v8.1c.ru/8.3/MDClasses	Uuid	Uuid	0	8.3.27
ChartOfCalculationTypesCommand	http://v8.1c.ru/8.3/MDClasses	CommandParameterType	TypeDescription	1	8.3.27
ChartOfCalculationTypesCommand	http://v8.1c.ru/8.3/MDClasses	Comment	EString	1	8.3.27
ChartOfCalculationTypesCommand	http://v8.1c.ru/8.3/MDClasses	ExtendedConfigurationObject	Uuid	1	8.3.27
ChartOfCalculationTypesCommand	http://v8.1c.ru/8.3/MDClasses	Extension	ObjectExtension	0	8.3.27
ChartOfCalculationTypesCommand	http://v8.1c.ru/8.3/MDClasses	Group	CommandGroup	1	8.3.27
ChartOfCalculationTypesCommand	http://v8.1c.ru/8.3/MDClasses	ModifiesData	EBoolean	1	8.3.27
ChartOfCalculationTypesCommand	http://v8.1c.ru/8.3/MDClasses	Name	EString	1	8.3.27
ChartOfCalculationTypesCommand	http://v8.1c.ru/8.3/MDClasses	ObjectBelonging	ObjectBelonging	1	8.3.27
ChartOfCalculationTypesCommand	http://v8.1c.ru/8.3/MDClasses	OnMainServerUnavalableBehavior	OnMainServerUnavalableBehavior	1	8.3.27
ChartOfCalculationTypesCommand	http://v8.1c.ru/8.3/MDClasses	ParameterUseMode	CommandParameterUseMode	1	8.3.27
ChartOfCalculationTypesCommand	http://v8.1c.ru/8.3/MDClasses	Picture	Picture	1	8.3.27
ChartOfCalculationTypesCommand	http://v8.1c.ru/8.3/MDClasses	Representation	ButtonRepresentation	1	8.3.27
ChartOfCalculationTypesCommand	http://v8.1c.ru/8.3/MDClasses	Shortcut	Shortcut	1	8.3.27
ChartOfCalculationTypesCommand	http://v8.1c.ru/8.3/MDClasses	Synonym	LocalStringMapEntry	1	8.3.27
ChartOfCalculationTypesCommand	http://v8.1c.ru/8.3/MDClasses	ToolTip	LocalStringMapEntry	1	8.3.27
ChartOfCalculationTypesCommand	http://v8.1c.ru/8.3/MDClasses	Uuid	Uuid	0	8.3.27
ChartOfCalculationTypesForm	http://v8.1c.ru/8.3/MDClasses	Comment	EString	1	8.3.27
ChartOfCalculationTypesForm	http://v8.1c.ru/8.3/MDClasses	ExtendedConfigurationObject	Uuid	1	8.3.27
ChartOfCalculationTypesForm	http://v8.1c.ru/8.3/MDClasses	Extension	ObjectExtension	0	8.3.27
ChartOfCalculationTypesForm	http://v8.1c.ru/8.3/MDClasses	FormType	FormType	1	8.3.27
ChartOfCalculationTypesForm	http://v8.1c.ru/8.3/MDClasses	Help	Help	1	8.3.27
ChartOfCalculationTypesForm	http://v8.1c.ru/8.3/MDClasses	IncludeHelpInContents	EBoolean	1	8.3.27
ChartOfCalculationTypesForm	http://v8.1c.ru/8.3/MDClasses	Name	EString	1	8.3.27
ChartOfCalculationTypesForm	http://v8.1c.ru/8.3/MDClasses	ObjectBelonging	ObjectBelonging	1	8.3.27
ChartOfCalculationTypesForm	http://v8.1c.ru/8.3/MDClasses	Synonym	LocalStringMapEntry	1	8.3.27
ChartOfCalculationTypesForm	http://v8.1c.ru/8.3/MDClasses	UseInInterfaceCompatibilityMode	FormPreferableInterface	1	8.5.1
ChartOfCalculationTypesForm	http://v8.1c.ru/8.3/MDClasses	UsePurposes	ApplicationUsePurpose	1	8.3.27
ChartOfCalculationTypesForm	http://v8.1c.ru/8.3/MDClasses	Uuid	Uuid	0	8.3.27
ChartOfCalculationTypesPredefined	http://v8.1c.ru/8.3/MDClasses	Items	ChartOfCalculationTypesPredefinedItem	0	8.3.27
ChartOfCalculationTypesPredefinedItem	http://v8.1c.ru/8.3/MDClasses	Extension	ObjectExtension	0	8.3.27
ChartOfCalculationTypesPredefinedItem	http://v8.1c.ru/8.3/MDClasses	Id	Uuid	0	8.3.27
ChartOfCalculationTypesPredefinedItem	http://v8.1c.ru/8.3/xcf/predef	ActionPeriodIsBase	EBoolean	0	8.3.27
ChartOfCalculationTypesPredefinedItem	http://v8.1c.ru/8.3/xcf/predef	Base	ChartOfCalculationTypesPredefinedItem	0	8.3.27
ChartOfCalculationTypesPredefinedItem	http://v8.1c.ru/8.3/xcf/predef	Code	Value	0	8.3.27
ChartOfCalculationTypesPredefinedItem	http://v8.1c.ru/8.3/xcf/predef	Description	EString	0	8.3.27
ChartOfCalculationTypesPredefinedItem	http://v8.1c.ru/8.3/xcf/predef	Displaced	ChartOfCalculationTypesPredefinedItem	0	8.3.27
ChartOfCalculationTypesPredefinedItem	http://v8.1c.ru/8.3/xcf/predef	Leading	ChartOfCalculationTypesPredefinedItem	0	8.3.27
ChartOfCalculationTypesPredefinedItem	http://v8.1c.ru/8.3/xcf/predef	Name	EString	0	8.3.27
ChartOfCalculationTypesTabularSection	http://v8.1c.ru/8.3/MDClasses	Attribute	TabularSectionAttribute	0	8.3.27
ChartOfCalculationTypesTabularSection	http://v8.1c.ru/8.3/MDClasses	Comment	EString	1	8.3.27
ChartOfCalculationTypesTabularSection	http://v8.1c.ru/8.3/MDClasses	ExtendedConfigurationObject	Uuid	1	8.3.27
ChartOfCalculationTypesTabularSection	http://v8.1c.ru/8.3/MDClasses	Extension	ObjectExtension	0	8.3.27
ChartOfCalculationTypesTabularSection	http://v8.1c.ru/8.3/MDClasses	FillChecking	FillChecking	1	8.3.27
ChartOfCalculationTypesTabularSection	http://v8.1c.ru/8.3/MDClasses	LineNumberLength	EInt	1	8.3.27
ChartOfCalculationTypesTabularSection	http://v8.1c.ru/8.3/MDClasses	Name	EString	1	8.3.27
ChartOfCalculationTypesTabularSection	http://v8.1c.ru/8.3/MDClasses	ObjectBelonging	ObjectBelonging	1	8.3.27
ChartOfCalculationTypesTabularSection	http://v8.1c.ru/8.3/MDClasses	ProducedTypes	TabularSectionTypes	0	8.3.27
ChartOfCalculationTypesTabularSection	http://v8.1c.ru/8.3/MDClasses	StandardAttributes	StandardAttribute	1	8.3.27
ChartOfCalculationTypesTabularSection	http://v8.1c.ru/8.3/MDClasses	Synonym	LocalStringMapEntry	1	8.3.27
ChartOfCalculationTypesTabularSection	http://v8.1c.ru/8.3/MDClasses	ToolTip	LocalStringMapEntry	1	8.3.27
ChartOfCalculationTypesTabularSection	http://v8.1c.ru/8.3/MDClasses	Uuid	Uuid	0	8.3.27
ChartOfCharacteristicTypes	http://v8.1c.ru/8.3/MDClasses	Attribute	ChartOfCharacteristicTypesAttribute	0	8.3.27
ChartOfCharacteristicTypes	http://v8.1c.ru/8.3/MDClasses	Autonumbering	EBoolean	1	8.3.27
ChartOfCharacteristicTypes	http://v8.1c.ru/8.3/MDClasses	AuxiliaryChoiceForm	ChartOfCharacteristicTypesForm	1	8.3.27
ChartOfCharacteristicTypes	http://v8.1c.ru/8.3/MDClasses	AuxiliaryFolderChoiceForm	ChartOfCharacteristicTypesForm	1	8.3.27
ChartOfCharacteristicTypes	http://v8.1c.ru/8.3/MDClasses	AuxiliaryFolderForm	ChartOfCharacteristicTypesForm	1	8.3.27
ChartOfCharacteristicTypes	http://v8.1c.ru/8.3/MDClasses	AuxiliaryListForm	ChartOfCharacteristicTypesForm	1	8.3.27
ChartOfCharacteristicTypes	http://v8.1c.ru/8.3/MDClasses	AuxiliaryObjectForm	ChartOfCharacteristicTypesForm	1	8.3.27
ChartOfCharacteristicTypes	http://v8.1c.ru/8.3/MDClasses	BasedOn	MdObject	1	8.3.27
ChartOfCharacteristicTypes	http://v8.1c.ru/8.3/MDClasses	CharacteristicExtValues	Catalog	1	8.3.27
ChartOfCharacteristicTypes	http://v8.1c.ru/8.3/MDClasses	Characteristics	CharacteristicsDescription	1	8.3.27
ChartOfCharacteristicTypes	http://v8.1c.ru/8.3/MDClasses	CheckUnique	EBoolean	1	8.3.27
ChartOfCharacteristicTypes	http://v8.1c.ru/8.3/MDClasses	ChoiceDataGetModeOnInputByString	ChoiceDataGetModeOnInputByString	1	8.3.27
ChartOfCharacteristicTypes	http://v8.1c.ru/8.3/MDClasses	ChoiceHistoryOnInput	ChoiceHistoryOnInput	1	8.3.27
ChartOfCharacteristicTypes	http://v8.1c.ru/8.3/MDClasses	ChoiceMode	ChoiceMode	1	8.3.27
ChartOfCharacteristicTypes	http://v8.1c.ru/8.3/MDClasses	CodeAllowedLength	AllowedLength	1	8.3.27
ChartOfCharacteristicTypes	http://v8.1c.ru/8.3/MDClasses	CodeLength	EInt	1	8.3.27
ChartOfCharacteristicTypes	http://v8.1c.ru/8.3/MDClasses	CodeSeries	CharacteristicKindCodesSeries	1	8.3.27
ChartOfCharacteristicTypes	http://v8.1c.ru/8.3/MDClasses	Command	ChartOfCharacteristicTypesCommand	0	8.3.27
ChartOfCharacteristicTypes	http://v8.1c.ru/8.3/MDClasses	Comment	EString	1	8.3.27
ChartOfCharacteristicTypes	http://v8.1c.ru/8.3/MDClasses	CreateOnInput	CreateOnInput	1	8.3.27
ChartOfCharacteristicTypes	http://v8.1c.ru/8.3/MDClasses	DataHistory	DataHistoryUse	1	8.3.27
ChartOfCharacteristicTypes	http://v8.1c.ru/8.3/MDClasses	DataLockControlMode	DefaultDataLockControlMode	1	8.3.27
ChartOfCharacteristicTypes	http://v8.1c.ru/8.3/MDClasses	DataLockFields	Field	1	8.3.27
ChartOfCharacteristicTypes	http://v8.1c.ru/8.3/MDClasses	DefaultChoiceForm	ChartOfCharacteristicTypesForm	1	8.3.27
ChartOfCharacteristicTypes	http://v8.1c.ru/8.3/MDClasses	DefaultFolderChoiceForm	ChartOfCharacteristicTypesForm	1	8.3.27
ChartOfCharacteristicTypes	http://v8.1c.ru/8.3/MDClasses	DefaultFolderForm	ChartOfCharacteristicTypesForm	1	8.3.27
ChartOfCharacteristicTypes	http://v8.1c.ru/8.3/MDClasses	DefaultListForm	ChartOfCharacteristicTypesForm	1	8.3.27
ChartOfCharacteristicTypes	http://v8.1c.ru/8.3/MDClasses	DefaultObjectForm	ChartOfCharacteristicTypesForm	1	8.3.27
ChartOfCharacteristicTypes	http://v8.1c.ru/8.3/MDClasses	DefaultPresentation	CharacteristicTypeMainPresentation	1	8.3.27
ChartOfCharacteristicTypes	http://v8.1c.ru/8.3/MDClasses	DescriptionLength	EInt	1	8.3.27
ChartOfCharacteristicTypes	http://v8.1c.ru/8.3/MDClasses	EditType	EditType	1	8.3.27
ChartOfCharacteristicTypes	http://v8.1c.ru/8.3/MDClasses	ExecuteAfterWriteDataHistoryVersionProcessing	EBoolean	1	8.3.27
ChartOfCharacteristicTypes	http://v8.1c.ru/8.3/MDClasses	Explanation	LocalStringMapEntry	1	8.3.27
ChartOfCharacteristicTypes	http://v8.1c.ru/8.3/MDClasses	ExtendedConfigurationObject	Uuid	1	8.3.27
ChartOfCharacteristicTypes	http://v8.1c.ru/8.3/MDClasses	ExtendedListPresentation	LocalStringMapEntry	1	8.3.27
ChartOfCharacteristicTypes	http://v8.1c.ru/8.3/MDClasses	ExtendedObjectPresentation	LocalStringMapEntry	1	8.3.27
ChartOfCharacteristicTypes	http://v8.1c.ru/8.3/MDClasses	Extension	ObjectExtension	0	8.3.27
ChartOfCharacteristicTypes	http://v8.1c.ru/8.3/MDClasses	FoldersOnTop	EBoolean	1	8.3.27
ChartOfCharacteristicTypes	http://v8.1c.ru/8.3/MDClasses	Form	ChartOfCharacteristicTypesForm	0	8.3.27
ChartOfCharacteristicTypes	http://v8.1c.ru/8.3/MDClasses	FullTextSearch	FullTextSearchUsing	1	8.3.27
ChartOfCharacteristicTypes	http://v8.1c.ru/8.3/MDClasses	FullTextSearchOnInputByString	FullTextSearchOnInputByString	1	8.3.27
ChartOfCharacteristicTypes	http://v8.1c.ru/8.3/MDClasses	Help	Help	1	8.3.27
ChartOfCharacteristicTypes	http://v8.1c.ru/8.3/MDClasses	Hierarchical	EBoolean	1	8.3.27
ChartOfCharacteristicTypes	http://v8.1c.ru/8.3/MDClasses	IncludeHelpInContents	EBoolean	1	8.3.27
ChartOfCharacteristicTypes	http://v8.1c.ru/8.3/MDClasses	InputByString	Field	1	8.3.27
ChartOfCharacteristicTypes	http://v8.1c.ru/8.3/MDClasses	ListPresentation	LocalStringMapEntry	1	8.3.27
ChartOfCharacteristicTypes	http://v8.1c.ru/8.3/MDClasses	Name	EString	1	8.3.27
ChartOfCharacteristicTypes	http://v8.1c.ru/8.3/MDClasses	ObjectBelonging	ObjectBelonging	1	8.3.27
ChartOfCharacteristicTypes	http://v8.1c.ru/8.3/MDClasses	ObjectPresentation	LocalStringMapEntry	1	8.3.27
ChartOfCharacteristicTypes	http://v8.1c.ru/8.3/MDClasses	Predefined	ChartOfCharacteristicTypesPredefined	1	8.3.27
ChartOfCharacteristicTypes	http://v8.1c.ru/8.3/MDClasses	PredefinedDataUpdate	PredefinedDataUpdate	1	8.3.27
ChartOfCharacteristicTypes	http://v8.1c.ru/8.3/MDClasses	ProducedTypes	ChartOfCharacteristicTypesTypes	0	8.3.27
ChartOfCharacteristicTypes	http://v8.1c.ru/8.3/MDClasses	QuickChoice	EBoolean	1	8.3.27
ChartOfCharacteristicTypes	http://v8.1c.ru/8.3/MDClasses	SearchStringModeOnInputByString	SearchStringModeOnInputByString	1	8.3.27
ChartOfCharacteristicTypes	http://v8.1c.ru/8.3/MDClasses	StandardAttributes	StandardAttribute	1	8.3.27
ChartOfCharacteristicTypes	http://v8.1c.ru/8.3/MDClasses	Synonym	LocalStringMapEntry	1	8.3.27
ChartOfCharacteristicTypes	http://v8.1c.ru/8.3/MDClasses	TabularSection	ChartOfCharacteristicTypesTabularSection	0	8.3.27
ChartOfCharacteristicTypes	http://v8.1c.ru/8.3/MDClasses	Template	Template	0	8.3.27
ChartOfCharacteristicTypes	http://v8.1c.ru/8.3/MDClasses	Type	TypeDescription	1	8.3.27
ChartOfCharacteristicTypes	http://v8.1c.ru/8.3/MDClasses	UpdateDataHistoryImmediatelyAfterWrite	EBoolean	1	8.3.27
ChartOfCharacteristicTypes	http://v8.1c.ru/8.3/MDClasses	UseStandardCommands	EBoolean	1	8.3.27
ChartOfCharacteristicTypes	http://v8.1c.ru/8.3/MDClasses	Uuid	Uuid	0	8.3.27
ChartOfCharacteristicTypesAttribute	http://v8.1c.ru/8.3/MDClasses	BinaryDataStorageLocationUse	BinaryDataStorageLocationUse	1	8.3.27
ChartOfCharacteristicTypesAttribute	http://v8.1c.ru/8.3/MDClasses	BinaryDataStorageLocationUseField	MdObject	1	8.3.27
ChartOfCharacteristicTypesAttribute	http://v8.1c.ru/8.3/MDClasses	ChoiceFoldersAndItems	FoldersAndItemsUse	1	8.3.27
ChartOfCharacteristicTypesAttribute	http://v8.1c.ru/8.3/MDClasses	ChoiceForm	BasicForm	1	8.3.27
ChartOfCharacteristicTypesAttribute	http://v8.1c.ru/8.3/MDClasses	ChoiceHistoryOnInput	ChoiceHistoryOnInput	1	8.3.27
ChartOfCharacteristicTypesAttribute	http://v8.1c.ru/8.3/MDClasses	ChoiceParameterLinks	ChoiceParameterLink	1	8.3.27
ChartOfCharacteristicTypesAttribute	http://v8.1c.ru/8.3/MDClasses	ChoiceParameters	ChoiceParameter	1	8.3.27
ChartOfCharacteristicTypesAttribute	http://v8.1c.ru/8.3/MDClasses	Comment	EString	1	8.3.27
ChartOfCharacteristicTypesAttribute	http://v8.1c.ru/8.3/MDClasses	CreateOnInput	CreateOnInput	1	8.3.27
ChartOfCharacteristicTypesAttribute	http://v8.1c.ru/8.3/MDClasses	DataHistory	DataHistoryUse	1	8.3.27
ChartOfCharacteristicTypesAttribute	http://v8.1c.ru/8.3/MDClasses	EditFormat	LocalStringMapEntry	1	8.3.27
ChartOfCharacteristicTypesAttribute	http://v8.1c.ru/8.3/MDClasses	ExtendedConfigurationObject	Uuid	1	8.3.27
ChartOfCharacteristicTypesAttribute	http://v8.1c.ru/8.3/MDClasses	ExtendedEdit	EBoolean	1	8.3.27
ChartOfCharacteristicTypesAttribute	http://v8.1c.ru/8.3/MDClasses	Extension	ObjectExtension	0	8.3.27
ChartOfCharacteristicTypesAttribute	http://v8.1c.ru/8.3/MDClasses	FillChecking	FillChecking	1	8.3.27
ChartOfCharacteristicTypesAttribute	http://v8.1c.ru/8.3/MDClasses	FillFromFillingValue	EBoolean	1	8.3.27
ChartOfCharacteristicTypesAttribute	http://v8.1c.ru/8.3/MDClasses	FillValue	Value	1	8.3.27
ChartOfCharacteristicTypesAttribute	http://v8.1c.ru/8.3/MDClasses	Format	LocalStringMapEntry	1	8.3.27
ChartOfCharacteristicTypesAttribute	http://v8.1c.ru/8.3/MDClasses	FullTextSearch	FullTextSearchUsing	1	8.3.27
ChartOfCharacteristicTypesAttribute	http://v8.1c.ru/8.3/MDClasses	Indexing	Indexing	1	8.3.27
ChartOfCharacteristicTypesAttribute	http://v8.1c.ru/8.3/MDClasses	LinkByType	TypeLink	1	8.3.27
ChartOfCharacteristicTypesAttribute	http://v8.1c.ru/8.3/MDClasses	MarkNegatives	EBoolean	1	8.3.27
ChartOfCharacteristicTypesAttribute	http://v8.1c.ru/8.3/MDClasses	Mask	EString	1	8.3.27
ChartOfCharacteristicTypesAttribute	http://v8.1c.ru/8.3/MDClasses	MaxValue	Value	1	8.3.27
ChartOfCharacteristicTypesAttribute	http://v8.1c.ru/8.3/MDClasses	MinValue	Value	1	8.3.27
ChartOfCharacteristicTypesAttribute	http://v8.1c.ru/8.3/MDClasses	MultiLine	EBoolean	1	8.3.27
ChartOfCharacteristicTypesAttribute	http://v8.1c.ru/8.3/MDClasses	Name	EString	1	8.3.27
ChartOfCharacteristicTypesAttribute	http://v8.1c.ru/8.3/MDClasses	ObjectBelonging	ObjectBelonging	1	8.3.27
ChartOfCharacteristicTypesAttribute	http://v8.1c.ru/8.3/MDClasses	PasswordMode	EBoolean	1	8.3.27
ChartOfCharacteristicTypesAttribute	http://v8.1c.ru/8.3/MDClasses	QuickChoice	UseQuickChoice	1	8.3.27
ChartOfCharacteristicTypesAttribute	http://v8.1c.ru/8.3/MDClasses	Synonym	LocalStringMapEntry	1	8.3.27
ChartOfCharacteristicTypesAttribute	http://v8.1c.ru/8.3/MDClasses	ToolTip	LocalStringMapEntry	1	8.3.27
ChartOfCharacteristicTypesAttribute	http://v8.1c.ru/8.3/MDClasses	Type	TypeDescription	1	8.3.27
ChartOfCharacteristicTypesAttribute	http://v8.1c.ru/8.3/MDClasses	Use	AttributeUse	1	8.3.27
ChartOfCharacteristicTypesAttribute	http://v8.1c.ru/8.3/MDClasses	Uuid	Uuid	0	8.3.27
ChartOfCharacteristicTypesCommand	http://v8.1c.ru/8.3/MDClasses	CommandParameterType	TypeDescription	1	8.3.27
ChartOfCharacteristicTypesCommand	http://v8.1c.ru/8.3/MDClasses	Comment	EString	1	8.3.27
ChartOfCharacteristicTypesCommand	http://v8.1c.ru/8.3/MDClasses	ExtendedConfigurationObject	Uuid	1	8.3.27
ChartOfCharacteristicTypesCommand	http://v8.1c.ru/8.3/MDClasses	Extension	ObjectExtension	0	8.3.27
ChartOfCharacteristicTypesCommand	http://v8.1c.ru/8.3/MDClasses	Group	CommandGroup	1	8.3.27
ChartOfCharacteristicTypesCommand	http://v8.1c.ru/8.3/MDClasses	ModifiesData	EBoolean	1	8.3.27
ChartOfCharacteristicTypesCommand	http://v8.1c.ru/8.3/MDClasses	Name	EString	1	8.3.27
ChartOfCharacteristicTypesCommand	http://v8.1c.ru/8.3/MDClasses	ObjectBelonging	ObjectBelonging	1	8.3.27
ChartOfCharacteristicTypesCommand	http://v8.1c.ru/8.3/MDClasses	OnMainServerUnavalableBehavior	OnMainServerUnavalableBehavior	1	8.3.27
ChartOfCharacteristicTypesCommand	http://v8.1c.ru/8.3/MDClasses	ParameterUseMode	CommandParameterUseMode	1	8.3.27
ChartOfCharacteristicTypesCommand	http://v8.1c.ru/8.3/MDClasses	Picture	Picture	1	8.3.27
ChartOfCharacteristicTypesCommand	http://v8.1c.ru/8.3/MDClasses	Representation	ButtonRepresentation	1	8.3.27
ChartOfCharacteristicTypesCommand	http://v8.1c.ru/8.3/MDClasses	Shortcut	Shortcut	1	8.3.27
ChartOfCharacteristicTypesCommand	http://v8.1c.ru/8.3/MDClasses	Synonym	LocalStringMapEntry	1	8.3.27
ChartOfCharacteristicTypesCommand	http://v8.1c.ru/8.3/MDClasses	ToolTip	LocalStringMapEntry	1	8.3.27
ChartOfCharacteristicTypesCommand	http://v8.1c.ru/8.3/MDClasses	Uuid	Uuid	0	8.3.27
ChartOfCharacteristicTypesForm	http://v8.1c.ru/8.3/MDClasses	Comment	EString	1	8.3.27
ChartOfCharacteristicTypesForm	http://v8.1c.ru/8.3/MDClasses	ExtendedConfigurationObject	Uuid	1	8.3.27
ChartOfCharacteristicTypesForm	http://v8.1c.ru/8.3/MDClasses	Extension	ObjectExtension	0	8.3.27
ChartOfCharacteristicTypesForm	http://v8.1c.ru/8.3/MDClasses	FormType	FormType	1	8.3.27
ChartOfCharacteristicTypesForm	http://v8.1c.ru/8.3/MDClasses	Help	Help	1	8.3.27
ChartOfCharacteristicTypesForm	http://v8.1c.ru/8.3/MDClasses	IncludeHelpInContents	EBoolean	1	8.3.27
ChartOfCharacteristicTypesForm	http://v8.1c.ru/8.3/MDClasses	Name	EString	1	8.3.27
ChartOfCharacteristicTypesForm	http://v8.1c.ru/8.3/MDClasses	ObjectBelonging	ObjectBelonging	1	8.3.27
ChartOfCharacteristicTypesForm	http://v8.1c.ru/8.3/MDClasses	Synonym	LocalStringMapEntry	1	8.3.27
ChartOfCharacteristicTypesForm	http://v8.1c.ru/8.3/MDClasses	UseInInterfaceCompatibilityMode	FormPreferableInterface	1	8.5.1
ChartOfCharacteristicTypesForm	http://v8.1c.ru/8.3/MDClasses	UsePurposes	ApplicationUsePurpose	1	8.3.27
ChartOfCharacteristicTypesForm	http://v8.1c.ru/8.3/MDClasses	Uuid	Uuid	0	8.3.27
ChartOfCharacteristicTypesPredefined	http://v8.1c.ru/8.3/MDClasses	Items	ChartOfCharacteristicTypesPredefinedItem	0	8.3.27
ChartOfCharacteristicTypesPredefinedItem	http://v8.1c.ru/8.3/MDClasses	Extension	ObjectExtension	0	8.3.27
ChartOfCharacteristicTypesPredefinedItem	http://v8.1c.ru/8.3/MDClasses	Id	Uuid	0	8.3.27
ChartOfCharacteristicTypesPredefinedItem	http://v8.1c.ru/8.3/xcf/predef	ChildItems	ChartOfCharacteristicTypesPredefinedItem	0	8.3.27
ChartOfCharacteristicTypesPredefinedItem	http://v8.1c.ru/8.3/xcf/predef	Code	EString	0	8.3.27
ChartOfCharacteristicTypesPredefinedItem	http://v8.1c.ru/8.3/xcf/predef	Description	EString	0	8.3.27
ChartOfCharacteristicTypesPredefinedItem	http://v8.1c.ru/8.3/xcf/predef	IsFolder	EBoolean	0	8.3.27
ChartOfCharacteristicTypesPredefinedItem	http://v8.1c.ru/8.3/xcf/predef	Name	EString	0	8.3.27
ChartOfCharacteristicTypesPredefinedItem	http://v8.1c.ru/8.3/xcf/predef	Type	TypeDescription	0	8.3.27
ChartOfCharacteristicTypesTabularSection	http://v8.1c.ru/8.3/MDClasses	Attribute	TabularSectionAttribute	0	8.3.27
ChartOfCharacteristicTypesTabularSection	http://v8.1c.ru/8.3/MDClasses	Comment	EString	1	8.3.27
ChartOfCharacteristicTypesTabularSection	http://v8.1c.ru/8.3/MDClasses	ExtendedConfigurationObject	Uuid	1	8.3.27
ChartOfCharacteristicTypesTabularSection	http://v8.1c.ru/8.3/MDClasses	Extension	ObjectExtension	0	8.3.27
ChartOfCharacteristicTypesTabularSection	http://v8.1c.ru/8.3/MDClasses	FillChecking	FillChecking	1	8.3.27
ChartOfCharacteristicTypesTabularSection	http://v8.1c.ru/8.3/MDClasses	LineNumberLength	EInt	1	8.3.27
ChartOfCharacteristicTypesTabularSection	http://v8.1c.ru/8.3/MDClasses	Name	EString	1	8.3.27
ChartOfCharacteristicTypesTabularSection	http://v8.1c.ru/8.3/MDClasses	ObjectBelonging	ObjectBelonging	1	8.3.27
ChartOfCharacteristicTypesTabularSection	http://v8.1c.ru/8.3/MDClasses	ProducedTypes	TabularSectionTypes	0	8.3.27
ChartOfCharacteristicTypesTabularSection	http://v8.1c.ru/8.3/MDClasses	StandardAttributes	StandardAttribute	1	8.3.27
ChartOfCharacteristicTypesTabularSection	http://v8.1c.ru/8.3/MDClasses	Synonym	LocalStringMapEntry	1	8.3.27
ChartOfCharacteristicTypesTabularSection	http://v8.1c.ru/8.3/MDClasses	ToolTip	LocalStringMapEntry	1	8.3.27
ChartOfCharacteristicTypesTabularSection	http://v8.1c.ru/8.3/MDClasses	Use	AttributeUse	1	8.3.27
ChartOfCharacteristicTypesTabularSection	http://v8.1c.ru/8.3/MDClasses	Uuid	Uuid	0	8.3.27
ChoiceParameter		Name	EString	0	8.3.27
ChoiceParameter	http://v8.1c.ru/8.2/managed-application/core	value	Value	0	8.3.27
ChoiceParameterLink		Field	Field	0	8.3.27
ChoiceParameterLink	http://v8.1c.ru/8.3/xcf/readable	Name	EString	0	8.3.27
ChoiceParameterLink	http://v8.1c.ru/8.3/xcf/readable	ValueChange	LinkedValueChangeMode	0	8.3.27
ColorDef		Blue	EInt	0	8.3.27
ColorDef		Green	EInt	0	8.3.27
ColorDef		Red	EInt	0	8.3.27
ColorRef		Color	Color	0	8.3.27
ColorValue		Value	Color	0	8.3.27
Column	http://v8.1c.ru/8.3/MDClasses	Comment	EString	1	8.3.27
Column	http://v8.1c.ru/8.3/MDClasses	ExtendedConfigurationObject	Uuid	1	8.3.27
Column	http://v8.1c.ru/8.3/MDClasses	Extension	ObjectExtension	0	8.3.27
Column	http://v8.1c.ru/8.3/MDClasses	Indexing	Indexing	1	8.3.27
Column	http://v8.1c.ru/8.3/MDClasses	Name	EString	1	8.3.27
Column	http://v8.1c.ru/8.3/MDClasses	ObjectBelonging	ObjectBelonging	1	8.3.27
Column	http://v8.1c.ru/8.3/MDClasses	References	DocumentAttribute	1	8.3.27
Column	http://v8.1c.ru/8.3/MDClasses	Synonym	LocalStringMapEntry	1	8.3.27
Column	http://v8.1c.ru/8.3/MDClasses	Uuid	Uuid	0	8.3.27
CommandGroup	http://v8.1c.ru/8.3/MDClasses	Category	CommandGroupCategory	1	8.3.27
CommandGroup	http://v8.1c.ru/8.3/MDClasses	Comment	EString	1	8.3.27
CommandGroup	http://v8.1c.ru/8.3/MDClasses	ExtendedConfigurationObject	Uuid	1	8.3.27
CommandGroup	http://v8.1c.ru/8.3/MDClasses	Extension	ObjectExtension	0	8.3.27
CommandGroup	http://v8.1c.ru/8.3/MDClasses	Name	EString	1	8.3.27
CommandGroup	http://v8.1c.ru/8.3/MDClasses	ObjectBelonging	ObjectBelonging	1	8.3.27
CommandGroup	http://v8.1c.ru/8.3/MDClasses	Picture	Picture	1	8.3.27
CommandGroup	http://v8.1c.ru/8.3/MDClasses	Representation	ButtonRepresentation	1	8.3.27
CommandGroup	http://v8.1c.ru/8.3/MDClasses	Synonym	LocalStringMapEntry	1	8.3.27
CommandGroup	http://v8.1c.ru/8.3/MDClasses	ToolTip	LocalStringMapEntry	1	8.3.27
CommandGroup	http://v8.1c.ru/8.3/MDClasses	Uuid	Uuid	0	8.3.27
CommandRef		Command	Command	0	8.3.27
CommonAttribute	http://v8.1c.ru/8.3/MDClasses	AuthenticationSeparation	CommonAttributeAuthenticationSeparation	1	8.3.27
CommonAttribute	http://v8.1c.ru/8.3/MDClasses	AutoUse	CommonAttributeAutoUse	1	8.3.27
CommonAttribute	http://v8.1c.ru/8.3/MDClasses	ChoiceFoldersAndItems	FoldersAndItemsUse	1	8.3.27
CommonAttribute	http://v8.1c.ru/8.3/MDClasses	ChoiceForm	BasicForm	1	8.3.27
CommonAttribute	http://v8.1c.ru/8.3/MDClasses	ChoiceHistoryOnInput	ChoiceHistoryOnInput	1	8.3.27
CommonAttribute	http://v8.1c.ru/8.3/MDClasses	ChoiceParameterLinks	ChoiceParameterLink	1	8.3.27
CommonAttribute	http://v8.1c.ru/8.3/MDClasses	ChoiceParameters	ChoiceParameter	1	8.3.27
CommonAttribute	http://v8.1c.ru/8.3/MDClasses	Comment	EString	1	8.3.27
CommonAttribute	http://v8.1c.ru/8.3/MDClasses	ConditionalSeparation	MdObject	1	8.3.27
CommonAttribute	http://v8.1c.ru/8.3/MDClasses	ConfigurationExtensionsSeparation	CommonAttributeExtensionSeparation	1	8.3.27
CommonAttribute	http://v8.1c.ru/8.3/MDClasses	Content	CommonAttributeContentItem	1	8.3.27
CommonAttribute	http://v8.1c.ru/8.3/MDClasses	CreateOnInput	CreateOnInput	1	8.3.27
CommonAttribute	http://v8.1c.ru/8.3/MDClasses	DataHistory	DataHistoryUse	1	8.3.27
CommonAttribute	http://v8.1c.ru/8.3/MDClasses	DataSeparation	CommonAttributeDataSeparation	1	8.3.27
CommonAttribute	http://v8.1c.ru/8.3/MDClasses	DataSeparationUse	SessionParameter	1	8.3.27
CommonAttribute	http://v8.1c.ru/8.3/MDClasses	DataSeparationValue	SessionParameter	1	8.3.27
CommonAttribute	http://v8.1c.ru/8.3/MDClasses	EditFormat	LocalStringMapEntry	1	8.3.27
CommonAttribute	http://v8.1c.ru/8.3/MDClasses	ExtendedConfigurationObject	Uuid	1	8.3.27
CommonAttribute	http://v8.1c.ru/8.3/MDClasses	ExtendedEdit	EBoolean	1	8.3.27
CommonAttribute	http://v8.1c.ru/8.3/MDClasses	Extension	ObjectExtension	0	8.3.27
CommonAttribute	http://v8.1c.ru/8.3/MDClasses	FillChecking	FillChecking	1	8.3.27
CommonAttribute	http://v8.1c.ru/8.3/MDClasses	FillFromFillingValue	EBoolean	1	8.3.27
CommonAttribute	http://v8.1c.ru/8.3/MDClasses	FillValue	Value	1	8.3.27
CommonAttribute	http://v8.1c.ru/8.3/MDClasses	Format	LocalStringMapEntry	1	8.3.27
CommonAttribute	http://v8.1c.ru/8.3/MDClasses	FullTextSearch	FullTextSearchUsing	1	8.3.27
CommonAttribute	http://v8.1c.ru/8.3/MDClasses	Indexing	Indexing	1	8.3.27
CommonAttribute	http://v8.1c.ru/8.3/MDClasses	LinkByType	TypeLink	1	8.3.27
CommonAttribute	http://v8.1c.ru/8.3/MDClasses	MarkNegatives	EBoolean	1	8.3.27
CommonAttribute	http://v8.1c.ru/8.3/MDClasses	Mask	EString	1	8.3.27
CommonAttribute	http://v8.1c.ru/8.3/MDClasses	MaxValue	Value	1	8.3.27
CommonAttribute	http://v8.1c.ru/8.3/MDClasses	MinValue	Value	1	8.3.27
CommonAttribute	http://v8.1c.ru/8.3/MDClasses	MultiLine	EBoolean	1	8.3.27
CommonAttribute	http://v8.1c.ru/8.3/MDClasses	Name	EString	1	8.3.27
CommonAttribute	http://v8.1c.ru/8.3/MDClasses	ObjectBelonging	ObjectBelonging	1	8.3.27
CommonAttribute	http://v8.1c.ru/8.3/MDClasses	PasswordMode	EBoolean	1	8.3.27
CommonAttribute	http://v8.1c.ru/8.3/MDClasses	QuickChoice	UseQuickChoice	1	8.3.27
CommonAttribute	http://v8.1c.ru/8.3/MDClasses	SeparatedDataUse	CommonAttributeSeparatedDataUse	1	8.3.27
CommonAttribute	http://v8.1c.ru/8.3/MDClasses	Synonym	LocalStringMapEntry	1	8.3.27
CommonAttribute	http://v8.1c.ru/8.3/MDClasses	ToolTip	LocalStringMapEntry	1	8.3.27
CommonAttribute	http://v8.1c.ru/8.3/MDClasses	Type	TypeDescription	1	8.3.27
CommonAttribute	http://v8.1c.ru/8.3/MDClasses	UsersSeparation	CommonAttributeUsersSeparation	1	8.3.27
CommonAttribute	http://v8.1c.ru/8.3/MDClasses	Uuid	Uuid	0	8.3.27
CommonAttributeContentItem	http://v8.1c.ru/8.3/xcf/readable	ConditionalSeparation	MdObject	0	8.3.27
CommonAttributeContentItem	http://v8.1c.ru/8.3/xcf/readable	Metadata	MdObject	0	8.3.27
CommonAttributeContentItem	http://v8.1c.ru/8.3/xcf/readable	Use	CommonAttributeUse	0	8.3.27
CommonCommand	http://v8.1c.ru/8.3/MDClasses	CommandParameterType	TypeDescription	1	8.3.27
CommonCommand	http://v8.1c.ru/8.3/MDClasses	Comment	EString	1	8.3.27
CommonCommand	http://v8.1c.ru/8.3/MDClasses	ExtendedConfigurationObject	Uuid	1	8.3.27
CommonCommand	http://v8.1c.ru/8.3/MDClasses	Extension	ObjectExtension	0	8.3.27
CommonCommand	http://v8.1c.ru/8.3/MDClasses	Group	CommandGroup	1	8.3.27
CommonCommand	http://v8.1c.ru/8.3/MDClasses	Help	Help	1	8.3.27
CommonCommand	http://v8.1c.ru/8.3/MDClasses	IncludeHelpInContents	EBoolean	1	8.3.27
CommonCommand	http://v8.1c.ru/8.3/MDClasses	ModifiesData	EBoolean	1	8.3.27
CommonCommand	http://v8.1c.ru/8.3/MDClasses	Name	EString	1	8.3.27
CommonCommand	http://v8.1c.ru/8.3/MDClasses	ObjectBelonging	ObjectBelonging	1	8.3.27
CommonCommand	http://v8.1c.ru/8.3/MDClasses	OnMainServerUnavalableBehavior	OnMainServerUnavalableBehavior	1	8.3.27
CommonCommand	http://v8.1c.ru/8.3/MDClasses	ParameterUseMode	CommandParameterUseMode	1	8.3.27
CommonCommand	http://v8.1c.ru/8.3/MDClasses	Picture	Picture	1	8.3.27
CommonCommand	http://v8.1c.ru/8.3/MDClasses	Representation	ButtonRepresentation	1	8.3.27
CommonCommand	http://v8.1c.ru/8.3/MDClasses	Shortcut	Shortcut	1	8.3.27
CommonCommand	http://v8.1c.ru/8.3/MDClasses	Synonym	LocalStringMapEntry	1	8.3.27
CommonCommand	http://v8.1c.ru/8.3/MDClasses	ToolTip	LocalStringMapEntry	1	8.3.27
CommonCommand	http://v8.1c.ru/8.3/MDClasses	Uuid	Uuid	0	8.3.27
CommonForm	http://v8.1c.ru/8.3/MDClasses	Comment	EString	1	8.3.27
CommonForm	http://v8.1c.ru/8.3/MDClasses	Explanation	LocalStringMapEntry	1	8.3.27
CommonForm	http://v8.1c.ru/8.3/MDClasses	ExtendedConfigurationObject	Uuid	1	8.3.27
CommonForm	http://v8.1c.ru/8.3/MDClasses	ExtendedPresentation	LocalStringMapEntry	1	8.3.27
CommonForm	http://v8.1c.ru/8.3/MDClasses	Extension	ObjectExtension	0	8.3.27
CommonForm	http://v8.1c.ru/8.3/MDClasses	FormType	FormType	1	8.3.27
CommonForm	http://v8.1c.ru/8.3/MDClasses	Help	Help	1	8.3.27
CommonForm	http://v8.1c.ru/8.3/MDClasses	IncludeHelpInContents	EBoolean	1	8.3.27
CommonForm	http://v8.1c.ru/8.3/MDClasses	Name	EString	1	8.3.27
CommonForm	http://v8.1c.ru/8.3/MDClasses	ObjectBelonging	ObjectBelonging	1	8.3.27
CommonForm	http://v8.1c.ru/8.3/MDClasses	Synonym	LocalStringMapEntry	1	8.3.27
CommonForm	http://v8.1c.ru/8.3/MDClasses	UseInInterfaceCompatibilityMode	FormPreferableInterface	1	8.5.1
CommonForm	http://v8.1c.ru/8.3/MDClasses	UsePurposes	ApplicationUsePurpose	1	8.3.27
CommonForm	http://v8.1c.ru/8.3/MDClasses	UseStandardCommands	EBoolean	1	8.3.27
CommonForm	http://v8.1c.ru/8.3/MDClasses	Uuid	Uuid	0	8.3.27
CommonModule	http://v8.1c.ru/8.3/MDClasses	ClientManagedApplication	EBoolean	1	8.3.27
CommonModule	http://v8.1c.ru/8.3/MDClasses	ClientOrdinaryApplication	EBoolean	1	8.3.27
CommonModule	http://v8.1c.ru/8.3/MDClasses	Comment	EString	1	8.3.27
CommonModule	http://v8.1c.ru/8.3/MDClasses	ExtendedConfigurationObject	Uuid	1	8.3.27
CommonModule	http://v8.1c.ru/8.3/MDClasses	Extension	ObjectExtension	0	8.3.27
CommonModule	http://v8.1c.ru/8.3/MDClasses	ExternalConnection	EBoolean	1	8.3.27
CommonModule	http://v8.1c.ru/8.3/MDClasses	Global	EBoolean	1	8.3.27
CommonModule	http://v8.1c.ru/8.3/MDClasses	Name	EString	1	8.3.27
CommonModule	http://v8.1c.ru/8.3/MDClasses	ObjectBelonging	ObjectBelonging	1	8.3.27
CommonModule	http://v8.1c.ru/8.3/MDClasses	Privileged	EBoolean	1	8.3.27
CommonModule	http://v8.1c.ru/8.3/MDClasses	ReturnValuesReuse	ReturnValuesReuse	1	8.3.27
CommonModule	http://v8.1c.ru/8.3/MDClasses	Server	EBoolean	1	8.3.27
CommonModule	http://v8.1c.ru/8.3/MDClasses	ServerCall	EBoolean	1	8.3.27
CommonModule	http://v8.1c.ru/8.3/MDClasses	Synonym	LocalStringMapEntry	1	8.3.27
CommonModule	http://v8.1c.ru/8.3/MDClasses	Uuid	Uuid	0	8.3.27
CommonPicture		Glyph	Point	0	8.3.27
CommonPicture		TransparentPixel	Point	0	8.3.27
CommonPicture	http://v8.1c.ru/8.3/MDClasses	AvailabilityForAppearance	EBoolean	1	8.3.27
CommonPicture	http://v8.1c.ru/8.3/MDClasses	AvailabilityForChoice	EBoolean	1	8.3.27
CommonPicture	http://v8.1c.ru/8.3/MDClasses	Comment	EString	1	8.3.27
CommonPicture	http://v8.1c.ru/8.3/MDClasses	ExtendedConfigurationObject	Uuid	1	8.3.27
CommonPicture	http://v8.1c.ru/8.3/MDClasses	Extension	ObjectExtension	0	8.3.27
CommonPicture	http://v8.1c.ru/8.3/MDClasses	Name	EString	1	8.3.27
CommonPicture	http://v8.1c.ru/8.3/MDClasses	ObjectBelonging	ObjectBelonging	1	8.3.27
CommonPicture	http://v8.1c.ru/8.3/MDClasses	Synonym	LocalStringMapEntry	1	8.3.27
CommonPicture	http://v8.1c.ru/8.3/MDClasses	Uuid	Uuid	0	8.3.27
CommonTemplate	http://v8.1c.ru/8.3/MDClasses	Comment	EString	1	8.3.27
CommonTemplate	http://v8.1c.ru/8.3/MDClasses	ExtendedConfigurationObject	Uuid	1	8.3.27
CommonTemplate	http://v8.1c.ru/8.3/MDClasses	Extension	ObjectExtension	0	8.3.27
CommonTemplate	http://v8.1c.ru/8.3/MDClasses	Name	EString	1	8.3.27
CommonTemplate	http://v8.1c.ru/8.3/MDClasses	ObjectBelonging	ObjectBelonging	1	8.3.27
CommonTemplate	http://v8.1c.ru/8.3/MDClasses	Synonym	LocalStringMapEntry	1	8.3.27
CommonTemplate	http://v8.1c.ru/8.3/MDClasses	TemplateType	TemplateType	1	8.3.27
CommonTemplate	http://v8.1c.ru/8.3/MDClasses	Uuid	Uuid	0	8.3.27
Configuration	http://v8.1c.ru/8.3/MDClasses	AccountingRegister	AccountingRegister	0	8.3.27
Configuration	http://v8.1c.ru/8.3/MDClasses	AccumulationRegister	AccumulationRegister	0	8.3.27
Configuration	http://v8.1c.ru/8.3/MDClasses	AdditionalFullTextSearchDictionaries	FullTextSearchDictionarySource	1	8.3.27
Configuration	http://v8.1c.ru/8.3/MDClasses	AllowedIncomingShareRequestTypes	AllowedIncomingShareRequestType	1	8.3.27
Configuration	http://v8.1c.ru/8.3/MDClasses	AuxiliaryCollaborationSystemUsersChoiceForm	CommonForm	1	8.5.1
Configuration	http://v8.1c.ru/8.3/MDClasses	AuxiliaryDataHistoryChangeHistoryForm	CommonForm	1	8.5.1
Configuration	http://v8.1c.ru/8.3/MDClasses	AuxiliaryDataHistoryVersionDataForm	CommonForm	1	8.5.1
Configuration	http://v8.1c.ru/8.3/MDClasses	AuxiliaryDataHistoryVersionDifferencesForm	CommonForm	1	8.5.1
Configuration	http://v8.1c.ru/8.3/MDClasses	AuxiliaryDynamicListSettingsForm	CommonForm	1	8.5.1
Configuration	http://v8.1c.ru/8.3/MDClasses	AuxiliaryReportForm	CommonForm	1	8.5.1
Configuration	http://v8.1c.ru/8.3/MDClasses	AuxiliaryReportSettingsForm	CommonForm	1	8.5.1
Configuration	http://v8.1c.ru/8.3/MDClasses	AuxiliaryReportVariantForm	CommonForm	1	8.5.1
Configuration	http://v8.1c.ru/8.3/MDClasses	BinaryDataBlockStorageUseMode	BinaryDataBlockStorageUseMode	1	8.3.27
Configuration	http://v8.1c.ru/8.3/MDClasses	BinaryDataStorageMode	BinaryDataStorageMode	1	8.3.27
Configuration	http://v8.1c.ru/8.3/MDClasses	Bot	Bot	0	8.3.27
Configuration	http://v8.1c.ru/8.3/MDClasses	BriefInformation	LocalStringMapEntry	1	8.3.27
Configuration	http://v8.1c.ru/8.3/MDClasses	BusinessProcess	BusinessProcess	0	8.3.27
Configuration	http://v8.1c.ru/8.3/MDClasses	CalculationRegister	CalculationRegister	0	8.3.27
Configuration	http://v8.1c.ru/8.3/MDClasses	Caption	LocalStringMapEntry	1	8.5.1
Configuration	http://v8.1c.ru/8.3/MDClasses	Catalog	Catalog	0	8.3.27
Configuration	http://v8.1c.ru/8.3/MDClasses	ChartOfAccounts	ChartOfAccounts	0	8.3.27
Configuration	http://v8.1c.ru/8.3/MDClasses	ChartOfCalculationTypes	ChartOfCalculationTypes	0	8.3.27
Configuration	http://v8.1c.ru/8.3/MDClasses	ChartOfCharacteristicTypes	ChartOfCharacteristicTypes	0	8.3.27
Configuration	http://v8.1c.ru/8.3/MDClasses	ClientApplicationTheme	ClientApplicationTheme	1	8.5.1
Configuration	http://v8.1c.ru/8.3/MDClasses	ClientApplicationWindowsOpenVariant	ClientApplicationWindowsOpenVariant	1	8.5.1
Configuration	http://v8.1c.ru/8.3/MDClasses	CommandGroup	CommandGroup	0	8.3.27
Configuration	http://v8.1c.ru/8.3/MDClasses	Comment	EString	1	8.3.27
Configuration	http://v8.1c.ru/8.3/MDClasses	CommonAttribute	CommonAttribute	0	8.3.27
Configuration	http://v8.1c.ru/8.3/MDClasses	CommonCommand	CommonCommand	0	8.3.27
Configuration	http://v8.1c.ru/8.3/MDClasses	CommonForm	CommonForm	0	8.3.27
Configuration	http://v8.1c.ru/8.3/MDClasses	CommonModule	CommonModule	0	8.3.27
Configuration	http://v8.1c.ru/8.3/MDClasses	CommonPicture	CommonPicture	0	8.3.27
Configuration	http://v8.1c.ru/8.3/MDClasses	CommonSettingsStorage	SettingsStorage	1	8.3.27
Configuration	http://v8.1c.ru/8.3/MDClasses	CommonTemplate	CommonTemplate	0	8.3.27
Configuration	http://v8.1c.ru/8.3/MDClasses	CompatibilityMode	CompatibilityMode	1	8.3.27
Configuration	http://v8.1c.ru/8.3/MDClasses	ConfigurationExtensionCompatibilityMode	CompatibilityMode	1	8.3.27
Configuration	http://v8.1c.ru/8.3/MDClasses	ConfigurationExtensionPurpose	ConfigurationExtensionPurpose	1	8.3.27
Configuration	http://v8.1c.ru/8.3/MDClasses	ConfigurationInformationAddress	LocalStringMapEntry	1	8.3.27
Configuration	http://v8.1c.ru/8.3/MDClasses	Constant	Constant	0	8.3.27
Configuration	http://v8.1c.ru/8.3/MDClasses	ContainedObjects	ContainedObject	0	8.3.27
Configuration	http://v8.1c.ru/8.3/MDClasses	Content	MdObject	1	8.3.27
Configuration	http://v8.1c.ru/8.3/MDClasses	Copyright	LocalStringMapEntry	1	8.3.27
Configuration	http://v8.1c.ru/8.3/MDClasses	DataLockControlMode	DefaultDataLockControlMode	1	8.3.27
Configuration	http://v8.1c.ru/8.3/MDClasses	DataProcessor	DataProcessor	0	8.3.27
Configuration	http://v8.1c.ru/8.3/MDClasses	DatabaseTablespacesUseMode	DatabaseTablespacesUseMode	1	8.3.27
Configuration	http://v8.1c.ru/8.3/MDClasses	DefaultCollaborationSystemUsersChoiceForm	CommonForm	1	8.3.27
Configuration	http://v8.1c.ru/8.3/MDClasses	DefaultConstantsForm	CommonForm	1	8.3.27
Configuration	http://v8.1c.ru/8.3/MDClasses	DefaultDataHistoryChangeHistoryForm	CommonForm	1	8.3.27
Configuration	http://v8.1c.ru/8.3/MDClasses	DefaultDataHistoryVersionDataForm	CommonForm	1	8.3.27
Configuration	http://v8.1c.ru/8.3/MDClasses	DefaultDataHistoryVersionDifferencesForm	CommonForm	1	8.3.27
Configuration	http://v8.1c.ru/8.3/MDClasses	DefaultDynamicListSettingsForm	CommonForm	1	8.3.27
Configuration	http://v8.1c.ru/8.3/MDClasses	DefaultInterface	Interface	1	8.3.27
Configuration	http://v8.1c.ru/8.3/MDClasses	DefaultLanguage	Language	1	8.3.27
Configuration	http://v8.1c.ru/8.3/MDClasses	DefaultReportAppearanceTemplate	CommonTemplate	1	8.3.27
Configuration	http://v8.1c.ru/8.3/MDClasses	DefaultReportForm	CommonForm	1	8.3.27
Configuration	http://v8.1c.ru/8.3/MDClasses	DefaultReportSettingsForm	CommonForm	1	8.3.27
Configuration	http://v8.1c.ru/8.3/MDClasses	DefaultReportVariantForm	CommonForm	1	8.3.27
Configuration	http://v8.1c.ru/8.3/MDClasses	DefaultRole	Role	1	8.3.27
Configuration	http://v8.1c.ru/8.3/MDClasses	DefaultRoles	Role	1	8.3.27
Configuration	http://v8.1c.ru/8.3/MDClasses	DefaultRunMode	ClientRunMode	1	8.3.27
Configuration	http://v8.1c.ru/8.3/MDClasses	DefaultSearchForm	CommonForm	1	8.3.27
Configuration	http://v8.1c.ru/8.3/MDClasses	DefaultStyle	Style	1	8.3.27
Configuration	http://v8.1c.ru/8.3/MDClasses	DefinedType	DefinedType	0	8.3.27
Configuration	http://v8.1c.ru/8.3/MDClasses	DetailedInformation	LocalStringMapEntry	1	8.3.27
Configuration	http://v8.1c.ru/8.3/MDClasses	Document	Document	0	8.3.27
Configuration	http://v8.1c.ru/8.3/MDClasses	DocumentJournal	DocumentJournal	0	8.3.27
Configuration	http://v8.1c.ru/8.3/MDClasses	DocumentNumerator	DocumentNumerator	0	8.3.27
Configuration	http://v8.1c.ru/8.3/MDClasses	DynamicListsUserSettingsStorage	SettingsStorage	1	8.3.27
Configuration	http://v8.1c.ru/8.3/MDClasses	Enum	Enum	0	8.3.27
Configuration	http://v8.1c.ru/8.3/MDClasses	EventSubscription	EventSubscription	0	8.3.27
Configuration	http://v8.1c.ru/8.3/MDClasses	ExchangePlan	ExchangePlan	0	8.3.27
Configuration	http://v8.1c.ru/8.3/MDClasses	ExtendedConfigurationObject	Uuid	1	8.3.27
Configuration	http://v8.1c.ru/8.3/MDClasses	Extension	ObjectExtension	0	8.3.27
Configuration	http://v8.1c.ru/8.3/MDClasses	ExternalDataSource	ExternalDataSource	0	8.3.27
Configuration	http://v8.1c.ru/8.3/MDClasses	FilterCriterion	FilterCriterion	0	8.3.27
Configuration	http://v8.1c.ru/8.3/MDClasses	FormDataSettingsStorage	SettingsStorage	1	8.3.27
Configuration	http://v8.1c.ru/8.3/MDClasses	FunctionalOption	FunctionalOption	0	8.3.27
Configuration	http://v8.1c.ru/8.3/MDClasses	FunctionalOptionsParameter	FunctionalOptionsParameter	0	8.3.27
Configuration	http://v8.1c.ru/8.3/MDClasses	HTTPService	HTTPService	0	8.3.27
Configuration	http://v8.1c.ru/8.3/MDClasses	Help	Help	1	8.3.27
Configuration	http://v8.1c.ru/8.3/MDClasses	IncludeHelpInContents	EBoolean	1	8.3.27
Configuration	http://v8.1c.ru/8.3/MDClasses	InformationRegister	InformationRegister	0	8.3.27
Configuration	http://v8.1c.ru/8.3/MDClasses	IntegrationService	IntegrationService	0	8.3.27
Configuration	http://v8.1c.ru/8.3/MDClasses	Interface	Interface	0	8.3.27
Configuration	http://v8.1c.ru/8.3/MDClasses	InterfaceCompatibilityMode	InterfaceCompatibilityMode	1	8.3.27
Configuration	http://v8.1c.ru/8.3/MDClasses	KeepMappingToExtendedConfigurationObjectsByIDs	EBoolean	1	8.3.27
Configuration	http://v8.1c.ru/8.3/MDClasses	Language	Language	0	8.3.27
Configuration	http://v8.1c.ru/8.3/MDClasses	Logo	MdPicture	1	8.3.27
Configuration	http://v8.1c.ru/8.3/MDClasses	MainClientApplicationWindowInterfaceVariant	MainClientApplicationWindowInterfaceVariant	1	8.5.1
Configuration	http://v8.1c.ru/8.3/MDClasses	MainClientApplicationWindowMode	MainClientApplicationWindowMode	1	8.3.27
Configuration	http://v8.1c.ru/8.3/MDClasses	MainSectionPicture	MdPicture	1	8.3.27
Configuration	http://v8.1c.ru/8.3/MDClasses	MobileApplicationURLs	AbstractMobileApplicationUrl	1	8.3.27
Configuration	http://v8.1c.ru/8.3/MDClasses	ModalityUseMode	ModalityUseMode	1	8.3.27
Configuration	http://v8.1c.ru/8.3/MDClasses	Name	EString	1	8.3.27
Configuration	http://v8.1c.ru/8.3/MDClasses	NamePrefix	EString	1	8.3.27
Configuration	http://v8.1c.ru/8.3/MDClasses	ObjectAutonumerationMode	ObjectAutonumerationMode	1	8.3.27
Configuration	http://v8.1c.ru/8.3/MDClasses	ObjectBelonging	ObjectBelonging	1	8.3.27
Configuration	http://v8.1c.ru/8.3/MDClasses	PaletteColor	PaletteColor	0	8.5.1
Configuration	http://v8.1c.ru/8.3/MDClasses	Report	Report	0	8.3.27
Configuration	http://v8.1c.ru/8.3/MDClasses	ReportsUserSettingsStorage	SettingsStorage	1	8.3.27
Configuration	http://v8.1c.ru/8.3/MDClasses	ReportsVariantsStorage	SettingsStorage	1	8.3.27
Configuration	http://v8.1c.ru/8.3/MDClasses	RequiredMobileApplicationPermissions8315	RequiredPermission	1	8.3.27
Configuration	http://v8.1c.ru/8.3/MDClasses	Role	Role	0	8.3.27
Configuration	http://v8.1c.ru/8.3/MDClasses	ScheduledJob	ScheduledJob	0	8.3.27
Configuration	http://v8.1c.ru/8.3/MDClasses	ScriptVariant	ScriptVariant	1	8.3.27
Configuration	http://v8.1c.ru/8.3/MDClasses	Sequence	Sequence	0	8.3.27
Configuration	http://v8.1c.ru/8.3/MDClasses	SessionParameter	SessionParameter	0	8.3.27
Configuration	http://v8.1c.ru/8.3/MDClasses	SettingsStorage	SettingsStorage	0	8.3.27
Configuration	http://v8.1c.ru/8.3/MDClasses	ShortCaption	LocalStringMapEntry	1	8.5.1
Configuration	http://v8.1c.ru/8.3/MDClasses	Splash	MdPicture	1	8.3.27
Configuration	http://v8.1c.ru/8.3/MDClasses	StandaloneConfigurationRestrictionRoles	Role	1	8.3.27
Configuration	http://v8.1c.ru/8.3/MDClasses	Style	Style	0	8.3.27
Configuration	http://v8.1c.ru/8.3/MDClasses	StyleItem	StyleItem	0	8.3.27
Configuration	http://v8.1c.ru/8.3/MDClasses	Subsystem	Subsystem	0	8.3.27
Configuration	http://v8.1c.ru/8.3/MDClasses	SynchronousPlatformExtensionAndAddInCallUseMode	SynchronousPlatformExtensionAndAddInCallUseMode	1	8.3.27
Configuration	http://v8.1c.ru/8.3/MDClasses	Synonym	LocalStringMapEntry	1	8.3.27
Configuration	http://v8.1c.ru/8.3/MDClasses	Task	Task	0	8.3.27
Configuration	http://v8.1c.ru/8.3/MDClasses	URLExternalDataStorage	SettingsStorage	1	8.3.27
Configuration	http://v8.1c.ru/8.3/MDClasses	UpdateCatalogAddress	EString	1	8.3.27
Configuration	http://v8.1c.ru/8.3/MDClasses	UseManagedFormInOrdinaryApplication	EBoolean	1	8.3.27
Configuration	http://v8.1c.ru/8.3/MDClasses	UseOrdinaryFormInManagedApplication	EBoolean	1	8.3.27
Configuration	http://v8.1c.ru/8.3/MDClasses	UsePurposes	ApplicationUsePurpose	1	8.3.27
Configuration	http://v8.1c.ru/8.3/MDClasses	UsedMobileApplicationFunctionalities	UsedFunctionality	1	8.3.27
Configuration	http://v8.1c.ru/8.3/MDClasses	Uuid	Uuid	0	8.3.27
Configuration	http://v8.1c.ru/8.3/MDClasses	Vendor	EString	1	8.3.27
Configuration	http://v8.1c.ru/8.3/MDClasses	VendorInformationAddress	LocalStringMapEntry	1	8.3.27
Configuration	http://v8.1c.ru/8.3/MDClasses	Version	EString	1	8.3.27
Configuration	http://v8.1c.ru/8.3/MDClasses	Version85InterfaceMigrationMode	Version85InterfaceMigrationMode	1	8.5.1
Configuration	http://v8.1c.ru/8.3/MDClasses	WSReference	WSReference	0	8.3.27
Configuration	http://v8.1c.ru/8.3/MDClasses	WebService	WebService	0	8.3.27
Configuration	http://v8.1c.ru/8.3/MDClasses	WebSocketClient	WebSocketClient	0	8.3.27
Configuration	http://v8.1c.ru/8.3/MDClasses	XDTOPackage	XDTOPackage	0	8.3.27
Constant	http://v8.1c.ru/8.3/MDClasses	ChoiceFoldersAndItems	FoldersAndItemsUse	1	8.3.27
Constant	http://v8.1c.ru/8.3/MDClasses	ChoiceForm	BasicForm	1	8.3.27
Constant	http://v8.1c.ru/8.3/MDClasses	ChoiceHistoryOnInput	ChoiceHistoryOnInput	1	8.3.27
Constant	http://v8.1c.ru/8.3/MDClasses	ChoiceParameterLinks	ChoiceParameterLink	1	8.3.27
Constant	http://v8.1c.ru/8.3/MDClasses	ChoiceParameters	ChoiceParameter	1	8.3.27
Constant	http://v8.1c.ru/8.3/MDClasses	Comment	EString	1	8.3.27
Constant	http://v8.1c.ru/8.3/MDClasses	DataHistory	DataHistoryUse	1	8.3.27
Constant	http://v8.1c.ru/8.3/MDClasses	DataLockControlMode	DefaultDataLockControlMode	1	8.3.27
Constant	http://v8.1c.ru/8.3/MDClasses	DefaultForm	CommonForm	1	8.3.27
Constant	http://v8.1c.ru/8.3/MDClasses	EditFormat	LocalStringMapEntry	1	8.3.27
Constant	http://v8.1c.ru/8.3/MDClasses	ExecuteAfterWriteDataHistoryVersionProcessing	EBoolean	1	8.3.27
Constant	http://v8.1c.ru/8.3/MDClasses	Explanation	LocalStringMapEntry	1	8.3.27
Constant	http://v8.1c.ru/8.3/MDClasses	ExtendedConfigurationObject	Uuid	1	8.3.27
Constant	http://v8.1c.ru/8.3/MDClasses	ExtendedEdit	EBoolean	1	8.3.27
Constant	http://v8.1c.ru/8.3/MDClasses	ExtendedPresentation	LocalStringMapEntry	1	8.3.27
Constant	http://v8.1c.ru/8.3/MDClasses	Extension	ObjectExtension	0	8.3.27
Constant	http://v8.1c.ru/8.3/MDClasses	FillChecking	FillChecking	1	8.3.27
Constant	http://v8.1c.ru/8.3/MDClasses	Format	LocalStringMapEntry	1	8.3.27
Constant	http://v8.1c.ru/8.3/MDClasses	LinkByType	TypeLink	1	8.3.27
Constant	http://v8.1c.ru/8.3/MDClasses	MarkNegatives	EBoolean	1	8.3.27
Constant	http://v8.1c.ru/8.3/MDClasses	Mask	EString	1	8.3.27
Constant	http://v8.1c.ru/8.3/MDClasses	MaxValue	Value	1	8.3.27
Constant	http://v8.1c.ru/8.3/MDClasses	MinValue	Value	1	8.3.27
Constant	http://v8.1c.ru/8.3/MDClasses	MultiLine	EBoolean	1	8.3.27
Constant	http://v8.1c.ru/8.3/MDClasses	Name	EString	1	8.3.27
Constant	http://v8.1c.ru/8.3/MDClasses	ObjectBelonging	ObjectBelonging	1	8.3.27
Constant	http://v8.1c.ru/8.3/MDClasses	PasswordMode	EBoolean	1	8.3.27
Constant	http://v8.1c.ru/8.3/MDClasses	ProducedTypes	ConstantTypes	0	8.3.27
Constant	http://v8.1c.ru/8.3/MDClasses	QuickChoice	UseQuickChoice	1	8.3.27
Constant	http://v8.1c.ru/8.3/MDClasses	Synonym	LocalStringMapEntry	1	8.3.27
Constant	http://v8.1c.ru/8.3/MDClasses	ToolTip	LocalStringMapEntry	1	8.3.27
Constant	http://v8.1c.ru/8.3/MDClasses	Type	TypeDescription	1	8.3.27
Constant	http://v8.1c.ru/8.3/MDClasses	UpdateDataHistoryImmediatelyAfterWrite	EBoolean	1	8.3.27
Constant	http://v8.1c.ru/8.3/MDClasses	UseStandardCommands	EBoolean	1	8.3.27
Constant	http://v8.1c.ru/8.3/MDClasses	Uuid	Uuid	0	8.3.27
ContainedObject	http://v8.1c.ru/8.3/MDClasses	ClassId	Uuid	0	8.3.27
ContainedObject	http://v8.1c.ru/8.3/MDClasses	ObjectId	Uuid	0	8.3.27
ContainingSourceDerivedProperty		Code	EInt	0	8.3.27
ContainingSourceDerivedProperty		CompatibilityMode	EString	0	8.3.27
ContainingSourceDerivedProperty		ContainingSource	EObject	0	8.3.27
ContainingSourceDerivedProperty		DependsOnMetadata	EBoolean	0	8.3.27
ContainingSourceDerivedProperty		DeprecatedSince	EString	0	8.3.27
ContainingSourceDerivedProperty		Environments	Environments	0	8.3.27
ContainingSourceDerivedProperty		InterfaceType	InterfaceType	0	8.3.27
ContainingSourceDerivedProperty		Name	EString	0	8.3.27
ContainingSourceDerivedProperty		NameRu	EString	0	8.3.27
ContainingSourceDerivedProperty		Readable	EBoolean	0	8.3.27
ContainingSourceDerivedProperty		ReplacedBy	EString	0	8.3.27
ContainingSourceDerivedProperty		ServerRequest	ServerRequest	0	8.3.27
ContainingSourceDerivedProperty		Source	EObject	0	8.3.27
ContainingSourceDerivedProperty		TypeContainer	TypeContainer	0	8.3.27
ContainingSourceDerivedProperty		Writable	EBoolean	0	8.3.27
ContextDef		Environments	Environments	0	8.3.27
ContextDef		Methods	Method	0	8.3.27
ContextDef		Properties	Property	0	8.3.27
ContextDef		RefContextDefs	ContextDef	0	8.3.27
ContextDefWithRefItem		Environments	Environments	0	8.3.27
ContextDefWithRefItem		Methods	Method	0	8.3.27
ContextDefWithRefItem		Properties	Property	0	8.3.27
ContextDefWithRefItem		RefContextDefs	ContextDef	0	8.3.27
ContextDefWithRefItem		RefMethods	Method	0	8.3.27
ContextDefWithRefItem		RefProperties	Property	0	8.3.27
ConvertedMobileClientSign	http://v8.1c.ru/8.3/MDClasses	Converted	EBoolean	0	8.3.27
ConvertedMobileClientSign	http://v8.1c.ru/8.3/MDClasses	Digest	EString	0	8.3.27
ConvertedMobileClientSign	http://v8.1c.ru/8.3/MDClasses	DigestTypes	MobileClientDigestTypes	0	8.3.27
ConvertedMobileClientSign	http://v8.1c.ru/8.3/MDClasses	PublicKey	EString	0	8.3.27
Ctor		Code	EInt	0	8.3.27
Ctor		CompatibilityMode	EString	0	8.3.27
Ctor		DeprecatedSince	EString	0	8.3.27
Ctor		InterfaceType	InterfaceType	0	8.3.27
Ctor		MaxParams	EInt	0	8.3.27
Ctor		MinParams	EInt	0	8.3.27
Ctor		Params	Parameter	0	8.3.27
Ctor		ReplacedBy	EString	0	8.3.27
Cube	http://v8.1c.ru/8.3/MDClasses	Characteristics	CharacteristicsDescription	1	8.3.27
Cube	http://v8.1c.ru/8.3/MDClasses	Command	CubeCommand	0	8.3.27
Cube	http://v8.1c.ru/8.3/MDClasses	Comment	EString	1	8.3.27
Cube	http://v8.1c.ru/8.3/MDClasses	DefaultListForm	BasicForm	1	8.3.27
Cube	http://v8.1c.ru/8.3/MDClasses	DefaultRecordForm	BasicForm	1	8.3.27
Cube	http://v8.1c.ru/8.3/MDClasses	Dimension	Dimension	0	8.3.27
Cube	http://v8.1c.ru/8.3/MDClasses	DimensionTable	DimensionTable	0	8.3.27
Cube	http://v8.1c.ru/8.3/MDClasses	Explanation	LocalStringMapEntry	1	8.3.27
Cube	http://v8.1c.ru/8.3/MDClasses	ExtendedConfigurationObject	Uuid	1	8.3.27
Cube	http://v8.1c.ru/8.3/MDClasses	ExtendedListPresentation	LocalStringMapEntry	1	8.3.27
Cube	http://v8.1c.ru/8.3/MDClasses	ExtendedRecordPresentation	LocalStringMapEntry	1	8.3.27
Cube	http://v8.1c.ru/8.3/MDClasses	Extension	ObjectExtension	0	8.3.27
Cube	http://v8.1c.ru/8.3/MDClasses	Form	CubeForm	0	8.3.27
Cube	http://v8.1c.ru/8.3/MDClasses	Help	Help	1	8.3.27
Cube	http://v8.1c.ru/8.3/MDClasses	IncludeHelpInContents	EBoolean	1	8.3.27
Cube	http://v8.1c.ru/8.3/MDClasses	ListPresentation	LocalStringMapEntry	1	8.3.27
Cube	http://v8.1c.ru/8.3/MDClasses	Name	EString	1	8.3.27
Cube	http://v8.1c.ru/8.3/MDClasses	NameInDataSource	EString	1	8.3.27
Cube	http://v8.1c.ru/8.3/MDClasses	ObjectBelonging	ObjectBelonging	1	8.3.27
Cube	http://v8.1c.ru/8.3/MDClasses	ParentDataSource	ExternalDataSource	0	8.3.27
Cube	http://v8.1c.ru/8.3/MDClasses	ProducedTypes	CubeTypes	0	8.3.27
Cube	http://v8.1c.ru/8.3/MDClasses	RecordPresentation	LocalStringMapEntry	1	8.3.27
Cube	http://v8.1c.ru/8.3/MDClasses	Resource	Resource	0	8.3.27
Cube	http://v8.1c.ru/8.3/MDClasses	Synonym	LocalStringMapEntry	1	8.3.27
Cube	http://v8.1c.ru/8.3/MDClasses	Template	Template	0	8.3.27
Cube	http://v8.1c.ru/8.3/MDClasses	UseStandardCommands	EBoolean	1	8.3.27
Cube	http://v8.1c.ru/8.3/MDClasses	Uuid	Uuid	0	8.3.27
CubeCommand	http://v8.1c.ru/8.3/MDClasses	CommandParameterType	TypeDescription	1	8.3.27
CubeCommand	http://v8.1c.ru/8.3/MDClasses	Comment	EString	1	8.3.27
CubeCommand	http://v8.1c.ru/8.3/MDClasses	ExtendedConfigurationObject	Uuid	1	8.3.27
CubeCommand	http://v8.1c.ru/8.3/MDClasses	Extension	ObjectExtension	0	8.3.27
CubeCommand	http://v8.1c.ru/8.3/MDClasses	Group	CommandGroup	1	8.3.27
CubeCommand	http://v8.1c.ru/8.3/MDClasses	ModifiesData	EBoolean	1	8.3.27
CubeCommand	http://v8.1c.ru/8.3/MDClasses	Name	EString	1	8.3.27
CubeCommand	http://v8.1c.ru/8.3/MDClasses	ObjectBelonging	ObjectBelonging	1	8.3.27
CubeCommand	http://v8.1c.ru/8.3/MDClasses	OnMainServerUnavalableBehavior	OnMainServerUnavalableBehavior	1	8.3.27
CubeCommand	http://v8.1c.ru/8.3/MDClasses	ParameterUseMode	CommandParameterUseMode	1	8.3.27
CubeCommand	http://v8.1c.ru/8.3/MDClasses	Picture	Picture	1	8.3.27
CubeCommand	http://v8.1c.ru/8.3/MDClasses	Representation	ButtonRepresentation	1	8.3.27
CubeCommand	http://v8.1c.ru/8.3/MDClasses	Shortcut	Shortcut	1	8.3.27
CubeCommand	http://v8.1c.ru/8.3/MDClasses	Synonym	LocalStringMapEntry	1	8.3.27
CubeCommand	http://v8.1c.ru/8.3/MDClasses	ToolTip	LocalStringMapEntry	1	8.3.27
CubeCommand	http://v8.1c.ru/8.3/MDClasses	Uuid	Uuid	0	8.3.27
CubeForm	http://v8.1c.ru/8.3/MDClasses	Comment	EString	1	8.3.27
CubeForm	http://v8.1c.ru/8.3/MDClasses	ExtendedConfigurationObject	Uuid	1	8.3.27
CubeForm	http://v8.1c.ru/8.3/MDClasses	Extension	ObjectExtension	0	8.3.27
CubeForm	http://v8.1c.ru/8.3/MDClasses	FormType	FormType	1	8.3.27
CubeForm	http://v8.1c.ru/8.3/MDClasses	Help	Help	1	8.3.27
CubeForm	http://v8.1c.ru/8.3/MDClasses	IncludeHelpInContents	EBoolean	1	8.3.27
CubeForm	http://v8.1c.ru/8.3/MDClasses	Name	EString	1	8.3.27
CubeForm	http://v8.1c.ru/8.3/MDClasses	ObjectBelonging	ObjectBelonging	1	8.3.27
CubeForm	http://v8.1c.ru/8.3/MDClasses	Synonym	LocalStringMapEntry	1	8.3.27
CubeForm	http://v8.1c.ru/8.3/MDClasses	UseInInterfaceCompatibilityMode	FormPreferableInterface	1	8.5.1
CubeForm	http://v8.1c.ru/8.3/MDClasses	UsePurposes	ApplicationUsePurpose	1	8.3.27
CubeForm	http://v8.1c.ru/8.3/MDClasses	Uuid	Uuid	0	8.3.27
DataProcessor	http://v8.1c.ru/8.3/MDClasses	Attribute	DataProcessorAttribute	0	8.3.27
DataProcessor	http://v8.1c.ru/8.3/MDClasses	AuxiliaryForm	BasicForm	1	8.3.27
DataProcessor	http://v8.1c.ru/8.3/MDClasses	Command	DataProcessorCommand	0	8.3.27
DataProcessor	http://v8.1c.ru/8.3/MDClasses	Comment	EString	1	8.3.27
DataProcessor	http://v8.1c.ru/8.3/MDClasses	DefaultForm	BasicForm	1	8.3.27
DataProcessor	http://v8.1c.ru/8.3/MDClasses	Explanation	LocalStringMapEntry	1	8.3.27
DataProcessor	http://v8.1c.ru/8.3/MDClasses	ExtendedConfigurationObject	Uuid	1	8.3.27
DataProcessor	http://v8.1c.ru/8.3/MDClasses	ExtendedPresentation	LocalStringMapEntry	1	8.3.27
DataProcessor	http://v8.1c.ru/8.3/MDClasses	Extension	ObjectExtension	0	8.3.27
DataProcessor	http://v8.1c.ru/8.3/MDClasses	Form	DataProcessorForm	0	8.3.27
DataProcessor	http://v8.1c.ru/8.3/MDClasses	Help	Help	1	8.3.27
DataProcessor	http://v8.1c.ru/8.3/MDClasses	IncludeHelpInContents	EBoolean	1	8.3.27
DataProcessor	http://v8.1c.ru/8.3/MDClasses	Name	EString	1	8.3.27
DataProcessor	http://v8.1c.ru/8.3/MDClasses	ObjectBelonging	ObjectBelonging	1	8.3.27
DataProcessor	http://v8.1c.ru/8.3/MDClasses	ProducedTypes	DataProcessorTypes	0	8.3.27
DataProcessor	http://v8.1c.ru/8.3/MDClasses	Synonym	LocalStringMapEntry	1	8.3.27
DataProcessor	http://v8.1c.ru/8.3/MDClasses	TabularSection	DataProcessorTabularSection	0	8.3.27
DataProcessor	http://v8.1c.ru/8.3/MDClasses	Template	Template	0	8.3.27
DataProcessor	http://v8.1c.ru/8.3/MDClasses	UseStandardCommands	EBoolean	1	8.3.27
DataProcessor	http://v8.1c.ru/8.3/MDClasses	Uuid	Uuid	0	8.3.27
DataProcessorAttribute	http://v8.1c.ru/8.3/MDClasses	ChoiceFoldersAndItems	FoldersAndItemsUse	1	8.3.27
DataProcessorAttribute	http://v8.1c.ru/8.3/MDClasses	ChoiceForm	BasicForm	1	8.3.27
DataProcessorAttribute	http://v8.1c.ru/8.3/MDClasses	ChoiceHistoryOnInput	ChoiceHistoryOnInput	1	8.3.27
DataProcessorAttribute	http://v8.1c.ru/8.3/MDClasses	ChoiceParameterLinks	ChoiceParameterLink	1	8.3.27
DataProcessorAttribute	http://v8.1c.ru/8.3/MDClasses	ChoiceParameters	ChoiceParameter	1	8.3.27
DataProcessorAttribute	http://v8.1c.ru/8.3/MDClasses	Comment	EString	1	8.3.27
DataProcessorAttribute	http://v8.1c.ru/8.3/MDClasses	CreateOnInput	CreateOnInput	1	8.3.27
DataProcessorAttribute	http://v8.1c.ru/8.3/MDClasses	EditFormat	LocalStringMapEntry	1	8.3.27
DataProcessorAttribute	http://v8.1c.ru/8.3/MDClasses	ExtendedConfigurationObject	Uuid	1	8.3.27
DataProcessorAttribute	http://v8.1c.ru/8.3/MDClasses	ExtendedEdit	EBoolean	1	8.3.27
DataProcessorAttribute	http://v8.1c.ru/8.3/MDClasses	Extension	ObjectExtension	0	8.3.27
DataProcessorAttribute	http://v8.1c.ru/8.3/MDClasses	FillChecking	FillChecking	1	8.3.27
DataProcessorAttribute	http://v8.1c.ru/8.3/MDClasses	Format	LocalStringMapEntry	1	8.3.27
DataProcessorAttribute	http://v8.1c.ru/8.3/MDClasses	LinkByType	TypeLink	1	8.3.27
DataProcessorAttribute	http://v8.1c.ru/8.3/MDClasses	MarkNegatives	EBoolean	1	8.3.27
DataProcessorAttribute	http://v8.1c.ru/8.3/MDClasses	Mask	EString	1	8.3.27
DataProcessorAttribute	http://v8.1c.ru/8.3/MDClasses	MaxValue	Value	1	8.3.27
DataProcessorAttribute	http://v8.1c.ru/8.3/MDClasses	MinValue	Value	1	8.3.27
DataProcessorAttribute	http://v8.1c.ru/8.3/MDClasses	MultiLine	EBoolean	1	8.3.27
DataProcessorAttribute	http://v8.1c.ru/8.3/MDClasses	Name	EString	1	8.3.27
DataProcessorAttribute	http://v8.1c.ru/8.3/MDClasses	ObjectBelonging	ObjectBelonging	1	8.3.27
DataProcessorAttribute	http://v8.1c.ru/8.3/MDClasses	PasswordMode	EBoolean	1	8.3.27
DataProcessorAttribute	http://v8.1c.ru/8.3/MDClasses	QuickChoice	UseQuickChoice	1	8.3.27
DataProcessorAttribute	http://v8.1c.ru/8.3/MDClasses	Synonym	LocalStringMapEntry	1	8.3.27
DataProcessorAttribute	http://v8.1c.ru/8.3/MDClasses	ToolTip	LocalStringMapEntry	1	8.3.27
DataProcessorAttribute	http://v8.1c.ru/8.3/MDClasses	Type	TypeDescription	1	8.3.27
DataProcessorAttribute	http://v8.1c.ru/8.3/MDClasses	Uuid	Uuid	0	8.3.27
DataProcessorCommand	http://v8.1c.ru/8.3/MDClasses	CommandParameterType	TypeDescription	1	8.3.27
DataProcessorCommand	http://v8.1c.ru/8.3/MDClasses	Comment	EString	1	8.3.27
DataProcessorCommand	http://v8.1c.ru/8.3/MDClasses	ExtendedConfigurationObject	Uuid	1	8.3.27
DataProcessorCommand	http://v8.1c.ru/8.3/MDClasses	Extension	ObjectExtension	0	8.3.27
DataProcessorCommand	http://v8.1c.ru/8.3/MDClasses	Group	CommandGroup	1	8.3.27
DataProcessorCommand	http://v8.1c.ru/8.3/MDClasses	ModifiesData	EBoolean	1	8.3.27
DataProcessorCommand	http://v8.1c.ru/8.3/MDClasses	Name	EString	1	8.3.27
DataProcessorCommand	http://v8.1c.ru/8.3/MDClasses	ObjectBelonging	ObjectBelonging	1	8.3.27
DataProcessorCommand	http://v8.1c.ru/8.3/MDClasses	OnMainServerUnavalableBehavior	OnMainServerUnavalableBehavior	1	8.3.27
DataProcessorCommand	http://v8.1c.ru/8.3/MDClasses	ParameterUseMode	CommandParameterUseMode	1	8.3.27
DataProcessorCommand	http://v8.1c.ru/8.3/MDClasses	Picture	Picture	1	8.3.27
DataProcessorCommand	http://v8.1c.ru/8.3/MDClasses	Representation	ButtonRepresentation	1	8.3.27
DataProcessorCommand	http://v8.1c.ru/8.3/MDClasses	Shortcut	Shortcut	1	8.3.27
DataProcessorCommand	http://v8.1c.ru/8.3/MDClasses	Synonym	LocalStringMapEntry	1	8.3.27
DataProcessorCommand	http://v8.1c.ru/8.3/MDClasses	ToolTip	LocalStringMapEntry	1	8.3.27
DataProcessorCommand	http://v8.1c.ru/8.3/MDClasses	Uuid	Uuid	0	8.3.27
DataProcessorForm	http://v8.1c.ru/8.3/MDClasses	Comment	EString	1	8.3.27
DataProcessorForm	http://v8.1c.ru/8.3/MDClasses	ExtendedConfigurationObject	Uuid	1	8.3.27
DataProcessorForm	http://v8.1c.ru/8.3/MDClasses	ExtendedPresentation	LocalStringMapEntry	1	8.3.27
DataProcessorForm	http://v8.1c.ru/8.3/MDClasses	Extension	ObjectExtension	0	8.3.27
DataProcessorForm	http://v8.1c.ru/8.3/MDClasses	FormType	FormType	1	8.3.27
DataProcessorForm	http://v8.1c.ru/8.3/MDClasses	Help	Help	1	8.3.27
DataProcessorForm	http://v8.1c.ru/8.3/MDClasses	IncludeHelpInContents	EBoolean	1	8.3.27
DataProcessorForm	http://v8.1c.ru/8.3/MDClasses	Name	EString	1	8.3.27
DataProcessorForm	http://v8.1c.ru/8.3/MDClasses	ObjectBelonging	ObjectBelonging	1	8.3.27
DataProcessorForm	http://v8.1c.ru/8.3/MDClasses	Synonym	LocalStringMapEntry	1	8.3.27
DataProcessorForm	http://v8.1c.ru/8.3/MDClasses	UseInInterfaceCompatibilityMode	FormPreferableInterface	1	8.5.1
DataProcessorForm	http://v8.1c.ru/8.3/MDClasses	UsePurposes	ApplicationUsePurpose	1	8.3.27
DataProcessorForm	http://v8.1c.ru/8.3/MDClasses	Uuid	Uuid	0	8.3.27
DataProcessorTabularSection	http://v8.1c.ru/8.3/MDClasses	Attribute	DataProcessorTabularSectionAttribute	0	8.3.27
DataProcessorTabularSection	http://v8.1c.ru/8.3/MDClasses	Comment	EString	1	8.3.27
DataProcessorTabularSection	http://v8.1c.ru/8.3/MDClasses	ExtendedConfigurationObject	Uuid	1	8.3.27
DataProcessorTabularSection	http://v8.1c.ru/8.3/MDClasses	Extension	ObjectExtension	0	8.3.27
DataProcessorTabularSection	http://v8.1c.ru/8.3/MDClasses	FillChecking	FillChecking	1	8.3.27
DataProcessorTabularSection	http://v8.1c.ru/8.3/MDClasses	Name	EString	1	8.3.27
DataProcessorTabularSection	http://v8.1c.ru/8.3/MDClasses	ObjectBelonging	ObjectBelonging	1	8.3.27
DataProcessorTabularSection	http://v8.1c.ru/8.3/MDClasses	ProducedTypes	TabularSectionTypes	0	8.3.27
DataProcessorTabularSection	http://v8.1c.ru/8.3/MDClasses	StandardAttributes	StandardAttribute	1	8.3.27
DataProcessorTabularSection	http://v8.1c.ru/8.3/MDClasses	Synonym	LocalStringMapEntry	1	8.3.27
DataProcessorTabularSection	http://v8.1c.ru/8.3/MDClasses	ToolTip	LocalStringMapEntry	1	8.3.27
DataProcessorTabularSection	http://v8.1c.ru/8.3/MDClasses	Uuid	Uuid	0	8.3.27
DataProcessorTabularSectionAttribute	http://v8.1c.ru/8.3/MDClasses	ChoiceFoldersAndItems	FoldersAndItemsUse	1	8.3.27
DataProcessorTabularSectionAttribute	http://v8.1c.ru/8.3/MDClasses	ChoiceForm	BasicForm	1	8.3.27
DataProcessorTabularSectionAttribute	http://v8.1c.ru/8.3/MDClasses	ChoiceHistoryOnInput	ChoiceHistoryOnInput	1	8.3.27
DataProcessorTabularSectionAttribute	http://v8.1c.ru/8.3/MDClasses	ChoiceParameterLinks	ChoiceParameterLink	1	8.3.27
DataProcessorTabularSectionAttribute	http://v8.1c.ru/8.3/MDClasses	ChoiceParameters	ChoiceParameter	1	8.3.27
DataProcessorTabularSectionAttribute	http://v8.1c.ru/8.3/MDClasses	Comment	EString	1	8.3.27
DataProcessorTabularSectionAttribute	http://v8.1c.ru/8.3/MDClasses	CreateOnInput	CreateOnInput	1	8.3.27
DataProcessorTabularSectionAttribute	http://v8.1c.ru/8.3/MDClasses	EditFormat	LocalStringMapEntry	1	8.3.27
DataProcessorTabularSectionAttribute	http://v8.1c.ru/8.3/MDClasses	ExtendedConfigurationObject	Uuid	1	8.3.27
DataProcessorTabularSectionAttribute	http://v8.1c.ru/8.3/MDClasses	ExtendedEdit	EBoolean	1	8.3.27
DataProcessorTabularSectionAttribute	http://v8.1c.ru/8.3/MDClasses	Extension	ObjectExtension	0	8.3.27
DataProcessorTabularSectionAttribute	http://v8.1c.ru/8.3/MDClasses	FillChecking	FillChecking	1	8.3.27
DataProcessorTabularSectionAttribute	http://v8.1c.ru/8.3/MDClasses	FillFromFillingValue	EBoolean	1	8.3.27
DataProcessorTabularSectionAttribute	http://v8.1c.ru/8.3/MDClasses	FillValue	Value	1	8.3.27
DataProcessorTabularSectionAttribute	http://v8.1c.ru/8.3/MDClasses	Format	LocalStringMapEntry	1	8.3.27
DataProcessorTabularSectionAttribute	http://v8.1c.ru/8.3/MDClasses	LinkByType	TypeLink	1	8.3.27
DataProcessorTabularSectionAttribute	http://v8.1c.ru/8.3/MDClasses	MarkNegatives	EBoolean	1	8.3.27
DataProcessorTabularSectionAttribute	http://v8.1c.ru/8.3/MDClasses	Mask	EString	1	8.3.27
DataProcessorTabularSectionAttribute	http://v8.1c.ru/8.3/MDClasses	MaxValue	Value	1	8.3.27
DataProcessorTabularSectionAttribute	http://v8.1c.ru/8.3/MDClasses	MinValue	Value	1	8.3.27
DataProcessorTabularSectionAttribute	http://v8.1c.ru/8.3/MDClasses	MultiLine	EBoolean	1	8.3.27
DataProcessorTabularSectionAttribute	http://v8.1c.ru/8.3/MDClasses	Name	EString	1	8.3.27
DataProcessorTabularSectionAttribute	http://v8.1c.ru/8.3/MDClasses	ObjectBelonging	ObjectBelonging	1	8.3.27
DataProcessorTabularSectionAttribute	http://v8.1c.ru/8.3/MDClasses	PasswordMode	EBoolean	1	8.3.27
DataProcessorTabularSectionAttribute	http://v8.1c.ru/8.3/MDClasses	QuickChoice	UseQuickChoice	1	8.3.27
DataProcessorTabularSectionAttribute	http://v8.1c.ru/8.3/MDClasses	Synonym	LocalStringMapEntry	1	8.3.27
DataProcessorTabularSectionAttribute	http://v8.1c.ru/8.3/MDClasses	ToolTip	LocalStringMapEntry	1	8.3.27
DataProcessorTabularSectionAttribute	http://v8.1c.ru/8.3/MDClasses	Type	TypeDescription	1	8.3.27
DataProcessorTabularSectionAttribute	http://v8.1c.ru/8.3/MDClasses	Uuid	Uuid	0	8.3.27
DateQualifiers		DateFractions	DateFractions	0	8.3.27
DateValue		Value	Date	0	8.3.27
DefinedType	http://v8.1c.ru/8.3/MDClasses	Comment	EString	1	8.3.27
DefinedType	http://v8.1c.ru/8.3/MDClasses	ExtendedConfigurationObject	Uuid	1	8.3.27
DefinedType	http://v8.1c.ru/8.3/MDClasses	Extension	ObjectExtension	0	8.3.27
DefinedType	http://v8.1c.ru/8.3/MDClasses	Name	EString	1	8.3.27
DefinedType	http://v8.1c.ru/8.3/MDClasses	ObjectBelonging	ObjectBelonging	1	8.3.27
DefinedType	http://v8.1c.ru/8.3/MDClasses	ProducedTypes	DefinedTypeTypes	0	8.3.27
DefinedType	http://v8.1c.ru/8.3/MDClasses	Synonym	LocalStringMapEntry	1	8.3.27
DefinedType	http://v8.1c.ru/8.3/MDClasses	Type	TypeDescription	1	8.3.27
DefinedType	http://v8.1c.ru/8.3/MDClasses	Uuid	Uuid	0	8.3.27
DerivedField		FieldIdPrefix	EString	0	8.3.27
DerivedField		Id	EInt	0	8.3.27
DerivedField		Name	EString	0	8.3.27
DerivedField		NameRu	EString	0	8.3.27
DerivedField		ReadOnly	EBoolean	0	8.3.27
DerivedField		Source	EObject	0	8.3.27
DerivedField		SourceTypes	SourceType	0	8.3.27
DerivedField		Type	TypeDescription	0	8.3.27
DerivedProperty		Code	EInt	0	8.3.27
DerivedProperty		CompatibilityMode	EString	0	8.3.27
DerivedProperty		DependsOnMetadata	EBoolean	0	8.3.27
DerivedProperty		DeprecatedSince	EString	0	8.3.27
DerivedProperty		Environments	Environments	0	8.3.27
DerivedProperty		InterfaceType	InterfaceType	0	8.3.27
DerivedProperty		Name	EString	0	8.3.27
DerivedProperty		NameRu	EString	0	8.3.27
DerivedProperty		Readable	EBoolean	0	8.3.27
DerivedProperty		ReplacedBy	EString	0	8.3.27
DerivedProperty		ServerRequest	ServerRequest	0	8.3.27
DerivedProperty		Source	EObject	0	8.3.27
DerivedProperty		TypeContainer	TypeContainer	0	8.3.27
DerivedProperty		Writable	EBoolean	0	8.3.27
Dimension	http://v8.1c.ru/8.3/MDClasses	ChoiceFoldersAndItems	FoldersAndItemsUse	1	8.3.27
Dimension	http://v8.1c.ru/8.3/MDClasses	ChoiceForm	BasicForm	1	8.3.27
Dimension	http://v8.1c.ru/8.3/MDClasses	ChoiceHistoryOnInput	ChoiceHistoryOnInput	1	8.3.27
Dimension	http://v8.1c.ru/8.3/MDClasses	ChoiceParameterLinks	ChoiceParameterLink	1	8.3.27
Dimension	http://v8.1c.ru/8.3/MDClasses	ChoiceParameters	ChoiceParameter	1	8.3.27
Dimension	http://v8.1c.ru/8.3/MDClasses	Comment	EString	1	8.3.27
Dimension	http://v8.1c.ru/8.3/MDClasses	CreateOnInput	CreateOnInput	1	8.3.27
Dimension	http://v8.1c.ru/8.3/MDClasses	EditFormat	LocalStringMapEntry	1	8.3.27
Dimension	http://v8.1c.ru/8.3/MDClasses	ExtendedConfigurationObject	Uuid	1	8.3.27
Dimension	http://v8.1c.ru/8.3/MDClasses	ExtendedEdit	EBoolean	1	8.3.27
Dimension	http://v8.1c.ru/8.3/MDClasses	Extension	ObjectExtension	0	8.3.27
Dimension	http://v8.1c.ru/8.3/MDClasses	FillChecking	FillChecking	1	8.3.27
Dimension	http://v8.1c.ru/8.3/MDClasses	Format	LocalStringMapEntry	1	8.3.27
Dimension	http://v8.1c.ru/8.3/MDClasses	LinkByType	TypeLink	1	8.3.27
Dimension	http://v8.1c.ru/8.3/MDClasses	MarkNegatives	EBoolean	1	8.3.27
Dimension	http://v8.1c.ru/8.3/MDClasses	Mask	EString	1	8.3.27
Dimension	http://v8.1c.ru/8.3/MDClasses	MaxValue	Value	1	8.3.27
Dimension	http://v8.1c.ru/8.3/MDClasses	MinValue	Value	1	8.3.27
Dimension	http://v8.1c.ru/8.3/MDClasses	MultiLine	EBoolean	1	8.3.27
Dimension	http://v8.1c.ru/8.3/MDClasses	Name	EString	1	8.3.27
Dimension	http://v8.1c.ru/8.3/MDClasses	ObjectBelonging	ObjectBelonging	1	8.3.27
Dimension	http://v8.1c.ru/8.3/MDClasses	PasswordMode	EBoolean	1	8.3.27
Dimension	http://v8.1c.ru/8.3/MDClasses	QuickChoice	UseQuickChoice	1	8.3.27
Dimension	http://v8.1c.ru/8.3/MDClasses	Synonym	LocalStringMapEntry	1	8.3.27
Dimension	http://v8.1c.ru/8.3/MDClasses	ToolTip	LocalStringMapEntry	1	8.3.27
Dimension	http://v8.1c.ru/8.3/MDClasses	Type	TypeDescription	1	8.3.27
Dimension	http://v8.1c.ru/8.3/MDClasses	Uuid	Uuid	0	8.3.27
DimensionTable	http://v8.1c.ru/8.3/MDClasses	Command	DimensionTableCommand	0	8.3.27
DimensionTable	http://v8.1c.ru/8.3/MDClasses	Comment	EString	1	8.3.27
DimensionTable	http://v8.1c.ru/8.3/MDClasses	DefaultChoiceForm	BasicForm	1	8.3.27
DimensionTable	http://v8.1c.ru/8.3/MDClasses	DefaultListForm	BasicForm	1	8.3.27
DimensionTable	http://v8.1c.ru/8.3/MDClasses	DefaultObjectForm	BasicForm	1	8.3.27
DimensionTable	http://v8.1c.ru/8.3/MDClasses	Explanation	LocalStringMapEntry	1	8.3.27
DimensionTable	http://v8.1c.ru/8.3/MDClasses	ExtendedConfigurationObject	Uuid	1	8.3.27
DimensionTable	http://v8.1c.ru/8.3/MDClasses	ExtendedListPresentation	LocalStringMapEntry	1	8.3.27
DimensionTable	http://v8.1c.ru/8.3/MDClasses	ExtendedObjectPresentation	LocalStringMapEntry	1	8.3.27
DimensionTable	http://v8.1c.ru/8.3/MDClasses	Extension	ObjectExtension	0	8.3.27
DimensionTable	http://v8.1c.ru/8.3/MDClasses	Field	Field	0	8.3.27
DimensionTable	http://v8.1c.ru/8.3/MDClasses	Form	DimensionTableForm	0	8.3.27
DimensionTable	http://v8.1c.ru/8.3/MDClasses	Help	Help	1	8.3.27
DimensionTable	http://v8.1c.ru/8.3/MDClasses	Hierarchical	EBoolean	1	8.3.27
DimensionTable	http://v8.1c.ru/8.3/MDClasses	HierarchyNameInDataSource	EString	1	8.3.27
DimensionTable	http://v8.1c.ru/8.3/MDClasses	IncludeHelpInContents	EBoolean	1	8.3.27
DimensionTable	http://v8.1c.ru/8.3/MDClasses	LevelNumber	EBigDecimal	1	8.3.27
DimensionTable	http://v8.1c.ru/8.3/MDClasses	ListPresentation	LocalStringMapEntry	1	8.3.27
DimensionTable	http://v8.1c.ru/8.3/MDClasses	Name	EString	1	8.3.27
DimensionTable	http://v8.1c.ru/8.3/MDClasses	NameInDataSource	EString	1	8.3.27
DimensionTable	http://v8.1c.ru/8.3/MDClasses	ObjectBelonging	ObjectBelonging	1	8.3.27
DimensionTable	http://v8.1c.ru/8.3/MDClasses	ObjectPresentation	LocalStringMapEntry	1	8.3.27
DimensionTable	http://v8.1c.ru/8.3/MDClasses	ParentCube	Cube	0	8.3.27
DimensionTable	http://v8.1c.ru/8.3/MDClasses	PresentationField	Field	1	8.3.27
DimensionTable	http://v8.1c.ru/8.3/MDClasses	ProducedTypes	CubeDimensionTableTypes	0	8.3.27
DimensionTable	http://v8.1c.ru/8.3/MDClasses	QuickChoice	EBoolean	1	8.3.27
DimensionTable	http://v8.1c.ru/8.3/MDClasses	Synonym	LocalStringMapEntry	1	8.3.27
DimensionTable	http://v8.1c.ru/8.3/MDClasses	Template	Template	0	8.3.27
DimensionTable	http://v8.1c.ru/8.3/MDClasses	UnfilledParentValue	Value	1	8.3.27
DimensionTable	http://v8.1c.ru/8.3/MDClasses	UseStandardCommands	EBoolean	1	8.3.27
DimensionTable	http://v8.1c.ru/8.3/MDClasses	Uuid	Uuid	0	8.3.27
DimensionTableCommand	http://v8.1c.ru/8.3/MDClasses	CommandParameterType	TypeDescription	1	8.3.27
DimensionTableCommand	http://v8.1c.ru/8.3/MDClasses	Comment	EString	1	8.3.27
DimensionTableCommand	http://v8.1c.ru/8.3/MDClasses	ExtendedConfigurationObject	Uuid	1	8.3.27
DimensionTableCommand	http://v8.1c.ru/8.3/MDClasses	Extension	ObjectExtension	0	8.3.27
DimensionTableCommand	http://v8.1c.ru/8.3/MDClasses	Group	CommandGroup	1	8.3.27
DimensionTableCommand	http://v8.1c.ru/8.3/MDClasses	ModifiesData	EBoolean	1	8.3.27
DimensionTableCommand	http://v8.1c.ru/8.3/MDClasses	Name	EString	1	8.3.27
DimensionTableCommand	http://v8.1c.ru/8.3/MDClasses	ObjectBelonging	ObjectBelonging	1	8.3.27
DimensionTableCommand	http://v8.1c.ru/8.3/MDClasses	OnMainServerUnavalableBehavior	OnMainServerUnavalableBehavior	1	8.3.27
DimensionTableCommand	http://v8.1c.ru/8.3/MDClasses	ParameterUseMode	CommandParameterUseMode	1	8.3.27
DimensionTableCommand	http://v8.1c.ru/8.3/MDClasses	Picture	Picture	1	8.3.27
DimensionTableCommand	http://v8.1c.ru/8.3/MDClasses	Representation	ButtonRepresentation	1	8.3.27
DimensionTableCommand	http://v8.1c.ru/8.3/MDClasses	Shortcut	Shortcut	1	8.3.27
DimensionTableCommand	http://v8.1c.ru/8.3/MDClasses	Synonym	LocalStringMapEntry	1	8.3.27
DimensionTableCommand	http://v8.1c.ru/8.3/MDClasses	ToolTip	LocalStringMapEntry	1	8.3.27
DimensionTableCommand	http://v8.1c.ru/8.3/MDClasses	Uuid	Uuid	0	8.3.27
DimensionTableForm	http://v8.1c.ru/8.3/MDClasses	Comment	EString	1	8.3.27
DimensionTableForm	http://v8.1c.ru/8.3/MDClasses	ExtendedConfigurationObject	Uuid	1	8.3.27
DimensionTableForm	http://v8.1c.ru/8.3/MDClasses	Extension	ObjectExtension	0	8.3.27
DimensionTableForm	http://v8.1c.ru/8.3/MDClasses	FormType	FormType	1	8.3.27
DimensionTableForm	http://v8.1c.ru/8.3/MDClasses	Help	Help	1	8.3.27
DimensionTableForm	http://v8.1c.ru/8.3/MDClasses	IncludeHelpInContents	EBoolean	1	8.3.27
DimensionTableForm	http://v8.1c.ru/8.3/MDClasses	Name	EString	1	8.3.27
DimensionTableForm	http://v8.1c.ru/8.3/MDClasses	ObjectBelonging	ObjectBelonging	1	8.3.27
DimensionTableForm	http://v8.1c.ru/8.3/MDClasses	Synonym	LocalStringMapEntry	1	8.3.27
DimensionTableForm	http://v8.1c.ru/8.3/MDClasses	UseInInterfaceCompatibilityMode	FormPreferableInterface	1	8.5.1
DimensionTableForm	http://v8.1c.ru/8.3/MDClasses	UsePurposes	ApplicationUsePurpose	1	8.3.27
DimensionTableForm	http://v8.1c.ru/8.3/MDClasses	Uuid	Uuid	0	8.3.27
Document	http://v8.1c.ru/8.3/MDClasses	Attribute	DocumentAttribute	0	8.3.27
Document	http://v8.1c.ru/8.3/MDClasses	Autonumbering	EBoolean	1	8.3.27
Document	http://v8.1c.ru/8.3/MDClasses	AuxiliaryChoiceForm	DocumentForm	1	8.3.27
Document	http://v8.1c.ru/8.3/MDClasses	AuxiliaryListForm	DocumentForm	1	8.3.27
Document	http://v8.1c.ru/8.3/MDClasses	AuxiliaryObjectForm	DocumentForm	1	8.3.27
Document	http://v8.1c.ru/8.3/MDClasses	BasedOn	MdObject	1	8.3.27
Document	http://v8.1c.ru/8.3/MDClasses	Characteristics	CharacteristicsDescription	1	8.3.27
Document	http://v8.1c.ru/8.3/MDClasses	CheckUnique	EBoolean	1	8.3.27
Document	http://v8.1c.ru/8.3/MDClasses	ChoiceDataGetModeOnInputByString	ChoiceDataGetModeOnInputByString	1	8.3.27
Document	http://v8.1c.ru/8.3/MDClasses	ChoiceHistoryOnInput	ChoiceHistoryOnInput	1	8.3.27
Document	http://v8.1c.ru/8.3/MDClasses	Command	DocumentCommand	0	8.3.27
Document	http://v8.1c.ru/8.3/MDClasses	Comment	EString	1	8.3.27
Document	http://v8.1c.ru/8.3/MDClasses	CreateOnInput	CreateOnInput	1	8.3.27
Document	http://v8.1c.ru/8.3/MDClasses	DataHistory	DataHistoryUse	1	8.3.27
Document	http://v8.1c.ru/8.3/MDClasses	DataLockControlMode	DefaultDataLockControlMode	1	8.3.27
Document	http://v8.1c.ru/8.3/MDClasses	DataLockFields	Field	1	8.3.27
Document	http://v8.1c.ru/8.3/MDClasses	DefaultChoiceForm	DocumentForm	1	8.3.27
Document	http://v8.1c.ru/8.3/MDClasses	DefaultListForm	DocumentForm	1	8.3.27
Document	http://v8.1c.ru/8.3/MDClasses	DefaultObjectForm	DocumentForm	1	8.3.27
Document	http://v8.1c.ru/8.3/MDClasses	ExecuteAfterWriteDataHistoryVersionProcessing	EBoolean	1	8.3.27
Document	http://v8.1c.ru/8.3/MDClasses	Explanation	LocalStringMapEntry	1	8.3.27
Document	http://v8.1c.ru/8.3/MDClasses	ExtendedConfigurationObject	Uuid	1	8.3.27
Document	http://v8.1c.ru/8.3/MDClasses	ExtendedListPresentation	LocalStringMapEntry	1	8.3.27
Document	http://v8.1c.ru/8.3/MDClasses	ExtendedObjectPresentation	LocalStringMapEntry	1	8.3.27
Document	http://v8.1c.ru/8.3/MDClasses	Extension	ObjectExtension	0	8.3.27
Document	http://v8.1c.ru/8.3/MDClasses	Form	DocumentForm	0	8.3.27
Document	http://v8.1c.ru/8.3/MDClasses	FullTextSearch	FullTextSearchUsing	1	8.3.27
Document	http://v8.1c.ru/8.3/MDClasses	FullTextSearchOnInputByString	FullTextSearchOnInputByString	1	8.3.27
Document	http://v8.1c.ru/8.3/MDClasses	Help	Help	1	8.3.27
Document	http://v8.1c.ru/8.3/MDClasses	IncludeHelpInContents	EBoolean	1	8.3.27
Document	http://v8.1c.ru/8.3/MDClasses	InputByString	Field	1	8.3.27
Document	http://v8.1c.ru/8.3/MDClasses	ListPresentation	LocalStringMapEntry	1	8.3.27
Document	http://v8.1c.ru/8.3/MDClasses	Name	EString	1	8.3.27
Document	http://v8.1c.ru/8.3/MDClasses	NumberAllowedLength	AllowedLength	1	8.3.27
Document	http://v8.1c.ru/8.3/MDClasses	NumberLength	EInt	1	8.3.27
Document	http://v8.1c.ru/8.3/MDClasses	NumberPeriodicity	DocumentNumberPeriodicity	1	8.3.27
Document	http://v8.1c.ru/8.3/MDClasses	NumberType	DocumentNumberType	1	8.3.27
Document	http://v8.1c.ru/8.3/MDClasses	Numerator	DocumentNumerator	1	8.3.27
Document	http://v8.1c.ru/8.3/MDClasses	ObjectBelonging	ObjectBelonging	1	8.3.27
Document	http://v8.1c.ru/8.3/MDClasses	ObjectPresentation	LocalStringMapEntry	1	8.3.27
Document	http://v8.1c.ru/8.3/MDClasses	PostInPrivilegedMode	EBoolean	1	8.3.27
Document	http://v8.1c.ru/8.3/MDClasses	Posting	Posting	1	8.3.27
Document	http://v8.1c.ru/8.3/MDClasses	ProducedTypes	DocumentTypes	0	8.3.27
Document	http://v8.1c.ru/8.3/MDClasses	RealTimePosting	RealTimePosting	1	8.3.27
Document	http://v8.1c.ru/8.3/MDClasses	RegisterRecords	BasicRegister	1	8.3.27
Document	http://v8.1c.ru/8.3/MDClasses	RegisterRecordsDeletion	RegisterRecordsDeletion	1	8.3.27
Document	http://v8.1c.ru/8.3/MDClasses	RegisterRecordsWritingOnPost	RegisterRecordsWritingOnPost	1	8.3.27
Document	http://v8.1c.ru/8.3/MDClasses	SearchStringModeOnInputByString	SearchStringModeOnInputByString	1	8.3.27
Document	http://v8.1c.ru/8.3/MDClasses	SequenceFilling	SequenceFilling	1	8.3.27
Document	http://v8.1c.ru/8.3/MDClasses	StandardAttributes	StandardAttribute	1	8.3.27
Document	http://v8.1c.ru/8.3/MDClasses	Synonym	LocalStringMapEntry	1	8.3.27
Document	http://v8.1c.ru/8.3/MDClasses	TabularSection	DocumentTabularSection	0	8.3.27
Document	http://v8.1c.ru/8.3/MDClasses	Template	Template	0	8.3.27
Document	http://v8.1c.ru/8.3/MDClasses	UnpostInPrivilegedMode	EBoolean	1	8.3.27
Document	http://v8.1c.ru/8.3/MDClasses	UpdateDataHistoryImmediatelyAfterWrite	EBoolean	1	8.3.27
Document	http://v8.1c.ru/8.3/MDClasses	UseStandardCommands	EBoolean	1	8.3.27
Document	http://v8.1c.ru/8.3/MDClasses	Uuid	Uuid	0	8.3.27
DocumentAttribute	http://v8.1c.ru/8.3/MDClasses	BinaryDataStorageLocationUse	BinaryDataStorageLocationUse	1	8.3.27
DocumentAttribute	http://v8.1c.ru/8.3/MDClasses	BinaryDataStorageLocationUseField	MdObject	1	8.3.27
DocumentAttribute	http://v8.1c.ru/8.3/MDClasses	ChoiceFoldersAndItems	FoldersAndItemsUse	1	8.3.27
DocumentAttribute	http://v8.1c.ru/8.3/MDClasses	ChoiceForm	BasicForm	1	8.3.27
DocumentAttribute	http://v8.1c.ru/8.3/MDClasses	ChoiceHistoryOnInput	ChoiceHistoryOnInput	1	8.3.27
DocumentAttribute	http://v8.1c.ru/8.3/MDClasses	ChoiceParameterLinks	ChoiceParameterLink	1	8.3.27
DocumentAttribute	http://v8.1c.ru/8.3/MDClasses	ChoiceParameters	ChoiceParameter	1	8.3.27
DocumentAttribute	http://v8.1c.ru/8.3/MDClasses	Comment	EString	1	8.3.27
DocumentAttribute	http://v8.1c.ru/8.3/MDClasses	CreateOnInput	CreateOnInput	1	8.3.27
DocumentAttribute	http://v8.1c.ru/8.3/MDClasses	DataHistory	DataHistoryUse	1	8.3.27
DocumentAttribute	http://v8.1c.ru/8.3/MDClasses	EditFormat	LocalStringMapEntry	1	8.3.27
DocumentAttribute	http://v8.1c.ru/8.3/MDClasses	ExtendedConfigurationObject	Uuid	1	8.3.27
DocumentAttribute	http://v8.1c.ru/8.3/MDClasses	ExtendedEdit	EBoolean	1	8.3.27
DocumentAttribute	http://v8.1c.ru/8.3/MDClasses	Extension	ObjectExtension	0	8.3.27
DocumentAttribute	http://v8.1c.ru/8.3/MDClasses	FillChecking	FillChecking	1	8.3.27
DocumentAttribute	http://v8.1c.ru/8.3/MDClasses	FillFromFillingValue	EBoolean	1	8.3.27
DocumentAttribute	http://v8.1c.ru/8.3/MDClasses	FillValue	Value	1	8.3.27
DocumentAttribute	http://v8.1c.ru/8.3/MDClasses	Format	LocalStringMapEntry	1	8.3.27
DocumentAttribute	http://v8.1c.ru/8.3/MDClasses	FullTextSearch	FullTextSearchUsing	1	8.3.27
DocumentAttribute	http://v8.1c.ru/8.3/MDClasses	Indexing	Indexing	1	8.3.27
DocumentAttribute	http://v8.1c.ru/8.3/MDClasses	LinkByType	TypeLink	1	8.3.27
DocumentAttribute	http://v8.1c.ru/8.3/MDClasses	MarkNegatives	EBoolean	1	8.3.27
DocumentAttribute	http://v8.1c.ru/8.3/MDClasses	Mask	EString	1	8.3.27
DocumentAttribute	http://v8.1c.ru/8.3/MDClasses	MaxValue	Value	1	8.3.27
DocumentAttribute	http://v8.1c.ru/8.3/MDClasses	MinValue	Value	1	8.3.27
DocumentAttribute	http://v8.1c.ru/8.3/MDClasses	MultiLine	EBoolean	1	8.3.27
DocumentAttribute	http://v8.1c.ru/8.3/MDClasses	Name	EString	1	8.3.27
DocumentAttribute	http://v8.1c.ru/8.3/MDClasses	ObjectBelonging	ObjectBelonging	1	8.3.27
DocumentAttribute	http://v8.1c.ru/8.3/MDClasses	PasswordMode	EBoolean	1	8.3.27
DocumentAttribute	http://v8.1c.ru/8.3/MDClasses	QuickChoice	UseQuickChoice	1	8.3.27
DocumentAttribute	http://v8.1c.ru/8.3/MDClasses	Synonym	LocalStringMapEntry	1	8.3.27
DocumentAttribute	http://v8.1c.ru/8.3/MDClasses	ToolTip	LocalStringMapEntry	1	8.3.27
DocumentAttribute	http://v8.1c.ru/8.3/MDClasses	Type	TypeDescription	1	8.3.27
DocumentAttribute	http://v8.1c.ru/8.3/MDClasses	Uuid	Uuid	0	8.3.27
DocumentCommand	http://v8.1c.ru/8.3/MDClasses	CommandParameterType	TypeDescription	1	8.3.27
DocumentCommand	http://v8.1c.ru/8.3/MDClasses	Comment	EString	1	8.3.27
DocumentCommand	http://v8.1c.ru/8.3/MDClasses	ExtendedConfigurationObject	Uuid	1	8.3.27
DocumentCommand	http://v8.1c.ru/8.3/MDClasses	Extension	ObjectExtension	0	8.3.27
DocumentCommand	http://v8.1c.ru/8.3/MDClasses	Group	CommandGroup	1	8.3.27
DocumentCommand	http://v8.1c.ru/8.3/MDClasses	ModifiesData	EBoolean	1	8.3.27
DocumentCommand	http://v8.1c.ru/8.3/MDClasses	Name	EString	1	8.3.27
DocumentCommand	http://v8.1c.ru/8.3/MDClasses	ObjectBelonging	ObjectBelonging	1	8.3.27
DocumentCommand	http://v8.1c.ru/8.3/MDClasses	OnMainServerUnavalableBehavior	OnMainServerUnavalableBehavior	1	8.3.27
DocumentCommand	http://v8.1c.ru/8.3/MDClasses	ParameterUseMode	CommandParameterUseMode	1	8.3.27
DocumentCommand	http://v8.1c.ru/8.3/MDClasses	Picture	Picture	1	8.3.27
DocumentCommand	http://v8.1c.ru/8.3/MDClasses	Representation	ButtonRepresentation	1	8.3.27
DocumentCommand	http://v8.1c.ru/8.3/MDClasses	Shortcut	Shortcut	1	8.3.27
DocumentCommand	http://v8.1c.ru/8.3/MDClasses	Synonym	LocalStringMapEntry	1	8.3.27
DocumentCommand	http://v8.1c.ru/8.3/MDClasses	ToolTip	LocalStringMapEntry	1	8.3.27
DocumentCommand	http://v8.1c.ru/8.3/MDClasses	Uuid	Uuid	0	8.3.27
DocumentForm	http://v8.1c.ru/8.3/MDClasses	Comment	EString	1	8.3.27
DocumentForm	http://v8.1c.ru/8.3/MDClasses	ExtendedConfigurationObject	Uuid	1	8.3.27
DocumentForm	http://v8.1c.ru/8.3/MDClasses	Extension	ObjectExtension	0	8.3.27
DocumentForm	http://v8.1c.ru/8.3/MDClasses	FormType	FormType	1	8.3.27
DocumentForm	http://v8.1c.ru/8.3/MDClasses	Help	Help	1	8.3.27
DocumentForm	http://v8.1c.ru/8.3/MDClasses	IncludeHelpInContents	EBoolean	1	8.3.27
DocumentForm	http://v8.1c.ru/8.3/MDClasses	Name	EString	1	8.3.27
DocumentForm	http://v8.1c.ru/8.3/MDClasses	ObjectBelonging	ObjectBelonging	1	8.3.27
DocumentForm	http://v8.1c.ru/8.3/MDClasses	Synonym	LocalStringMapEntry	1	8.3.27
DocumentForm	http://v8.1c.ru/8.3/MDClasses	UseInInterfaceCompatibilityMode	FormPreferableInterface	1	8.5.1
DocumentForm	http://v8.1c.ru/8.3/MDClasses	UsePurposes	ApplicationUsePurpose	1	8.3.27
DocumentForm	http://v8.1c.ru/8.3/MDClasses	Uuid	Uuid	0	8.3.27
DocumentJournal	http://v8.1c.ru/8.3/MDClasses	AuxiliaryForm	DocumentJournalForm	1	8.3.27
DocumentJournal	http://v8.1c.ru/8.3/MDClasses	Column	Column	0	8.3.27
DocumentJournal	http://v8.1c.ru/8.3/MDClasses	Command	DocumentJournalCommand	0	8.3.27
DocumentJournal	http://v8.1c.ru/8.3/MDClasses	Comment	EString	1	8.3.27
DocumentJournal	http://v8.1c.ru/8.3/MDClasses	DefaultForm	DocumentJournalForm	1	8.3.27
DocumentJournal	http://v8.1c.ru/8.3/MDClasses	Explanation	LocalStringMapEntry	1	8.3.27
DocumentJournal	http://v8.1c.ru/8.3/MDClasses	ExtendedConfigurationObject	Uuid	1	8.3.27
DocumentJournal	http://v8.1c.ru/8.3/MDClasses	ExtendedListPresentation	LocalStringMapEntry	1	8.3.27
DocumentJournal	http://v8.1c.ru/8.3/MDClasses	Extension	ObjectExtension	0	8.3.27
DocumentJournal	http://v8.1c.ru/8.3/MDClasses	Form	DocumentJournalForm	0	8.3.27
DocumentJournal	http://v8.1c.ru/8.3/MDClasses	Help	Help	1	8.3.27
DocumentJournal	http://v8.1c.ru/8.3/MDClasses	IncludeHelpInContents	EBoolean	1	8.3.27
DocumentJournal	http://v8.1c.ru/8.3/MDClasses	ListPresentation	LocalStringMapEntry	1	8.3.27
DocumentJournal	http://v8.1c.ru/8.3/MDClasses	Name	EString	1	8.3.27
DocumentJournal	http://v8.1c.ru/8.3/MDClasses	ObjectBelonging	ObjectBelonging	1	8.3.27
DocumentJournal	http://v8.1c.ru/8.3/MDClasses	ProducedTypes	DocumentJournalTypes	0	8.3.27
DocumentJournal	http://v8.1c.ru/8.3/MDClasses	RegisteredDocuments	Document	1	8.3.27
DocumentJournal	http://v8.1c.ru/8.3/MDClasses	StandardAttributes	StandardAttribute	1	8.3.27
DocumentJournal	http://v8.1c.ru/8.3/MDClasses	Synonym	LocalStringMapEntry	1	8.3.27
DocumentJournal	http://v8.1c.ru/8.3/MDClasses	Template	Template	0	8.3.27
DocumentJournal	http://v8.1c.ru/8.3/MDClasses	UseStandardCommands	EBoolean	1	8.3.27
DocumentJournal	http://v8.1c.ru/8.3/MDClasses	Uuid	Uuid	0	8.3.27
DocumentJournalCommand	http://v8.1c.ru/8.3/MDClasses	CommandParameterType	TypeDescription	1	8.3.27
DocumentJournalCommand	http://v8.1c.ru/8.3/MDClasses	Comment	EString	1	8.3.27
DocumentJournalCommand	http://v8.1c.ru/8.3/MDClasses	ExtendedConfigurationObject	Uuid	1	8.3.27
DocumentJournalCommand	http://v8.1c.ru/8.3/MDClasses	Extension	ObjectExtension	0	8.3.27
DocumentJournalCommand	http://v8.1c.ru/8.3/MDClasses	Group	CommandGroup	1	8.3.27
DocumentJournalCommand	http://v8.1c.ru/8.3/MDClasses	ModifiesData	EBoolean	1	8.3.27
DocumentJournalCommand	http://v8.1c.ru/8.3/MDClasses	Name	EString	1	8.3.27
DocumentJournalCommand	http://v8.1c.ru/8.3/MDClasses	ObjectBelonging	ObjectBelonging	1	8.3.27
DocumentJournalCommand	http://v8.1c.ru/8.3/MDClasses	OnMainServerUnavalableBehavior	OnMainServerUnavalableBehavior	1	8.3.27
DocumentJournalCommand	http://v8.1c.ru/8.3/MDClasses	ParameterUseMode	CommandParameterUseMode	1	8.3.27
DocumentJournalCommand	http://v8.1c.ru/8.3/MDClasses	Picture	Picture	1	8.3.27
DocumentJournalCommand	http://v8.1c.ru/8.3/MDClasses	Representation	ButtonRepresentation	1	8.3.27
DocumentJournalCommand	http://v8.1c.ru/8.3/MDClasses	Shortcut	Shortcut	1	8.3.27
DocumentJournalCommand	http://v8.1c.ru/8.3/MDClasses	Synonym	LocalStringMapEntry	1	8.3.27
DocumentJournalCommand	http://v8.1c.ru/8.3/MDClasses	ToolTip	LocalStringMapEntry	1	8.3.27
DocumentJournalCommand	http://v8.1c.ru/8.3/MDClasses	Uuid	Uuid	0	8.3.27
DocumentJournalForm	http://v8.1c.ru/8.3/MDClasses	Comment	EString	1	8.3.27
DocumentJournalForm	http://v8.1c.ru/8.3/MDClasses	ExtendedConfigurationObject	Uuid	1	8.3.27
DocumentJournalForm	http://v8.1c.ru/8.3/MDClasses	Extension	ObjectExtension	0	8.3.27
DocumentJournalForm	http://v8.1c.ru/8.3/MDClasses	FormType	FormType	1	8.3.27
DocumentJournalForm	http://v8.1c.ru/8.3/MDClasses	Help	Help	1	8.3.27
DocumentJournalForm	http://v8.1c.ru/8.3/MDClasses	IncludeHelpInContents	EBoolean	1	8.3.27
DocumentJournalForm	http://v8.1c.ru/8.3/MDClasses	Name	EString	1	8.3.27
DocumentJournalForm	http://v8.1c.ru/8.3/MDClasses	ObjectBelonging	ObjectBelonging	1	8.3.27
DocumentJournalForm	http://v8.1c.ru/8.3/MDClasses	Synonym	LocalStringMapEntry	1	8.3.27
DocumentJournalForm	http://v8.1c.ru/8.3/MDClasses	UseInInterfaceCompatibilityMode	FormPreferableInterface	1	8.5.1
DocumentJournalForm	http://v8.1c.ru/8.3/MDClasses	UsePurposes	ApplicationUsePurpose	1	8.3.27
DocumentJournalForm	http://v8.1c.ru/8.3/MDClasses	Uuid	Uuid	0	8.3.27
DocumentNumerator	http://v8.1c.ru/8.3/MDClasses	CheckUnique	EBoolean	1	8.3.27
DocumentNumerator	http://v8.1c.ru/8.3/MDClasses	Comment	EString	1	8.3.27
DocumentNumerator	http://v8.1c.ru/8.3/MDClasses	ExtendedConfigurationObject	Uuid	1	8.3.27
DocumentNumerator	http://v8.1c.ru/8.3/MDClasses	Extension	ObjectExtension	0	8.3.27
DocumentNumerator	http://v8.1c.ru/8.3/MDClasses	Name	EString	1	8.3.27
DocumentNumerator	http://v8.1c.ru/8.3/MDClasses	NumberAllowedLength	AllowedLength	1	8.3.27
DocumentNumerator	http://v8.1c.ru/8.3/MDClasses	NumberLength	EInt	1	8.3.27
DocumentNumerator	http://v8.1c.ru/8.3/MDClasses	NumberPeriodicity	DocumentNumberPeriodicity	1	8.3.27
DocumentNumerator	http://v8.1c.ru/8.3/MDClasses	NumberType	DocumentNumberType	1	8.3.27
DocumentNumerator	http://v8.1c.ru/8.3/MDClasses	ObjectBelonging	ObjectBelonging	1	8.3.27
DocumentNumerator	http://v8.1c.ru/8.3/MDClasses	Synonym	LocalStringMapEntry	1	8.3.27
DocumentNumerator	http://v8.1c.ru/8.3/MDClasses	Uuid	Uuid	0	8.3.27
DocumentTabularSection	http://v8.1c.ru/8.3/MDClasses	Attribute	TabularSectionAttribute	0	8.3.27
DocumentTabularSection	http://v8.1c.ru/8.3/MDClasses	Comment	EString	1	8.3.27
DocumentTabularSection	http://v8.1c.ru/8.3/MDClasses	ExtendedConfigurationObject	Uuid	1	8.3.27
DocumentTabularSection	http://v8.1c.ru/8.3/MDClasses	Extension	ObjectExtension	0	8.3.27
DocumentTabularSection	http://v8.1c.ru/8.3/MDClasses	FillChecking	FillChecking	1	8.3.27
DocumentTabularSection	http://v8.1c.ru/8.3/MDClasses	LineNumberLength	EInt	1	8.3.27
DocumentTabularSection	http://v8.1c.ru/8.3/MDClasses	Name	EString	1	8.3.27
DocumentTabularSection	http://v8.1c.ru/8.3/MDClasses	ObjectBelonging	ObjectBelonging	1	8.3.27
DocumentTabularSection	http://v8.1c.ru/8.3/MDClasses	ProducedTypes	TabularSectionTypes	0	8.3.27
DocumentTabularSection	http://v8.1c.ru/8.3/MDClasses	StandardAttributes	StandardAttribute	1	8.3.27
DocumentTabularSection	http://v8.1c.ru/8.3/MDClasses	Synonym	LocalStringMapEntry	1	8.3.27
DocumentTabularSection	http://v8.1c.ru/8.3/MDClasses	ToolTip	LocalStringMapEntry	1	8.3.27
DocumentTabularSection	http://v8.1c.ru/8.3/MDClasses	Uuid	Uuid	0	8.3.27
EmptyContextDef		Environments	Environments	0	8.3.27
EmptyContextDef		Methods	Method	0	8.3.27
EmptyContextDef		Properties	Property	0	8.3.27
EmptyContextDef		RefContextDefs	ContextDef	0	8.3.27
Enum	http://v8.1c.ru/8.3/MDClasses	AuxiliaryChoiceForm	EnumForm	1	8.3.27
Enum	http://v8.1c.ru/8.3/MDClasses	AuxiliaryListForm	EnumForm	1	8.3.27
Enum	http://v8.1c.ru/8.3/MDClasses	Characteristics	CharacteristicsDescription	1	8.3.27
Enum	http://v8.1c.ru/8.3/MDClasses	ChoiceHistoryOnInput	ChoiceHistoryOnInput	1	8.3.27
Enum	http://v8.1c.ru/8.3/MDClasses	ChoiceMode	ChoiceMode	1	8.3.27
Enum	http://v8.1c.ru/8.3/MDClasses	Command	EnumCommand	0	8.3.27
Enum	http://v8.1c.ru/8.3/MDClasses	Comment	EString	1	8.3.27
Enum	http://v8.1c.ru/8.3/MDClasses	DefaultChoiceForm	EnumForm	1	8.3.27
Enum	http://v8.1c.ru/8.3/MDClasses	DefaultListForm	EnumForm	1	8.3.27
Enum	http://v8.1c.ru/8.3/MDClasses	EnumValue	EnumValue	0	8.3.27
Enum	http://v8.1c.ru/8.3/MDClasses	Explanation	LocalStringMapEntry	1	8.3.27
Enum	http://v8.1c.ru/8.3/MDClasses	ExtendedConfigurationObject	Uuid	1	8.3.27
Enum	http://v8.1c.ru/8.3/MDClasses	ExtendedListPresentation	LocalStringMapEntry	1	8.3.27
Enum	http://v8.1c.ru/8.3/MDClasses	Extension	ObjectExtension	0	8.3.27
Enum	http://v8.1c.ru/8.3/MDClasses	Form	EnumForm	0	8.3.27
Enum	http://v8.1c.ru/8.3/MDClasses	ListPresentation	LocalStringMapEntry	1	8.3.27
Enum	http://v8.1c.ru/8.3/MDClasses	Name	EString	1	8.3.27
Enum	http://v8.1c.ru/8.3/MDClasses	ObjectBelonging	ObjectBelonging	1	8.3.27
Enum	http://v8.1c.ru/8.3/MDClasses	ProducedTypes	EnumTypes	0	8.3.27
Enum	http://v8.1c.ru/8.3/MDClasses	QuickChoice	EBoolean	1	8.3.27
Enum	http://v8.1c.ru/8.3/MDClasses	StandardAttributes	StandardAttribute	1	8.3.27
Enum	http://v8.1c.ru/8.3/MDClasses	Synonym	LocalStringMapEntry	1	8.3.27
Enum	http://v8.1c.ru/8.3/MDClasses	Template	Template	0	8.3.27
Enum	http://v8.1c.ru/8.3/MDClasses	UseStandardCommands	EBoolean	1	8.3.27
Enum	http://v8.1c.ru/8.3/MDClasses	Uuid	Uuid	0	8.3.27
EnumCommand	http://v8.1c.ru/8.3/MDClasses	CommandParameterType	TypeDescription	1	8.3.27
EnumCommand	http://v8.1c.ru/8.3/MDClasses	Comment	EString	1	8.3.27
EnumCommand	http://v8.1c.ru/8.3/MDClasses	ExtendedConfigurationObject	Uuid	1	8.3.27
EnumCommand	http://v8.1c.ru/8.3/MDClasses	Extension	ObjectExtension	0	8.3.27
EnumCommand	http://v8.1c.ru/8.3/MDClasses	Group	CommandGroup	1	8.3.27
EnumCommand	http://v8.1c.ru/8.3/MDClasses	ModifiesData	EBoolean	1	8.3.27
EnumCommand	http://v8.1c.ru/8.3/MDClasses	Name	EString	1	8.3.27
EnumCommand	http://v8.1c.ru/8.3/MDClasses	ObjectBelonging	ObjectBelonging	1	8.3.27
EnumCommand	http://v8.1c.ru/8.3/MDClasses	OnMainServerUnavalableBehavior	OnMainServerUnavalableBehavior	1	8.3.27
EnumCommand	http://v8.1c.ru/8.3/MDClasses	ParameterUseMode	CommandParameterUseMode	1	8.3.27
EnumCommand	http://v8.1c.ru/8.3/MDClasses	Picture	Picture	1	8.3.27
EnumCommand	http://v8.1c.ru/8.3/MDClasses	Representation	ButtonRepresentation	1	8.3.27
EnumCommand	http://v8.1c.ru/8.3/MDClasses	Shortcut	Shortcut	1	8.3.27
EnumCommand	http://v8.1c.ru/8.3/MDClasses	Synonym	LocalStringMapEntry	1	8.3.27
EnumCommand	http://v8.1c.ru/8.3/MDClasses	ToolTip	LocalStringMapEntry	1	8.3.27
EnumCommand	http://v8.1c.ru/8.3/MDClasses	Uuid	Uuid	0	8.3.27
EnumForm	http://v8.1c.ru/8.3/MDClasses	Comment	EString	1	8.3.27
EnumForm	http://v8.1c.ru/8.3/MDClasses	ExtendedConfigurationObject	Uuid	1	8.3.27
EnumForm	http://v8.1c.ru/8.3/MDClasses	Extension	ObjectExtension	0	8.3.27
EnumForm	http://v8.1c.ru/8.3/MDClasses	FormType	FormType	1	8.3.27
EnumForm	http://v8.1c.ru/8.3/MDClasses	Help	Help	1	8.3.27
EnumForm	http://v8.1c.ru/8.3/MDClasses	IncludeHelpInContents	EBoolean	1	8.3.27
EnumForm	http://v8.1c.ru/8.3/MDClasses	Name	EString	1	8.3.27
EnumForm	http://v8.1c.ru/8.3/MDClasses	ObjectBelonging	ObjectBelonging	1	8.3.27
EnumForm	http://v8.1c.ru/8.3/MDClasses	Synonym	LocalStringMapEntry	1	8.3.27
EnumForm	http://v8.1c.ru/8.3/MDClasses	UseInInterfaceCompatibilityMode	FormPreferableInterface	1	8.5.1
EnumForm	http://v8.1c.ru/8.3/MDClasses	UsePurposes	ApplicationUsePurpose	1	8.3.27
EnumForm	http://v8.1c.ru/8.3/MDClasses	Uuid	Uuid	0	8.3.27
EnumValue		Value	Enumerator	0	8.3.27
EnumValue	http://v8.1c.ru/8.3/MDClasses	Color	Color	1	8.5.1
EnumValue	http://v8.1c.ru/8.3/MDClasses	Comment	EString	1	8.3.27
EnumValue	http://v8.1c.ru/8.3/MDClasses	ExtendedConfigurationObject	Uuid	1	8.3.27
EnumValue	http://v8.1c.ru/8.3/MDClasses	Extension	ObjectExtension	0	8.3.27
EnumValue	http://v8.1c.ru/8.3/MDClasses	Name	EString	1	8.3.27
EnumValue	http://v8.1c.ru/8.3/MDClasses	ObjectBelonging	ObjectBelonging	1	8.3.27
EnumValue	http://v8.1c.ru/8.3/MDClasses	Synonym	LocalStringMapEntry	1	8.3.27
EnumValue	http://v8.1c.ru/8.3/MDClasses	Uuid	Uuid	0	8.3.27
Event		Code	EInt	0	8.3.27
Event		CompatibilityMode	EString	0	8.3.27
Event		DeprecatedSince	EString	0	8.3.27
Event		Environments	Environments	0	8.3.27
Event		InterfaceType	InterfaceType	0	8.3.27
Event		Name	EString	0	8.3.27
Event		NameRu	EString	0	8.3.27
Event		Order	EInt	0	8.3.27
Event		ParamSet	ParamSet	0	8.3.27
Event		ReplacedBy	EString	0	8.3.27
Event		RetVal	EBoolean	0	8.3.27
Event		RetValType	TypeItem	0	8.3.27
Event		ServerCallWithContextNotAllowed	EBoolean	0	8.3.27
Event		Uuid	Uuid	0	8.3.27
EventSubscription	http://v8.1c.ru/8.3/MDClasses	Comment	EString	1	8.3.27
EventSubscription	http://v8.1c.ru/8.3/MDClasses	Event	EString	1	8.3.27
EventSubscription	http://v8.1c.ru/8.3/MDClasses	ExtendedConfigurationObject	Uuid	1	8.3.27
EventSubscription	http://v8.1c.ru/8.3/MDClasses	Extension	ObjectExtension	0	8.3.27
EventSubscription	http://v8.1c.ru/8.3/MDClasses	Handler	EString	1	8.3.27
EventSubscription	http://v8.1c.ru/8.3/MDClasses	Name	EString	1	8.3.27
EventSubscription	http://v8.1c.ru/8.3/MDClasses	ObjectBelonging	ObjectBelonging	1	8.3.27
EventSubscription	http://v8.1c.ru/8.3/MDClasses	Source	TypeDescription	1	8.3.27
EventSubscription	http://v8.1c.ru/8.3/MDClasses	Synonym	LocalStringMapEntry	1	8.3.27
EventSubscription	http://v8.1c.ru/8.3/MDClasses	Uuid	Uuid	0	8.3.27
ExchangePlan	http://v8.1c.ru/8.3/MDClasses	Attribute	ExchangePlanAttribute	0	8.3.27
ExchangePlan	http://v8.1c.ru/8.3/MDClasses	AuxiliaryChoiceForm	ExchangePlanForm	1	8.3.27
ExchangePlan	http://v8.1c.ru/8.3/MDClasses	AuxiliaryListForm	ExchangePlanForm	1	8.3.27
ExchangePlan	http://v8.1c.ru/8.3/MDClasses	AuxiliaryObjectForm	ExchangePlanForm	1	8.3.27
ExchangePlan	http://v8.1c.ru/8.3/MDClasses	BasedOn	MdObject	1	8.3.27
ExchangePlan	http://v8.1c.ru/8.3/MDClasses	Characteristics	CharacteristicsDescription	1	8.3.27
ExchangePlan	http://v8.1c.ru/8.3/MDClasses	ChoiceDataGetModeOnInputByString	ChoiceDataGetModeOnInputByString	1	8.3.27
ExchangePlan	http://v8.1c.ru/8.3/MDClasses	ChoiceHistoryOnInput	ChoiceHistoryOnInput	1	8.3.27
ExchangePlan	http://v8.1c.ru/8.3/MDClasses	ChoiceMode	ChoiceMode	1	8.3.27
ExchangePlan	http://v8.1c.ru/8.3/MDClasses	CodeAllowedLength	AllowedLength	1	8.3.27
ExchangePlan	http://v8.1c.ru/8.3/MDClasses	CodeLength	EInt	1	8.3.27
ExchangePlan	http://v8.1c.ru/8.3/MDClasses	Command	ExchangePlanCommand	0	8.3.27
ExchangePlan	http://v8.1c.ru/8.3/MDClasses	Comment	EString	1	8.3.27
ExchangePlan	http://v8.1c.ru/8.3/MDClasses	Content	ExchangePlanContentItem	1	8.3.27
ExchangePlan	http://v8.1c.ru/8.3/MDClasses	CreateOnInput	CreateOnInput	1	8.3.27
ExchangePlan	http://v8.1c.ru/8.3/MDClasses	DataHistory	DataHistoryUse	1	8.3.27
ExchangePlan	http://v8.1c.ru/8.3/MDClasses	DataLockControlMode	DefaultDataLockControlMode	1	8.3.27
ExchangePlan	http://v8.1c.ru/8.3/MDClasses	DataLockFields	Field	1	8.3.27
ExchangePlan	http://v8.1c.ru/8.3/MDClasses	DefaultChoiceForm	ExchangePlanForm	1	8.3.27
ExchangePlan	http://v8.1c.ru/8.3/MDClasses	DefaultListForm	ExchangePlanForm	1	8.3.27
ExchangePlan	http://v8.1c.ru/8.3/MDClasses	DefaultObjectForm	ExchangePlanForm	1	8.3.27
ExchangePlan	http://v8.1c.ru/8.3/MDClasses	DefaultPresentation	DataExchangeMainPresentation	1	8.3.27
ExchangePlan	http://v8.1c.ru/8.3/MDClasses	DescriptionLength	EInt	1	8.3.27
ExchangePlan	http://v8.1c.ru/8.3/MDClasses	DistributedInfoBase	EBoolean	1	8.3.27
ExchangePlan	http://v8.1c.ru/8.3/MDClasses	EditType	EditType	1	8.3.27
ExchangePlan	http://v8.1c.ru/8.3/MDClasses	ExecuteAfterWriteDataHistoryVersionProcessing	EBoolean	1	8.3.27
ExchangePlan	http://v8.1c.ru/8.3/MDClasses	Explanation	LocalStringMapEntry	1	8.3.27
ExchangePlan	http://v8.1c.ru/8.3/MDClasses	ExtendedConfigurationObject	Uuid	1	8.3.27
ExchangePlan	http://v8.1c.ru/8.3/MDClasses	ExtendedListPresentation	LocalStringMapEntry	1	8.3.27
ExchangePlan	http://v8.1c.ru/8.3/MDClasses	ExtendedObjectPresentation	LocalStringMapEntry	1	8.3.27
ExchangePlan	http://v8.1c.ru/8.3/MDClasses	Extension	ObjectExtension	0	8.3.27
ExchangePlan	http://v8.1c.ru/8.3/MDClasses	Form	ExchangePlanForm	0	8.3.27
ExchangePlan	http://v8.1c.ru/8.3/MDClasses	FullTextSearch	FullTextSearchUsing	1	8.3.27
ExchangePlan	http://v8.1c.ru/8.3/MDClasses	FullTextSearchOnInputByString	FullTextSearchOnInputByString	1	8.3.27
ExchangePlan	http://v8.1c.ru/8.3/MDClasses	Help	Help	1	8.3.27
ExchangePlan	http://v8.1c.ru/8.3/MDClasses	IncludeConfigurationExtensions	EBoolean	1	8.3.27
ExchangePlan	http://v8.1c.ru/8.3/MDClasses	IncludeHelpInContents	EBoolean	1	8.3.27
ExchangePlan	http://v8.1c.ru/8.3/MDClasses	InputByString	Field	1	8.3.27
ExchangePlan	http://v8.1c.ru/8.3/MDClasses	ListPresentation	LocalStringMapEntry	1	8.3.27
ExchangePlan	http://v8.1c.ru/8.3/MDClasses	Name	EString	1	8.3.27
ExchangePlan	http://v8.1c.ru/8.3/MDClasses	ObjectBelonging	ObjectBelonging	1	8.3.27
ExchangePlan	http://v8.1c.ru/8.3/MDClasses	ObjectPresentation	LocalStringMapEntry	1	8.3.27
ExchangePlan	http://v8.1c.ru/8.3/MDClasses	ProducedTypes	ExchangePlanTypes	0	8.3.27
ExchangePlan	http://v8.1c.ru/8.3/MDClasses	QuickChoice	EBoolean	1	8.3.27
ExchangePlan	http://v8.1c.ru/8.3/MDClasses	SearchStringModeOnInputByString	SearchStringModeOnInputByString	1	8.3.27
ExchangePlan	http://v8.1c.ru/8.3/MDClasses	StandardAttributes	StandardAttribute	1	8.3.27
ExchangePlan	http://v8.1c.ru/8.3/MDClasses	Synonym	LocalStringMapEntry	1	8.3.27
ExchangePlan	http://v8.1c.ru/8.3/MDClasses	TabularSection	ExchangePlanTabularSection	0	8.3.27
ExchangePlan	http://v8.1c.ru/8.3/MDClasses	Template	Template	0	8.3.27
ExchangePlan	http://v8.1c.ru/8.3/MDClasses	ThisNode	Uuid	0	8.3.27
ExchangePlan	http://v8.1c.ru/8.3/MDClasses	UpdateDataHistoryImmediatelyAfterWrite	EBoolean	1	8.3.27
ExchangePlan	http://v8.1c.ru/8.3/MDClasses	UseStandardCommands	EBoolean	1	8.3.27
ExchangePlan	http://v8.1c.ru/8.3/MDClasses	Uuid	Uuid	0	8.3.27
ExchangePlanAttribute	http://v8.1c.ru/8.3/MDClasses	BinaryDataStorageLocationUse	BinaryDataStorageLocationUse	1	8.3.27
ExchangePlanAttribute	http://v8.1c.ru/8.3/MDClasses	BinaryDataStorageLocationUseField	MdObject	1	8.3.27
ExchangePlanAttribute	http://v8.1c.ru/8.3/MDClasses	ChoiceFoldersAndItems	FoldersAndItemsUse	1	8.3.27
ExchangePlanAttribute	http://v8.1c.ru/8.3/MDClasses	ChoiceForm	BasicForm	1	8.3.27
ExchangePlanAttribute	http://v8.1c.ru/8.3/MDClasses	ChoiceHistoryOnInput	ChoiceHistoryOnInput	1	8.3.27
ExchangePlanAttribute	http://v8.1c.ru/8.3/MDClasses	ChoiceParameterLinks	ChoiceParameterLink	1	8.3.27
ExchangePlanAttribute	http://v8.1c.ru/8.3/MDClasses	ChoiceParameters	ChoiceParameter	1	8.3.27
ExchangePlanAttribute	http://v8.1c.ru/8.3/MDClasses	Comment	EString	1	8.3.27
ExchangePlanAttribute	http://v8.1c.ru/8.3/MDClasses	CreateOnInput	CreateOnInput	1	8.3.27
ExchangePlanAttribute	http://v8.1c.ru/8.3/MDClasses	DataHistory	DataHistoryUse	1	8.3.27
ExchangePlanAttribute	http://v8.1c.ru/8.3/MDClasses	EditFormat	LocalStringMapEntry	1	8.3.27
ExchangePlanAttribute	http://v8.1c.ru/8.3/MDClasses	ExtendedConfigurationObject	Uuid	1	8.3.27
ExchangePlanAttribute	http://v8.1c.ru/8.3/MDClasses	ExtendedEdit	EBoolean	1	8.3.27
ExchangePlanAttribute	http://v8.1c.ru/8.3/MDClasses	Extension	ObjectExtension	0	8.3.27
ExchangePlanAttribute	http://v8.1c.ru/8.3/MDClasses	FillChecking	FillChecking	1	8.3.27
ExchangePlanAttribute	http://v8.1c.ru/8.3/MDClasses	FillFromFillingValue	EBoolean	1	8.3.27
ExchangePlanAttribute	http://v8.1c.ru/8.3/MDClasses	FillValue	Value	1	8.3.27
ExchangePlanAttribute	http://v8.1c.ru/8.3/MDClasses	Format	LocalStringMapEntry	1	8.3.27
ExchangePlanAttribute	http://v8.1c.ru/8.3/MDClasses	FullTextSearch	FullTextSearchUsing	1	8.3.27
ExchangePlanAttribute	http://v8.1c.ru/8.3/MDClasses	Indexing	Indexing	1	8.3.27
ExchangePlanAttribute	http://v8.1c.ru/8.3/MDClasses	LinkByType	TypeLink	1	8.3.27
ExchangePlanAttribute	http://v8.1c.ru/8.3/MDClasses	MarkNegatives	EBoolean	1	8.3.27
ExchangePlanAttribute	http://v8.1c.ru/8.3/MDClasses	Mask	EString	1	8.3.27
ExchangePlanAttribute	http://v8.1c.ru/8.3/MDClasses	MaxValue	Value	1	8.3.27
ExchangePlanAttribute	http://v8.1c.ru/8.3/MDClasses	MinValue	Value	1	8.3.27
ExchangePlanAttribute	http://v8.1c.ru/8.3/MDClasses	MultiLine	EBoolean	1	8.3.27
ExchangePlanAttribute	http://v8.1c.ru/8.3/MDClasses	Name	EString	1	8.3.27
ExchangePlanAttribute	http://v8.1c.ru/8.3/MDClasses	ObjectBelonging	ObjectBelonging	1	8.3.27
ExchangePlanAttribute	http://v8.1c.ru/8.3/MDClasses	PasswordMode	EBoolean	1	8.3.27
ExchangePlanAttribute	http://v8.1c.ru/8.3/MDClasses	QuickChoice	UseQuickChoice	1	8.3.27
ExchangePlanAttribute	http://v8.1c.ru/8.3/MDClasses	Synonym	LocalStringMapEntry	1	8.3.27
ExchangePlanAttribute	http://v8.1c.ru/8.3/MDClasses	ToolTip	LocalStringMapEntry	1	8.3.27
ExchangePlanAttribute	http://v8.1c.ru/8.3/MDClasses	Type	TypeDescription	1	8.3.27
ExchangePlanAttribute	http://v8.1c.ru/8.3/MDClasses	Uuid	Uuid	0	8.3.27
ExchangePlanCommand	http://v8.1c.ru/8.3/MDClasses	CommandParameterType	TypeDescription	1	8.3.27
ExchangePlanCommand	http://v8.1c.ru/8.3/MDClasses	Comment	EString	1	8.3.27
ExchangePlanCommand	http://v8.1c.ru/8.3/MDClasses	ExtendedConfigurationObject	Uuid	1	8.3.27
ExchangePlanCommand	http://v8.1c.ru/8.3/MDClasses	Extension	ObjectExtension	0	8.3.27
ExchangePlanCommand	http://v8.1c.ru/8.3/MDClasses	Group	CommandGroup	1	8.3.27
ExchangePlanCommand	http://v8.1c.ru/8.3/MDClasses	ModifiesData	EBoolean	1	8.3.27
ExchangePlanCommand	http://v8.1c.ru/8.3/MDClasses	Name	EString	1	8.3.27
ExchangePlanCommand	http://v8.1c.ru/8.3/MDClasses	ObjectBelonging	ObjectBelonging	1	8.3.27
ExchangePlanCommand	http://v8.1c.ru/8.3/MDClasses	OnMainServerUnavalableBehavior	OnMainServerUnavalableBehavior	1	8.3.27
ExchangePlanCommand	http://v8.1c.ru/8.3/MDClasses	ParameterUseMode	CommandParameterUseMode	1	8.3.27
ExchangePlanCommand	http://v8.1c.ru/8.3/MDClasses	Picture	Picture	1	8.3.27
ExchangePlanCommand	http://v8.1c.ru/8.3/MDClasses	Representation	ButtonRepresentation	1	8.3.27
ExchangePlanCommand	http://v8.1c.ru/8.3/MDClasses	Shortcut	Shortcut	1	8.3.27
ExchangePlanCommand	http://v8.1c.ru/8.3/MDClasses	Synonym	LocalStringMapEntry	1	8.3.27
ExchangePlanCommand	http://v8.1c.ru/8.3/MDClasses	ToolTip	LocalStringMapEntry	1	8.3.27
ExchangePlanCommand	http://v8.1c.ru/8.3/MDClasses	Uuid	Uuid	0	8.3.27
ExchangePlanContentItem	http://v8.1c.ru/8.3/MDClasses	Extension	ObjectExtension	0	8.3.27
ExchangePlanContentItem	http://v8.1c.ru/8.3/xcf/extrnprops	AutoRecord	AutoRegistrationChanges	0	8.3.27
ExchangePlanContentItem	http://v8.1c.ru/8.3/xcf/extrnprops	Metadata	MdObject	0	8.3.27
ExchangePlanForm	http://v8.1c.ru/8.3/MDClasses	Comment	EString	1	8.3.27
ExchangePlanForm	http://v8.1c.ru/8.3/MDClasses	ExtendedConfigurationObject	Uuid	1	8.3.27
ExchangePlanForm	http://v8.1c.ru/8.3/MDClasses	Extension	ObjectExtension	0	8.3.27
ExchangePlanForm	http://v8.1c.ru/8.3/MDClasses	FormType	FormType	1	8.3.27
ExchangePlanForm	http://v8.1c.ru/8.3/MDClasses	Help	Help	1	8.3.27
ExchangePlanForm	http://v8.1c.ru/8.3/MDClasses	IncludeHelpInContents	EBoolean	1	8.3.27
ExchangePlanForm	http://v8.1c.ru/8.3/MDClasses	Name	EString	1	8.3.27
ExchangePlanForm	http://v8.1c.ru/8.3/MDClasses	ObjectBelonging	ObjectBelonging	1	8.3.27
ExchangePlanForm	http://v8.1c.ru/8.3/MDClasses	Synonym	LocalStringMapEntry	1	8.3.27
ExchangePlanForm	http://v8.1c.ru/8.3/MDClasses	UseInInterfaceCompatibilityMode	FormPreferableInterface	1	8.5.1
ExchangePlanForm	http://v8.1c.ru/8.3/MDClasses	UsePurposes	ApplicationUsePurpose	1	8.3.27
ExchangePlanForm	http://v8.1c.ru/8.3/MDClasses	Uuid	Uuid	0	8.3.27
ExchangePlanTabularSection	http://v8.1c.ru/8.3/MDClasses	Attribute	TabularSectionAttribute	0	8.3.27
ExchangePlanTabularSection	http://v8.1c.ru/8.3/MDClasses	Comment	EString	1	8.3.27
ExchangePlanTabularSection	http://v8.1c.ru/8.3/MDClasses	ExtendedConfigurationObject	Uuid	1	8.3.27
ExchangePlanTabularSection	http://v8.1c.ru/8.3/MDClasses	Extension	ObjectExtension	0	8.3.27
ExchangePlanTabularSection	http://v8.1c.ru/8.3/MDClasses	FillChecking	FillChecking	1	8.3.27
ExchangePlanTabularSection	http://v8.1c.ru/8.3/MDClasses	LineNumberLength	EInt	1	8.3.27
ExchangePlanTabularSection	http://v8.1c.ru/8.3/MDClasses	Name	EString	1	8.3.27
ExchangePlanTabularSection	http://v8.1c.ru/8.3/MDClasses	ObjectBelonging	ObjectBelonging	1	8.3.27
ExchangePlanTabularSection	http://v8.1c.ru/8.3/MDClasses	ProducedTypes	TabularSectionTypes	0	8.3.27
ExchangePlanTabularSection	http://v8.1c.ru/8.3/MDClasses	StandardAttributes	StandardAttribute	1	8.3.27
ExchangePlanTabularSection	http://v8.1c.ru/8.3/MDClasses	Synonym	LocalStringMapEntry	1	8.3.27
ExchangePlanTabularSection	http://v8.1c.ru/8.3/MDClasses	ToolTip	LocalStringMapEntry	1	8.3.27
ExchangePlanTabularSection	http://v8.1c.ru/8.3/MDClasses	Uuid	Uuid	0	8.3.27
ExtDimensionAccountingFlag	http://v8.1c.ru/8.3/MDClasses	ChoiceFoldersAndItems	FoldersAndItemsUse	1	8.3.27
ExtDimensionAccountingFlag	http://v8.1c.ru/8.3/MDClasses	ChoiceForm	BasicForm	1	8.3.27
ExtDimensionAccountingFlag	http://v8.1c.ru/8.3/MDClasses	ChoiceHistoryOnInput	ChoiceHistoryOnInput	1	8.3.27
ExtDimensionAccountingFlag	http://v8.1c.ru/8.3/MDClasses	ChoiceParameterLinks	ChoiceParameterLink	1	8.3.27
ExtDimensionAccountingFlag	http://v8.1c.ru/8.3/MDClasses	ChoiceParameters	ChoiceParameter	1	8.3.27
ExtDimensionAccountingFlag	http://v8.1c.ru/8.3/MDClasses	Comment	EString	1	8.3.27
ExtDimensionAccountingFlag	http://v8.1c.ru/8.3/MDClasses	CreateOnInput	CreateOnInput	1	8.3.27
ExtDimensionAccountingFlag	http://v8.1c.ru/8.3/MDClasses	DataHistory	DataHistoryUse	1	8.3.27
ExtDimensionAccountingFlag	http://v8.1c.ru/8.3/MDClasses	EditFormat	LocalStringMapEntry	1	8.3.27
ExtDimensionAccountingFlag	http://v8.1c.ru/8.3/MDClasses	ExtendedConfigurationObject	Uuid	1	8.3.27
ExtDimensionAccountingFlag	http://v8.1c.ru/8.3/MDClasses	ExtendedEdit	EBoolean	1	8.3.27
ExtDimensionAccountingFlag	http://v8.1c.ru/8.3/MDClasses	Extension	ObjectExtension	0	8.3.27
ExtDimensionAccountingFlag	http://v8.1c.ru/8.3/MDClasses	FillChecking	FillChecking	1	8.3.27
ExtDimensionAccountingFlag	http://v8.1c.ru/8.3/MDClasses	FillFromFillingValue	EBoolean	1	8.3.27
ExtDimensionAccountingFlag	http://v8.1c.ru/8.3/MDClasses	FillValue	Value	1	8.3.27
ExtDimensionAccountingFlag	http://v8.1c.ru/8.3/MDClasses	Format	LocalStringMapEntry	1	8.3.27
ExtDimensionAccountingFlag	http://v8.1c.ru/8.3/MDClasses	LinkByType	TypeLink	1	8.3.27
ExtDimensionAccountingFlag	http://v8.1c.ru/8.3/MDClasses	MarkNegatives	EBoolean	1	8.3.27
ExtDimensionAccountingFlag	http://v8.1c.ru/8.3/MDClasses	Mask	EString	1	8.3.27
ExtDimensionAccountingFlag	http://v8.1c.ru/8.3/MDClasses	MaxValue	Value	1	8.3.27
ExtDimensionAccountingFlag	http://v8.1c.ru/8.3/MDClasses	MinValue	Value	1	8.3.27
ExtDimensionAccountingFlag	http://v8.1c.ru/8.3/MDClasses	MultiLine	EBoolean	1	8.3.27
ExtDimensionAccountingFlag	http://v8.1c.ru/8.3/MDClasses	Name	EString	1	8.3.27
ExtDimensionAccountingFlag	http://v8.1c.ru/8.3/MDClasses	ObjectBelonging	ObjectBelonging	1	8.3.27
ExtDimensionAccountingFlag	http://v8.1c.ru/8.3/MDClasses	PasswordMode	EBoolean	1	8.3.27
ExtDimensionAccountingFlag	http://v8.1c.ru/8.3/MDClasses	QuickChoice	UseQuickChoice	1	8.3.27
ExtDimensionAccountingFlag	http://v8.1c.ru/8.3/MDClasses	Synonym	LocalStringMapEntry	1	8.3.27
ExtDimensionAccountingFlag	http://v8.1c.ru/8.3/MDClasses	ToolTip	LocalStringMapEntry	1	8.3.27
ExtDimensionAccountingFlag	http://v8.1c.ru/8.3/MDClasses	Type	TypeDescription	1	8.3.27
ExtDimensionAccountingFlag	http://v8.1c.ru/8.3/MDClasses	Uuid	Uuid	0	8.3.27
ExtDimensionType	http://v8.1c.ru/8.3/MDClasses	CharacteristicType	ChartOfCharacteristicTypesPredefinedItem	0	8.3.27
ExtDimensionType	http://v8.1c.ru/8.3/xcf/predef	AccountingFlags	ExtDimensionAccountingFlag	0	8.3.27
ExtDimensionType	http://v8.1c.ru/8.3/xcf/predef	Turnover	EBoolean	0	8.3.27
ExternalDataProcessor	http://v8.1c.ru/8.3/MDClasses	Attribute	DataProcessorAttribute	0	8.3.27
ExternalDataProcessor	http://v8.1c.ru/8.3/MDClasses	AuxiliaryForm	BasicForm	1	8.3.27
ExternalDataProcessor	http://v8.1c.ru/8.3/MDClasses	Comment	EString	1	8.3.27
ExternalDataProcessor	http://v8.1c.ru/8.3/MDClasses	ContainedObjects	ContainedObject	0	8.3.27
ExternalDataProcessor	http://v8.1c.ru/8.3/MDClasses	DefaultForm	BasicForm	1	8.3.27
ExternalDataProcessor	http://v8.1c.ru/8.3/MDClasses	ExtendedConfigurationObject	Uuid	1	8.3.27
ExternalDataProcessor	http://v8.1c.ru/8.3/MDClasses	Extension	ObjectExtension	0	8.3.27
ExternalDataProcessor	http://v8.1c.ru/8.3/MDClasses	Form	DataProcessorForm	0	8.3.27
ExternalDataProcessor	http://v8.1c.ru/8.3/MDClasses	Help	Help	1	8.3.27
ExternalDataProcessor	http://v8.1c.ru/8.3/MDClasses	Name	EString	1	8.3.27
ExternalDataProcessor	http://v8.1c.ru/8.3/MDClasses	ObjectBelonging	ObjectBelonging	1	8.3.27
ExternalDataProcessor	http://v8.1c.ru/8.3/MDClasses	ProducedTypes	ExternalDataProcessorTypes	0	8.3.27
ExternalDataProcessor	http://v8.1c.ru/8.3/MDClasses	Synonym	LocalStringMapEntry	1	8.3.27
ExternalDataProcessor	http://v8.1c.ru/8.3/MDClasses	TabularSection	DataProcessorTabularSection	0	8.3.27
ExternalDataProcessor	http://v8.1c.ru/8.3/MDClasses	Template	Template	0	8.3.27
ExternalDataProcessor	http://v8.1c.ru/8.3/MDClasses	Uuid	Uuid	0	8.3.27
ExternalDataSource	http://v8.1c.ru/8.3/MDClasses	Comment	EString	1	8.3.27
ExternalDataSource	http://v8.1c.ru/8.3/MDClasses	Cube	Cube	0	8.3.27
ExternalDataSource	http://v8.1c.ru/8.3/MDClasses	DataLockControlMode	DefaultDataLockControlMode	1	8.3.27
ExternalDataSource	http://v8.1c.ru/8.3/MDClasses	ExtendedConfigurationObject	Uuid	1	8.3.27
ExternalDataSource	http://v8.1c.ru/8.3/MDClasses	Extension	ObjectExtension	0	8.3.27
ExternalDataSource	http://v8.1c.ru/8.3/MDClasses	Function	Function	0	8.3.27
ExternalDataSource	http://v8.1c.ru/8.3/MDClasses	Name	EString	1	8.3.27
ExternalDataSource	http://v8.1c.ru/8.3/MDClasses	ObjectBelonging	ObjectBelonging	1	8.3.27
ExternalDataSource	http://v8.1c.ru/8.3/MDClasses	ProducedTypes	ExternalDataSourceTypes	0	8.3.27
ExternalDataSource	http://v8.1c.ru/8.3/MDClasses	Synonym	LocalStringMapEntry	1	8.3.27
ExternalDataSource	http://v8.1c.ru/8.3/MDClasses	Table	Table	0	8.3.27
ExternalDataSource	http://v8.1c.ru/8.3/MDClasses	Uuid	Uuid	0	8.3.27
ExternalReport	http://v8.1c.ru/8.3/MDClasses	Attribute	ReportAttribute	0	8.3.27
ExternalReport	http://v8.1c.ru/8.3/MDClasses	AuxiliaryForm	BasicForm	1	8.3.27
ExternalReport	http://v8.1c.ru/8.3/MDClasses	AuxiliarySettingsForm	BasicForm	1	8.3.27
ExternalReport	http://v8.1c.ru/8.3/MDClasses	AuxiliaryVariantForm	BasicForm	1	8.5.1
ExternalReport	http://v8.1c.ru/8.3/MDClasses	Comment	EString	1	8.3.27
ExternalReport	http://v8.1c.ru/8.3/MDClasses	ContainedObjects	ContainedObject	0	8.3.27
ExternalReport	http://v8.1c.ru/8.3/MDClasses	DefaultForm	BasicForm	1	8.3.27
ExternalReport	http://v8.1c.ru/8.3/MDClasses	DefaultSettingsForm	BasicForm	1	8.3.27
ExternalReport	http://v8.1c.ru/8.3/MDClasses	DefaultVariantForm	BasicForm	1	8.3.27
ExternalReport	http://v8.1c.ru/8.3/MDClasses	ExtendedConfigurationObject	Uuid	1	8.3.27
ExternalReport	http://v8.1c.ru/8.3/MDClasses	Extension	ObjectExtension	0	8.3.27
ExternalReport	http://v8.1c.ru/8.3/MDClasses	Form	ReportForm	0	8.3.27
ExternalReport	http://v8.1c.ru/8.3/MDClasses	Help	Help	1	8.3.27
ExternalReport	http://v8.1c.ru/8.3/MDClasses	MainDataCompositionSchema	BasicTemplate	1	8.3.27
ExternalReport	http://v8.1c.ru/8.3/MDClasses	Name	EString	1	8.3.27
ExternalReport	http://v8.1c.ru/8.3/MDClasses	ObjectBelonging	ObjectBelonging	1	8.3.27
ExternalReport	http://v8.1c.ru/8.3/MDClasses	ProducedTypes	ExternalReportTypes	0	8.3.27
ExternalReport	http://v8.1c.ru/8.3/MDClasses	SettingsStorage	SettingsStorage	1	8.3.27
ExternalReport	http://v8.1c.ru/8.3/MDClasses	Synonym	LocalStringMapEntry	1	8.3.27
ExternalReport	http://v8.1c.ru/8.3/MDClasses	TabularSection	ReportTabularSection	0	8.3.27
ExternalReport	http://v8.1c.ru/8.3/MDClasses	Template	Template	0	8.3.27
ExternalReport	http://v8.1c.ru/8.3/MDClasses	Uuid	Uuid	0	8.3.27
ExternalReport	http://v8.1c.ru/8.3/MDClasses	VariantsStorage	SettingsStorage	1	8.3.27
FakeCtor		Code	EInt	0	8.3.27
FakeCtor		Params	FakeParameter	0	8.3.27
FakeCtor		TypeCode	EInt	0	8.3.27
FakeCtor		TypeName	EString	0	8.3.27
FakeCtor		Version	EString	0	8.3.27
FakeParameter		Code	EInt	0	8.3.27
FakeParameter		Name	EString	0	8.3.27
FakeParameter		Types	EString	0	8.3.27
Field		FieldIdPrefix	EString	0	8.3.27
Field		Id	EInt	0	8.3.27
Field		Name	EString	0	8.3.27
Field		NameRu	EString	0	8.3.27
Field		ReadOnly	EBoolean	0	8.3.27
Field		SourceTypes	SourceType	0	8.3.27
Field		Type	TypeDescription	0	8.3.27
Field	http://v8.1c.ru/8.3/MDClasses	AllowNull	EBoolean	1	8.3.27
Field	http://v8.1c.ru/8.3/MDClasses	ChoiceForm	BasicForm	1	8.3.27
Field	http://v8.1c.ru/8.3/MDClasses	ChoiceHistoryOnInput	ChoiceHistoryOnInput	1	8.3.27
Field	http://v8.1c.ru/8.3/MDClasses	ChoiceParameterLinks	ChoiceParameterLink	1	8.3.27
Field	http://v8.1c.ru/8.3/MDClasses	ChoiceParameters	ChoiceParameter	1	8.3.27
Field	http://v8.1c.ru/8.3/MDClasses	Comment	EString	1	8.3.27
Field	http://v8.1c.ru/8.3/MDClasses	CreateOnInput	CreateOnInput	1	8.3.27
Field	http://v8.1c.ru/8.3/MDClasses	EditFormat	LocalStringMapEntry	1	8.3.27
Field	http://v8.1c.ru/8.3/MDClasses	ExtendedConfigurationObject	Uuid	1	8.3.27
Field	http://v8.1c.ru/8.3/MDClasses	ExtendedEdit	EBoolean	1	8.3.27
Field	http://v8.1c.ru/8.3/MDClasses	Extension	ObjectExtension	0	8.3.27
Field	http://v8.1c.ru/8.3/MDClasses	FillChecking	FillChecking	1	8.3.27
Field	http://v8.1c.ru/8.3/MDClasses	FillFromFillingValue	EBoolean	1	8.3.27
Field	http://v8.1c.ru/8.3/MDClasses	FillValue	Value	1	8.3.27
Field	http://v8.1c.ru/8.3/MDClasses	Format	LocalStringMapEntry	1	8.3.27
Field	http://v8.1c.ru/8.3/MDClasses	MarkNegatives	EBoolean	1	8.3.27
Field	http://v8.1c.ru/8.3/MDClasses	Mask	EString	1	8.3.27
Field	http://v8.1c.ru/8.3/MDClasses	MaxValue	Value	1	8.3.27
Field	http://v8.1c.ru/8.3/MDClasses	MinValue	Value	1	8.3.27
Field	http://v8.1c.ru/8.3/MDClasses	MultiLine	EBoolean	1	8.3.27
Field	http://v8.1c.ru/8.3/MDClasses	Name	EString	1	8.3.27
Field	http://v8.1c.ru/8.3/MDClasses	NameInDataSource	EString	1	8.3.27
Field	http://v8.1c.ru/8.3/MDClasses	ObjectBelonging	ObjectBelonging	1	8.3.27
Field	http://v8.1c.ru/8.3/MDClasses	PasswordMode	EBoolean	1	8.3.27
Field	http://v8.1c.ru/8.3/MDClasses	QuickChoice	UseQuickChoice	1	8.3.27
Field	http://v8.1c.ru/8.3/MDClasses	ReadOnly	EBoolean	1	8.3.27
Field	http://v8.1c.ru/8.3/MDClasses	Synonym	LocalStringMapEntry	1	8.3.27
Field	http://v8.1c.ru/8.3/MDClasses	ToolTip	LocalStringMapEntry	1	8.3.27
Field	http://v8.1c.ru/8.3/MDClasses	Type	TypeDescription	1	8.3.27
Field	http://v8.1c.ru/8.3/MDClasses	Uuid	Uuid	0	8.3.27
FilterCriterion	http://v8.1c.ru/8.3/MDClasses	AuxiliaryForm	FilterCriterionForm	1	8.3.27
FilterCriterion	http://v8.1c.ru/8.3/MDClasses	Command	FilterCriterionCommand	0	8.3.27
FilterCriterion	http://v8.1c.ru/8.3/MDClasses	Comment	EString	1	8.3.27
FilterCriterion	http://v8.1c.ru/8.3/MDClasses	Content	MdObject	1	8.3.27
FilterCriterion	http://v8.1c.ru/8.3/MDClasses	DefaultForm	FilterCriterionForm	1	8.3.27
FilterCriterion	http://v8.1c.ru/8.3/MDClasses	Explanation	LocalStringMapEntry	1	8.3.27
FilterCriterion	http://v8.1c.ru/8.3/MDClasses	ExtendedConfigurationObject	Uuid	1	8.3.27
FilterCriterion	http://v8.1c.ru/8.3/MDClasses	ExtendedListPresentation	LocalStringMapEntry	1	8.3.27
FilterCriterion	http://v8.1c.ru/8.3/MDClasses	Extension	ObjectExtension	0	8.3.27
FilterCriterion	http://v8.1c.ru/8.3/MDClasses	Form	FilterCriterionForm	0	8.3.27
FilterCriterion	http://v8.1c.ru/8.3/MDClasses	ListPresentation	LocalStringMapEntry	1	8.3.27
FilterCriterion	http://v8.1c.ru/8.3/MDClasses	Name	EString	1	8.3.27
FilterCriterion	http://v8.1c.ru/8.3/MDClasses	ObjectBelonging	ObjectBelonging	1	8.3.27
FilterCriterion	http://v8.1c.ru/8.3/MDClasses	ProducedTypes	FilterCriterionTypes	0	8.3.27
FilterCriterion	http://v8.1c.ru/8.3/MDClasses	Synonym	LocalStringMapEntry	1	8.3.27
FilterCriterion	http://v8.1c.ru/8.3/MDClasses	Type	TypeDescription	1	8.3.27
FilterCriterion	http://v8.1c.ru/8.3/MDClasses	UseStandardCommands	EBoolean	1	8.3.27
FilterCriterion	http://v8.1c.ru/8.3/MDClasses	Uuid	Uuid	0	8.3.27
FilterCriterionCommand	http://v8.1c.ru/8.3/MDClasses	CommandParameterType	TypeDescription	1	8.3.27
FilterCriterionCommand	http://v8.1c.ru/8.3/MDClasses	Comment	EString	1	8.3.27
FilterCriterionCommand	http://v8.1c.ru/8.3/MDClasses	ExtendedConfigurationObject	Uuid	1	8.3.27
FilterCriterionCommand	http://v8.1c.ru/8.3/MDClasses	Extension	ObjectExtension	0	8.3.27
FilterCriterionCommand	http://v8.1c.ru/8.3/MDClasses	Group	CommandGroup	1	8.3.27
FilterCriterionCommand	http://v8.1c.ru/8.3/MDClasses	ModifiesData	EBoolean	1	8.3.27
FilterCriterionCommand	http://v8.1c.ru/8.3/MDClasses	Name	EString	1	8.3.27
FilterCriterionCommand	http://v8.1c.ru/8.3/MDClasses	ObjectBelonging	ObjectBelonging	1	8.3.27
FilterCriterionCommand	http://v8.1c.ru/8.3/MDClasses	OnMainServerUnavalableBehavior	OnMainServerUnavalableBehavior	1	8.3.27
FilterCriterionCommand	http://v8.1c.ru/8.3/MDClasses	ParameterUseMode	CommandParameterUseMode	1	8.3.27
FilterCriterionCommand	http://v8.1c.ru/8.3/MDClasses	Picture	Picture	1	8.3.27
FilterCriterionCommand	http://v8.1c.ru/8.3/MDClasses	Representation	ButtonRepresentation	1	8.3.27
FilterCriterionCommand	http://v8.1c.ru/8.3/MDClasses	Shortcut	Shortcut	1	8.3.27
FilterCriterionCommand	http://v8.1c.ru/8.3/MDClasses	Synonym	LocalStringMapEntry	1	8.3.27
FilterCriterionCommand	http://v8.1c.ru/8.3/MDClasses	ToolTip	LocalStringMapEntry	1	8.3.27
FilterCriterionCommand	http://v8.1c.ru/8.3/MDClasses	Uuid	Uuid	0	8.3.27
FilterCriterionForm	http://v8.1c.ru/8.3/MDClasses	Comment	EString	1	8.3.27
FilterCriterionForm	http://v8.1c.ru/8.3/MDClasses	ExtendedConfigurationObject	Uuid	1	8.3.27
FilterCriterionForm	http://v8.1c.ru/8.3/MDClasses	Extension	ObjectExtension	0	8.3.27
FilterCriterionForm	http://v8.1c.ru/8.3/MDClasses	FormType	FormType	1	8.3.27
FilterCriterionForm	http://v8.1c.ru/8.3/MDClasses	Help	Help	1	8.3.27
FilterCriterionForm	http://v8.1c.ru/8.3/MDClasses	IncludeHelpInContents	EBoolean	1	8.3.27
FilterCriterionForm	http://v8.1c.ru/8.3/MDClasses	Name	EString	1	8.3.27
FilterCriterionForm	http://v8.1c.ru/8.3/MDClasses	ObjectBelonging	ObjectBelonging	1	8.3.27
FilterCriterionForm	http://v8.1c.ru/8.3/MDClasses	Synonym	LocalStringMapEntry	1	8.3.27
FilterCriterionForm	http://v8.1c.ru/8.3/MDClasses	UseInInterfaceCompatibilityMode	FormPreferableInterface	1	8.5.1
FilterCriterionForm	http://v8.1c.ru/8.3/MDClasses	UsePurposes	ApplicationUsePurpose	1	8.3.27
FilterCriterionForm	http://v8.1c.ru/8.3/MDClasses	Uuid	Uuid	0	8.3.27
FixedArrayValue	http://v8.1c.ru/8.1/data/core	Value	Value	0	8.3.27
FontDef		Bold	EBoolean	0	8.3.27
FontDef		FaceName	EString	0	8.3.27
FontDef		Height	EFloat	0	8.3.27
FontDef		Italic	EBoolean	0	8.3.27
FontDef		Scale	EInt	0	8.3.27
FontDef		Strikeout	EBoolean	0	8.3.27
FontDef		Underline	EBoolean	0	8.3.27
FontRef		Bold	EBoolean	0	8.3.27
FontRef		FaceName	EString	0	8.3.27
FontRef		Font	Font	0	8.3.27
FontRef		Height	EFloat	0	8.3.27
FontRef		Italic	EBoolean	0	8.3.27
FontRef		Scale	EInt	0	8.3.27
FontRef		Strikeout	EBoolean	0	8.3.27
FontRef		Underline	EBoolean	0	8.3.27
FontValue		Value	Font	0	8.3.27
ForRoleType	http://v8.1c.ru/8.3/MDClasses	Role	Role	0	8.3.27
ForRoleType	http://v8.1c.ru/8.3/MDClasses	Value	EBoolean	0	8.3.27
Function	http://v8.1c.ru/8.3/MDClasses	Comment	EString	1	8.3.27
Function	http://v8.1c.ru/8.3/MDClasses	ExpressionInDataSource	EString	1	8.3.27
Function	http://v8.1c.ru/8.3/MDClasses	ExtendedConfigurationObject	Uuid	1	8.3.27
Function	http://v8.1c.ru/8.3/MDClasses	Extension	ObjectExtension	0	8.3.27
Function	http://v8.1c.ru/8.3/MDClasses	Name	EString	1	8.3.27
Function	http://v8.1c.ru/8.3/MDClasses	ObjectBelonging	ObjectBelonging	1	8.3.27
Function	http://v8.1c.ru/8.3/MDClasses	ReturnValue	EBoolean	1	8.3.27
Function	http://v8.1c.ru/8.3/MDClasses	Synonym	LocalStringMapEntry	1	8.3.27
Function	http://v8.1c.ru/8.3/MDClasses	Type	TypeDescription	1	8.3.27
Function	http://v8.1c.ru/8.3/MDClasses	Uuid	Uuid	0	8.3.27
FunctionalOption	http://v8.1c.ru/8.3/MDClasses	Comment	EString	1	8.3.27
FunctionalOption	http://v8.1c.ru/8.3/MDClasses	Content	MdObject	1	8.3.27
FunctionalOption	http://v8.1c.ru/8.3/MDClasses	ExtendedConfigurationObject	Uuid	1	8.3.27
FunctionalOption	http://v8.1c.ru/8.3/MDClasses	Extension	ObjectExtension	0	8.3.27
FunctionalOption	http://v8.1c.ru/8.3/MDClasses	Location	MdObject	1	8.3.27
FunctionalOption	http://v8.1c.ru/8.3/MDClasses	Name	EString	1	8.3.27
FunctionalOption	http://v8.1c.ru/8.3/MDClasses	ObjectBelonging	ObjectBelonging	1	8.3.27
FunctionalOption	http://v8.1c.ru/8.3/MDClasses	PrivilegedGetMode	EBoolean	1	8.3.27
FunctionalOption	http://v8.1c.ru/8.3/MDClasses	Synonym	LocalStringMapEntry	1	8.3.27
FunctionalOption	http://v8.1c.ru/8.3/MDClasses	Uuid	Uuid	0	8.3.27
FunctionalOptionsParameter	http://v8.1c.ru/8.3/MDClasses	Comment	EString	1	8.3.27
FunctionalOptionsParameter	http://v8.1c.ru/8.3/MDClasses	ExtendedConfigurationObject	Uuid	1	8.3.27
FunctionalOptionsParameter	http://v8.1c.ru/8.3/MDClasses	Extension	ObjectExtension	0	8.3.27
FunctionalOptionsParameter	http://v8.1c.ru/8.3/MDClasses	Name	EString	1	8.3.27
FunctionalOptionsParameter	http://v8.1c.ru/8.3/MDClasses	ObjectBelonging	ObjectBelonging	1	8.3.27
FunctionalOptionsParameter	http://v8.1c.ru/8.3/MDClasses	Synonym	LocalStringMapEntry	1	8.3.27
FunctionalOptionsParameter	http://v8.1c.ru/8.3/MDClasses	Use	MdObject	1	8.3.27
FunctionalOptionsParameter	http://v8.1c.ru/8.3/MDClasses	Uuid	Uuid	0	8.3.27
GaugeChartQualityBand		BackColor	Color	0	8.3.27
GaugeChartQualityBand		Begin	EInt	0	8.3.27
GaugeChartQualityBand		End	EInt	0	8.3.27
GaugeChartQualityBand		Text	LocalStringMapEntry	0	8.3.27
GaugeChartQualityBand		TextStr	EString	0	8.3.27
GaugeChartQualityBand		Tooltip	LocalStringMapEntry	0	8.3.27
GaugeChartQualityBand		TooltipStr	EString	0	8.3.27
GaugeChartQualityBands		Items	GaugeChartQualityBand	0	8.3.27
GaugeChartQualityBands		UseTextStr	EBoolean	0	8.3.27
GaugeChartQualityBands		UseTooltipStr	EBoolean	0	8.3.27
GaugeChartQualityBandsValue		Value	GaugeChartQualityBands	0	8.3.27
GeneralContextDef		Code	EInt	0	8.3.27
GeneralContextDef		Environments	Environments	0	8.3.27
GeneralContextDef		Methods	Method	0	8.3.27
GeneralContextDef		Properties	Property	0	8.3.27
GeneralContextDef		RefContextDefs	ContextDef	0	8.3.27
HTTPService	http://v8.1c.ru/8.3/MDClasses	Comment	EString	1	8.3.27
HTTPService	http://v8.1c.ru/8.3/MDClasses	ExtendedConfigurationObject	Uuid	1	8.3.27
HTTPService	http://v8.1c.ru/8.3/MDClasses	Extension	ObjectExtension	0	8.3.27
HTTPService	http://v8.1c.ru/8.3/MDClasses	Name	EString	1	8.3.27
HTTPService	http://v8.1c.ru/8.3/MDClasses	ObjectBelonging	ObjectBelonging	1	8.3.27
HTTPService	http://v8.1c.ru/8.3/MDClasses	ReuseSessions	SessionReuseMode	1	8.3.27
HTTPService	http://v8.1c.ru/8.3/MDClasses	RootURL	EString	1	8.3.27
HTTPService	http://v8.1c.ru/8.3/MDClasses	SessionMaxAge	ELong	1	8.3.27
HTTPService	http://v8.1c.ru/8.3/MDClasses	Synonym	LocalStringMapEntry	1	8.3.27
HTTPService	http://v8.1c.ru/8.3/MDClasses	URLTemplate	URLTemplate	0	8.3.27
HTTPService	http://v8.1c.ru/8.3/MDClasses	Uuid	Uuid	0	8.3.27
Help		Pages	HelpPage	0	8.3.27
HelpPage		Lang	EString	0	8.3.27
InformationRegister	http://v8.1c.ru/8.3/MDClasses	Attribute	InformationRegisterAttribute	0	8.3.27
InformationRegister	http://v8.1c.ru/8.3/MDClasses	AuxiliaryListForm	InformationRegisterForm	1	8.3.27
InformationRegister	http://v8.1c.ru/8.3/MDClasses	AuxiliaryRecordForm	InformationRegisterForm	1	8.3.27
InformationRegister	http://v8.1c.ru/8.3/MDClasses	Command	InformationRegisterCommand	0	8.3.27
InformationRegister	http://v8.1c.ru/8.3/MDClasses	Comment	EString	1	8.3.27
InformationRegister	http://v8.1c.ru/8.3/MDClasses	DataHistory	DataHistoryUse	1	8.3.27
InformationRegister	http://v8.1c.ru/8.3/MDClasses	DataLockControlMode	DefaultDataLockControlMode	1	8.3.27
InformationRegister	http://v8.1c.ru/8.3/MDClasses	DefaultListForm	InformationRegisterForm	1	8.3.27
InformationRegister	http://v8.1c.ru/8.3/MDClasses	DefaultRecordForm	InformationRegisterForm	1	8.3.27
InformationRegister	http://v8.1c.ru/8.3/MDClasses	Dimension	InformationRegisterDimension	0	8.3.27
InformationRegister	http://v8.1c.ru/8.3/MDClasses	EditType	EditType	1	8.3.27
InformationRegister	http://v8.1c.ru/8.3/MDClasses	EnableTotalsSliceFirst	EBoolean	1	8.3.27
InformationRegister	http://v8.1c.ru/8.3/MDClasses	EnableTotalsSliceLast	EBoolean	1	8.3.27
InformationRegister	http://v8.1c.ru/8.3/MDClasses	ExecuteAfterWriteDataHistoryVersionProcessing	EBoolean	1	8.3.27
InformationRegister	http://v8.1c.ru/8.3/MDClasses	Explanation	LocalStringMapEntry	1	8.3.27
InformationRegister	http://v8.1c.ru/8.3/MDClasses	ExtendedConfigurationObject	Uuid	1	8.3.27
InformationRegister	http://v8.1c.ru/8.3/MDClasses	ExtendedListPresentation	LocalStringMapEntry	1	8.3.27
InformationRegister	http://v8.1c.ru/8.3/MDClasses	ExtendedRecordPresentation	LocalStringMapEntry	1	8.3.27
InformationRegister	http://v8.1c.ru/8.3/MDClasses	Extension	ObjectExtension	0	8.3.27
InformationRegister	http://v8.1c.ru/8.3/MDClasses	Form	InformationRegisterForm	0	8.3.27
InformationRegister	http://v8.1c.ru/8.3/MDClasses	FullTextSearch	FullTextSearchUsing	1	8.3.27
InformationRegister	http://v8.1c.ru/8.3/MDClasses	Help	Help	1	8.3.27
InformationRegister	http://v8.1c.ru/8.3/MDClasses	IncludeHelpInContents	EBoolean	1	8.3.27
InformationRegister	http://v8.1c.ru/8.3/MDClasses	InformationRegisterPeriodicity	InformationRegisterPeriodicity	1	8.3.27
InformationRegister	http://v8.1c.ru/8.3/MDClasses	ListPresentation	LocalStringMapEntry	1	8.3.27
InformationRegister	http://v8.1c.ru/8.3/MDClasses	MainFilterOnPeriod	EBoolean	1	8.3.27
InformationRegister	http://v8.1c.ru/8.3/MDClasses	Name	EString	1	8.3.27
InformationRegister	http://v8.1c.ru/8.3/MDClasses	ObjectBelonging	ObjectBelonging	1	8.3.27
InformationRegister	http://v8.1c.ru/8.3/MDClasses	ProducedTypes	InformationRegisterTypes	0	8.3.27
InformationRegister	http://v8.1c.ru/8.3/MDClasses	RecordPresentation	LocalStringMapEntry	1	8.3.27
InformationRegister	http://v8.1c.ru/8.3/MDClasses	Resource	InformationRegisterResource	0	8.3.27
InformationRegister	http://v8.1c.ru/8.3/MDClasses	StandardAttributes	StandardAttribute	1	8.3.27
InformationRegister	http://v8.1c.ru/8.3/MDClasses	Synonym	LocalStringMapEntry	1	8.3.27
InformationRegister	http://v8.1c.ru/8.3/MDClasses	Template	Template	0	8.3.27
InformationRegister	http://v8.1c.ru/8.3/MDClasses	UpdateDataHistoryImmediatelyAfterWrite	EBoolean	1	8.3.27
InformationRegister	http://v8.1c.ru/8.3/MDClasses	UseStandardCommands	EBoolean	1	8.3.27
InformationRegister	http://v8.1c.ru/8.3/MDClasses	Uuid	Uuid	0	8.3.27
InformationRegister	http://v8.1c.ru/8.3/MDClasses	WriteMode	RegisterWriteMode	1	8.3.27
InformationRegisterAttribute	http://v8.1c.ru/8.3/MDClasses	BinaryDataStorageLocationUse	BinaryDataStorageLocationUse	1	8.3.27
InformationRegisterAttribute	http://v8.1c.ru/8.3/MDClasses	BinaryDataStorageLocationUseField	MdObject	1	8.3.27
InformationRegisterAttribute	http://v8.1c.ru/8.3/MDClasses	ChoiceFoldersAndItems	FoldersAndItemsUse	1	8.3.27
InformationRegisterAttribute	http://v8.1c.ru/8.3/MDClasses	ChoiceForm	BasicForm	1	8.3.27
InformationRegisterAttribute	http://v8.1c.ru/8.3/MDClasses	ChoiceHistoryOnInput	ChoiceHistoryOnInput	1	8.3.27
InformationRegisterAttribute	http://v8.1c.ru/8.3/MDClasses	ChoiceParameterLinks	ChoiceParameterLink	1	8.3.27
InformationRegisterAttribute	http://v8.1c.ru/8.3/MDClasses	ChoiceParameters	ChoiceParameter	1	8.3.27
InformationRegisterAttribute	http://v8.1c.ru/8.3/MDClasses	Comment	EString	1	8.3.27
InformationRegisterAttribute	http://v8.1c.ru/8.3/MDClasses	CreateOnInput	CreateOnInput	1	8.3.27
InformationRegisterAttribute	http://v8.1c.ru/8.3/MDClasses	DataHistory	DataHistoryUse	1	8.3.27
InformationRegisterAttribute	http://v8.1c.ru/8.3/MDClasses	EditFormat	LocalStringMapEntry	1	8.3.27
InformationRegisterAttribute	http://v8.1c.ru/8.3/MDClasses	ExtendedConfigurationObject	Uuid	1	8.3.27
InformationRegisterAttribute	http://v8.1c.ru/8.3/MDClasses	ExtendedEdit	EBoolean	1	8.3.27
InformationRegisterAttribute	http://v8.1c.ru/8.3/MDClasses	Extension	ObjectExtension	0	8.3.27
InformationRegisterAttribute	http://v8.1c.ru/8.3/MDClasses	FillChecking	FillChecking	1	8.3.27
InformationRegisterAttribute	http://v8.1c.ru/8.3/MDClasses	FillFromFillingValue	EBoolean	1	8.3.27
InformationRegisterAttribute	http://v8.1c.ru/8.3/MDClasses	FillValue	Value	1	8.3.27
InformationRegisterAttribute	http://v8.1c.ru/8.3/MDClasses	Format	LocalStringMapEntry	1	8.3.27
InformationRegisterAttribute	http://v8.1c.ru/8.3/MDClasses	FullTextSearch	FullTextSearchUsing	1	8.3.27
InformationRegisterAttribute	http://v8.1c.ru/8.3/MDClasses	Indexing	Indexing	1	8.3.27
InformationRegisterAttribute	http://v8.1c.ru/8.3/MDClasses	LinkByType	TypeLink	1	8.3.27
InformationRegisterAttribute	http://v8.1c.ru/8.3/MDClasses	MarkNegatives	EBoolean	1	8.3.27
InformationRegisterAttribute	http://v8.1c.ru/8.3/MDClasses	Mask	EString	1	8.3.27
InformationRegisterAttribute	http://v8.1c.ru/8.3/MDClasses	MaxValue	Value	1	8.3.27
InformationRegisterAttribute	http://v8.1c.ru/8.3/MDClasses	MinValue	Value	1	8.3.27
InformationRegisterAttribute	http://v8.1c.ru/8.3/MDClasses	MultiLine	EBoolean	1	8.3.27
InformationRegisterAttribute	http://v8.1c.ru/8.3/MDClasses	Name	EString	1	8.3.27
InformationRegisterAttribute	http://v8.1c.ru/8.3/MDClasses	ObjectBelonging	ObjectBelonging	1	8.3.27
InformationRegisterAttribute	http://v8.1c.ru/8.3/MDClasses	PasswordMode	EBoolean	1	8.3.27
InformationRegisterAttribute	http://v8.1c.ru/8.3/MDClasses	QuickChoice	UseQuickChoice	1	8.3.27
InformationRegisterAttribute	http://v8.1c.ru/8.3/MDClasses	Synonym	LocalStringMapEntry	1	8.3.27
InformationRegisterAttribute	http://v8.1c.ru/8.3/MDClasses	ToolTip	LocalStringMapEntry	1	8.3.27
InformationRegisterAttribute	http://v8.1c.ru/8.3/MDClasses	Type	TypeDescription	1	8.3.27
InformationRegisterAttribute	http://v8.1c.ru/8.3/MDClasses	Uuid	Uuid	0	8.3.27
InformationRegisterCommand	http://v8.1c.ru/8.3/MDClasses	CommandParameterType	TypeDescription	1	8.3.27
InformationRegisterCommand	http://v8.1c.ru/8.3/MDClasses	Comment	EString	1	8.3.27
InformationRegisterCommand	http://v8.1c.ru/8.3/MDClasses	ExtendedConfigurationObject	Uuid	1	8.3.27
InformationRegisterCommand	http://v8.1c.ru/8.3/MDClasses	Extension	ObjectExtension	0	8.3.27
InformationRegisterCommand	http://v8.1c.ru/8.3/MDClasses	Group	CommandGroup	1	8.3.27
InformationRegisterCommand	http://v8.1c.ru/8.3/MDClasses	ModifiesData	EBoolean	1	8.3.27
InformationRegisterCommand	http://v8.1c.ru/8.3/MDClasses	Name	EString	1	8.3.27
InformationRegisterCommand	http://v8.1c.ru/8.3/MDClasses	ObjectBelonging	ObjectBelonging	1	8.3.27
InformationRegisterCommand	http://v8.1c.ru/8.3/MDClasses	OnMainServerUnavalableBehavior	OnMainServerUnavalableBehavior	1	8.3.27
InformationRegisterCommand	http://v8.1c.ru/8.3/MDClasses	ParameterUseMode	CommandParameterUseMode	1	8.3.27
InformationRegisterCommand	http://v8.1c.ru/8.3/MDClasses	Picture	Picture	1	8.3.27
InformationRegisterCommand	http://v8.1c.ru/8.3/MDClasses	Representation	ButtonRepresentation	1	8.3.27
InformationRegisterCommand	http://v8.1c.ru/8.3/MDClasses	Shortcut	Shortcut	1	8.3.27
InformationRegisterCommand	http://v8.1c.ru/8.3/MDClasses	Synonym	LocalStringMapEntry	1	8.3.27
InformationRegisterCommand	http://v8.1c.ru/8.3/MDClasses	ToolTip	LocalStringMapEntry	1	8.3.27
InformationRegisterCommand	http://v8.1c.ru/8.3/MDClasses	Uuid	Uuid	0	8.3.27
InformationRegisterDimension	http://v8.1c.ru/8.3/MDClasses	ChoiceFoldersAndItems	FoldersAndItemsUse	1	8.3.27
InformationRegisterDimension	http://v8.1c.ru/8.3/MDClasses	ChoiceForm	BasicForm	1	8.3.27
InformationRegisterDimension	http://v8.1c.ru/8.3/MDClasses	ChoiceHistoryOnInput	ChoiceHistoryOnInput	1	8.3.27
InformationRegisterDimension	http://v8.1c.ru/8.3/MDClasses	ChoiceParameterLinks	ChoiceParameterLink	1	8.3.27
InformationRegisterDimension	http://v8.1c.ru/8.3/MDClasses	ChoiceParameters	ChoiceParameter	1	8.3.27
InformationRegisterDimension	http://v8.1c.ru/8.3/MDClasses	Comment	EString	1	8.3.27
InformationRegisterDimension	http://v8.1c.ru/8.3/MDClasses	CreateOnInput	CreateOnInput	1	8.3.27
InformationRegisterDimension	http://v8.1c.ru/8.3/MDClasses	DataHistory	DataHistoryUse	1	8.3.27
InformationRegisterDimension	http://v8.1c.ru/8.3/MDClasses	DenyIncompleteValues	EBoolean	1	8.3.27
InformationRegisterDimension	http://v8.1c.ru/8.3/MDClasses	EditFormat	LocalStringMapEntry	1	8.3.27
InformationRegisterDimension	http://v8.1c.ru/8.3/MDClasses	ExtendedConfigurationObject	Uuid	1	8.3.27
InformationRegisterDimension	http://v8.1c.ru/8.3/MDClasses	ExtendedEdit	EBoolean	1	8.3.27
InformationRegisterDimension	http://v8.1c.ru/8.3/MDClasses	Extension	ObjectExtension	0	8.3.27
InformationRegisterDimension	http://v8.1c.ru/8.3/MDClasses	FillChecking	FillChecking	1	8.3.27
InformationRegisterDimension	http://v8.1c.ru/8.3/MDClasses	FillFromFillingValue	EBoolean	1	8.3.27
InformationRegisterDimension	http://v8.1c.ru/8.3/MDClasses	FillValue	Value	1	8.3.27
InformationRegisterDimension	http://v8.1c.ru/8.3/MDClasses	Format	LocalStringMapEntry	1	8.3.27
InformationRegisterDimension	http://v8.1c.ru/8.3/MDClasses	FullTextSearch	FullTextSearchUsing	1	8.3.27
InformationRegisterDimension	http://v8.1c.ru/8.3/MDClasses	Indexing	Indexing	1	8.3.27
InformationRegisterDimension	http://v8.1c.ru/8.3/MDClasses	LinkByType	TypeLink	1	8.3.27
InformationRegisterDimension	http://v8.1c.ru/8.3/MDClasses	MainFilter	EBoolean	1	8.3.27
InformationRegisterDimension	http://v8.1c.ru/8.3/MDClasses	MarkNegatives	EBoolean	1	8.3.27
InformationRegisterDimension	http://v8.1c.ru/8.3/MDClasses	Mask	EString	1	8.3.27
InformationRegisterDimension	http://v8.1c.ru/8.3/MDClasses	Master	EBoolean	1	8.3.27
InformationRegisterDimension	http://v8.1c.ru/8.3/MDClasses	MaxValue	Value	1	8.3.27
InformationRegisterDimension	http://v8.1c.ru/8.3/MDClasses	MinValue	Value	1	8.3.27
InformationRegisterDimension	http://v8.1c.ru/8.3/MDClasses	MultiLine	EBoolean	1	8.3.27
InformationRegisterDimension	http://v8.1c.ru/8.3/MDClasses	Name	EString	1	8.3.27
InformationRegisterDimension	http://v8.1c.ru/8.3/MDClasses	ObjectBelonging	ObjectBelonging	1	8.3.27
InformationRegisterDimension	http://v8.1c.ru/8.3/MDClasses	PasswordMode	EBoolean	1	8.3.27
InformationRegisterDimension	http://v8.1c.ru/8.3/MDClasses	QuickChoice	UseQuickChoice	1	8.3.27
InformationRegisterDimension	http://v8.1c.ru/8.3/MDClasses	Synonym	LocalStringMapEntry	1	8.3.27
InformationRegisterDimension	http://v8.1c.ru/8.3/MDClasses	ToolTip	LocalStringMapEntry	1	8.3.27
InformationRegisterDimension	http://v8.1c.ru/8.3/MDClasses	Type	TypeDescription	1	8.3.27
InformationRegisterDimension	http://v8.1c.ru/8.3/MDClasses	TypeReductionMode	TypeReductionMode	1	8.3.27
InformationRegisterDimension	http://v8.1c.ru/8.3/MDClasses	Uuid	Uuid	0	8.3.27
InformationRegisterForm	http://v8.1c.ru/8.3/MDClasses	Comment	EString	1	8.3.27
InformationRegisterForm	http://v8.1c.ru/8.3/MDClasses	ExtendedConfigurationObject	Uuid	1	8.3.27
InformationRegisterForm	http://v8.1c.ru/8.3/MDClasses	Extension	ObjectExtension	0	8.3.27
InformationRegisterForm	http://v8.1c.ru/8.3/MDClasses	FormType	FormType	1	8.3.27
InformationRegisterForm	http://v8.1c.ru/8.3/MDClasses	Help	Help	1	8.3.27
InformationRegisterForm	http://v8.1c.ru/8.3/MDClasses	IncludeHelpInContents	EBoolean	1	8.3.27
InformationRegisterForm	http://v8.1c.ru/8.3/MDClasses	Name	EString	1	8.3.27
InformationRegisterForm	http://v8.1c.ru/8.3/MDClasses	ObjectBelonging	ObjectBelonging	1	8.3.27
InformationRegisterForm	http://v8.1c.ru/8.3/MDClasses	Synonym	LocalStringMapEntry	1	8.3.27
InformationRegisterForm	http://v8.1c.ru/8.3/MDClasses	UseInInterfaceCompatibilityMode	FormPreferableInterface	1	8.5.1
InformationRegisterForm	http://v8.1c.ru/8.3/MDClasses	UsePurposes	ApplicationUsePurpose	1	8.3.27
InformationRegisterForm	http://v8.1c.ru/8.3/MDClasses	Uuid	Uuid	0	8.3.27
InformationRegisterResource	http://v8.1c.ru/8.3/MDClasses	BinaryDataStorageLocationUse	BinaryDataStorageLocationUse	1	8.3.27
InformationRegisterResource	http://v8.1c.ru/8.3/MDClasses	BinaryDataStorageLocationUseField	MdObject	1	8.3.27
InformationRegisterResource	http://v8.1c.ru/8.3/MDClasses	ChoiceFoldersAndItems	FoldersAndItemsUse	1	8.3.27
InformationRegisterResource	http://v8.1c.ru/8.3/MDClasses	ChoiceForm	BasicForm	1	8.3.27
InformationRegisterResource	http://v8.1c.ru/8.3/MDClasses	ChoiceHistoryOnInput	ChoiceHistoryOnInput	1	8.3.27
InformationRegisterResource	http://v8.1c.ru/8.3/MDClasses	ChoiceParameterLinks	ChoiceParameterLink	1	8.3.27
InformationRegisterResource	http://v8.1c.ru/8.3/MDClasses	ChoiceParameters	ChoiceParameter	1	8.3.27
InformationRegisterResource	http://v8.1c.ru/8.3/MDClasses	Comment	EString	1	8.3.27
InformationRegisterResource	http://v8.1c.ru/8.3/MDClasses	CreateOnInput	CreateOnInput	1	8.3.27
InformationRegisterResource	http://v8.1c.ru/8.3/MDClasses	DataHistory	DataHistoryUse	1	8.3.27
InformationRegisterResource	http://v8.1c.ru/8.3/MDClasses	EditFormat	LocalStringMapEntry	1	8.3.27
InformationRegisterResource	http://v8.1c.ru/8.3/MDClasses	ExtendedConfigurationObject	Uuid	1	8.3.27
InformationRegisterResource	http://v8.1c.ru/8.3/MDClasses	ExtendedEdit	EBoolean	1	8.3.27
InformationRegisterResource	http://v8.1c.ru/8.3/MDClasses	Extension	ObjectExtension	0	8.3.27
InformationRegisterResource	http://v8.1c.ru/8.3/MDClasses	FillChecking	FillChecking	1	8.3.27
InformationRegisterResource	http://v8.1c.ru/8.3/MDClasses	FillFromFillingValue	EBoolean	1	8.3.27
InformationRegisterResource	http://v8.1c.ru/8.3/MDClasses	FillValue	Value	1	8.3.27
InformationRegisterResource	http://v8.1c.ru/8.3/MDClasses	Format	LocalStringMapEntry	1	8.3.27
InformationRegisterResource	http://v8.1c.ru/8.3/MDClasses	FullTextSearch	FullTextSearchUsing	1	8.3.27
InformationRegisterResource	http://v8.1c.ru/8.3/MDClasses	Indexing	Indexing	1	8.3.27
InformationRegisterResource	http://v8.1c.ru/8.3/MDClasses	LinkByType	TypeLink	1	8.3.27
InformationRegisterResource	http://v8.1c.ru/8.3/MDClasses	MarkNegatives	EBoolean	1	8.3.27
InformationRegisterResource	http://v8.1c.ru/8.3/MDClasses	Mask	EString	1	8.3.27
InformationRegisterResource	http://v8.1c.ru/8.3/MDClasses	MaxValue	Value	1	8.3.27
InformationRegisterResource	http://v8.1c.ru/8.3/MDClasses	MinValue	Value	1	8.3.27
InformationRegisterResource	http://v8.1c.ru/8.3/MDClasses	MultiLine	EBoolean	1	8.3.27
InformationRegisterResource	http://v8.1c.ru/8.3/MDClasses	Name	EString	1	8.3.27
InformationRegisterResource	http://v8.1c.ru/8.3/MDClasses	ObjectBelonging	ObjectBelonging	1	8.3.27
InformationRegisterResource	http://v8.1c.ru/8.3/MDClasses	PasswordMode	EBoolean	1	8.3.27
InformationRegisterResource	http://v8.1c.ru/8.3/MDClasses	QuickChoice	UseQuickChoice	1	8.3.27
InformationRegisterResource	http://v8.1c.ru/8.3/MDClasses	Synonym	LocalStringMapEntry	1	8.3.27
InformationRegisterResource	http://v8.1c.ru/8.3/MDClasses	ToolTip	LocalStringMapEntry	1	8.3.27
InformationRegisterResource	http://v8.1c.ru/8.3/MDClasses	Type	TypeDescription	1	8.3.27
InformationRegisterResource	http://v8.1c.ru/8.3/MDClasses	Uuid	Uuid	0	8.3.27
IntegrationService	http://v8.1c.ru/8.3/MDClasses	Comment	EString	1	8.3.27
IntegrationService	http://v8.1c.ru/8.3/MDClasses	ExtendedConfigurationObject	Uuid	1	8.3.27
IntegrationService	http://v8.1c.ru/8.3/MDClasses	Extension	ObjectExtension	0	8.3.27
IntegrationService	http://v8.1c.ru/8.3/MDClasses	ExternalIntegrationServiceAddress	EString	1	8.3.27
IntegrationService	http://v8.1c.ru/8.3/MDClasses	IntegrationServiceChannel	IntegrationServiceChannel	0	8.3.27
IntegrationService	http://v8.1c.ru/8.3/MDClasses	Name	EString	1	8.3.27
IntegrationService	http://v8.1c.ru/8.3/MDClasses	ObjectBelonging	ObjectBelonging	1	8.3.27
IntegrationService	http://v8.1c.ru/8.3/MDClasses	ProducedTypes	IntegrationServiceTypes	0	8.3.27
IntegrationService	http://v8.1c.ru/8.3/MDClasses	Synonym	LocalStringMapEntry	1	8.3.27
IntegrationService	http://v8.1c.ru/8.3/MDClasses	Uuid	Uuid	0	8.3.27
IntegrationServiceChannel	http://v8.1c.ru/8.3/MDClasses	Comment	EString	1	8.3.27
IntegrationServiceChannel	http://v8.1c.ru/8.3/MDClasses	ExtendedConfigurationObject	Uuid	1	8.3.27
IntegrationServiceChannel	http://v8.1c.ru/8.3/MDClasses	Extension	ObjectExtension	0	8.3.27
IntegrationServiceChannel	http://v8.1c.ru/8.3/MDClasses	ExternalIntegrationServiceChannelName	EString	1	8.3.27
IntegrationServiceChannel	http://v8.1c.ru/8.3/MDClasses	MessageDirection	IntegrationServiceChannelMessageDirection	1	8.3.27
IntegrationServiceChannel	http://v8.1c.ru/8.3/MDClasses	Name	EString	1	8.3.27
IntegrationServiceChannel	http://v8.1c.ru/8.3/MDClasses	ObjectBelonging	ObjectBelonging	1	8.3.27
IntegrationServiceChannel	http://v8.1c.ru/8.3/MDClasses	ProducedTypes	IntegrationServiceChannelTypes	0	8.3.27
IntegrationServiceChannel	http://v8.1c.ru/8.3/MDClasses	ReceiveMessageProcessing	EString	1	8.3.27
IntegrationServiceChannel	http://v8.1c.ru/8.3/MDClasses	Synonym	LocalStringMapEntry	1	8.3.27
IntegrationServiceChannel	http://v8.1c.ru/8.3/MDClasses	Transactioned	EBoolean	1	8.3.27
IntegrationServiceChannel	http://v8.1c.ru/8.3/MDClasses	Uuid	Uuid	0	8.3.27
Interface	http://v8.1c.ru/8.3/MDClasses	Comment	EString	1	8.3.27
Interface	http://v8.1c.ru/8.3/MDClasses	ExtendedConfigurationObject	Uuid	1	8.3.27
Interface	http://v8.1c.ru/8.3/MDClasses	Extension	ObjectExtension	0	8.3.27
Interface	http://v8.1c.ru/8.3/MDClasses	Name	EString	1	8.3.27
Interface	http://v8.1c.ru/8.3/MDClasses	ObjectBelonging	ObjectBelonging	1	8.3.27
Interface	http://v8.1c.ru/8.3/MDClasses	Switchable	EBoolean	1	8.3.27
Interface	http://v8.1c.ru/8.3/MDClasses	Synonym	LocalStringMapEntry	1	8.3.27
Interface	http://v8.1c.ru/8.3/MDClasses	Uuid	Uuid	0	8.3.27
IrresolvableReferenceValue		InstanceId	Uuid	0	8.3.27
IrresolvableReferenceValue		RefTypeId	Uuid	0	8.3.27
Language	http://v8.1c.ru/8.3/MDClasses	Comment	EString	1	8.3.27
Language	http://v8.1c.ru/8.3/MDClasses	ExtendedConfigurationObject	Uuid	1	8.3.27
Language	http://v8.1c.ru/8.3/MDClasses	Extension	ObjectExtension	0	8.3.27
Language	http://v8.1c.ru/8.3/MDClasses	LanguageCode	EString	1	8.3.27
Language	http://v8.1c.ru/8.3/MDClasses	Name	EString	1	8.3.27
Language	http://v8.1c.ru/8.3/MDClasses	ObjectBelonging	ObjectBelonging	1	8.3.27
Language	http://v8.1c.ru/8.3/MDClasses	Synonym	LocalStringMapEntry	1	8.3.27
Language	http://v8.1c.ru/8.3/MDClasses	Uuid	Uuid	0	8.3.27
Line		Gap	EBoolean	0	8.3.27
Line		Style	Value	0	8.3.27
Line		Width	EInt	0	8.3.27
LineValue		Value	Line	0	8.3.27
LocalStringMapEntry		Key	EString	0	8.3.27
LocalStringMapEntry		Value	EString	0	8.3.27
MdObjectReferenceTypeDescription		BinaryQualifiers	BinaryQualifiers	0	8.3.27
MdObjectReferenceTypeDescription		DateQualifiers	DateQualifiers	0	8.3.27
MdObjectReferenceTypeDescription		NumberQualifiers	NumberQualifiers	0	8.3.27
MdObjectReferenceTypeDescription		StringQualifiers	StringQualifiers	0	8.3.27
MdObjectReferenceTypeDescription		Types	TypeItem	0	8.3.27
MdObjectReferenceTypeDescription	http://v8.1c.ru/8.3/MDClasses	MdObject	EObject	0	8.3.27
MdPicture		Glyph	Point	0	8.3.27
MdPicture		TransparentPixel	Point	0	8.3.27
Method		Code	EInt	0	8.3.27
Method		CompatibilityMode	EString	0	8.3.27
Method		DeprecatedSince	EString	0	8.3.27
Method		Environments	Environments	0	8.3.27
Method		InterfaceType	InterfaceType	0	8.3.27
Method		Name	EString	0	8.3.27
Method		NameRu	EString	0	8.3.27
Method		ParamSet	ParamSet	0	8.3.27
Method		ReplacedBy	EString	0	8.3.27
Method		RetVal	EBoolean	0	8.3.27
Method		RetValType	TypeItem	0	8.3.27
Method	http://v8.1c.ru/8.3/MDClasses	Comment	EString	1	8.3.27
Method	http://v8.1c.ru/8.3/MDClasses	ExtendedConfigurationObject	Uuid	1	8.3.27
Method	http://v8.1c.ru/8.3/MDClasses	Extension	ObjectExtension	0	8.3.27
Method	http://v8.1c.ru/8.3/MDClasses	HTTPMethod	HTTPMethod	1	8.3.27
Method	http://v8.1c.ru/8.3/MDClasses	Handler	EString	1	8.3.27
Method	http://v8.1c.ru/8.3/MDClasses	Name	EString	1	8.3.27
Method	http://v8.1c.ru/8.3/MDClasses	ObjectBelonging	ObjectBelonging	1	8.3.27
Method	http://v8.1c.ru/8.3/MDClasses	Synonym	LocalStringMapEntry	1	8.3.27
Method	http://v8.1c.ru/8.3/MDClasses	Uuid	Uuid	0	8.3.27
MobileApplicationUrl		BaseUrl	EString	0	8.3.27
MobileApplicationUrl		UseAndroid	EBoolean	0	8.3.27
MobileApplicationUrl		UseIOS	EBoolean	0	8.3.27
MobileApplicationUrl		UseWindows	EBoolean	0	8.3.27
MobileClientDigestData	http://v8.1c.ru/8.3/MDClasses	Name	EString	0	8.3.27
MobileClientDigestData	http://v8.1c.ru/8.3/MDClasses	Uuid	Uuid	0	8.3.27
MobileClientDigestTypes	http://v8.1c.ru/8.3/MDClasses	McdEnums	MobileClientDigestData	0	8.3.27
MobileClientDigestTypes	http://v8.1c.ru/8.3/MDClasses	McdInfoRegKeys	MobileClientDigestData	0	8.3.27
MobileClientDigestTypes	http://v8.1c.ru/8.3/MDClasses	McdRefs	MobileClientDigestData	0	8.3.27
MobileClientDigestTypes	http://v8.1c.ru/8.3/MDClasses	McdRegKeys	MobileClientDigestData	0	8.3.27
MobileClientSign	http://v8.1c.ru/8.3/MDClasses	Digest	EString	0	8.3.27
MobileClientSign	http://v8.1c.ru/8.3/MDClasses	DigestTypes	MobileClientDigestTypes	0	8.3.27
MobileClientSign	http://v8.1c.ru/8.3/MDClasses	PublicKey	EString	0	8.3.27
NumberQualifiers		NonNegative	EBoolean	0	8.3.27
NumberQualifiers		Precision	EInt	0	8.3.27
NumberQualifiers		Scale	EInt	0	8.3.27
NumberValue		Value	EBigDecimal	0	8.3.27
Operation	http://v8.1c.ru/8.3/MDClasses	Comment	EString	1	8.3.27
Operation	http://v8.1c.ru/8.3/MDClasses	DataLockControlMode	DefaultDataLockControlMode	1	8.3.27
Operation	http://v8.1c.ru/8.3/MDClasses	ExtendedConfigurationObject	Uuid	1	8.3.27
Operation	http://v8.1c.ru/8.3/MDClasses	Extension	ObjectExtension	0	8.3.27
Operation	http://v8.1c.ru/8.3/MDClasses	Name	EString	1	8.3.27
Operation	http://v8.1c.ru/8.3/MDClasses	Nillable	EBoolean	1	8.3.27
Operation	http://v8.1c.ru/8.3/MDClasses	ObjectBelonging	ObjectBelonging	1	8.3.27
Operation	http://v8.1c.ru/8.3/MDClasses	Parameter	Parameter	0	8.3.27
Operation	http://v8.1c.ru/8.3/MDClasses	ProcedureName	EString	1	8.3.27
Operation	http://v8.1c.ru/8.3/MDClasses	Synonym	LocalStringMapEntry	1	8.3.27
Operation	http://v8.1c.ru/8.3/MDClasses	Transactioned	EBoolean	1	8.3.27
Operation	http://v8.1c.ru/8.3/MDClasses	Uuid	Uuid	0	8.3.27
Operation	http://v8.1c.ru/8.3/MDClasses	XDTOReturningValueType	QName	1	8.3.27
PaletteColor		Color	Color	0	8.3.27
PaletteColor		Name	EString	0	8.3.27
PaletteColor	http://v8.1c.ru/8.3/MDClasses	Color	Color	1	8.3.27
PaletteColor	http://v8.1c.ru/8.3/MDClasses	Comment	EString	1	8.3.27
PaletteColor	http://v8.1c.ru/8.3/MDClasses	ExtendedConfigurationObject	Uuid	1	8.3.27
PaletteColor	http://v8.1c.ru/8.3/MDClasses	Extension	ObjectExtension	0	8.3.27
PaletteColor	http://v8.1c.ru/8.3/MDClasses	Name	EString	1	8.3.27
PaletteColor	http://v8.1c.ru/8.3/MDClasses	ObjectBelonging	ObjectBelonging	1	8.3.27
PaletteColor	http://v8.1c.ru/8.3/MDClasses	Synonym	LocalStringMapEntry	1	8.3.27
PaletteColor	http://v8.1c.ru/8.3/MDClasses	Uuid	Uuid	0	8.3.27
ParamSet		Code	EInt	0	8.3.27
ParamSet		MaxParams	EInt	0	8.3.27
ParamSet		MinParams	EInt	0	8.3.27
ParamSet		Params	Parameter	0	8.3.27
ParamSet		ServerRequest	ServerRequest	0	8.3.27
Parameter		Code	EInt	0	8.3.27
Parameter		CompatibilityMode	EString	0	8.3.27
Parameter		DefaultValue	EBoolean	0	8.3.27
Parameter		DeprecatedSince	EString	0	8.3.27
Parameter		Name	EString	0	8.3.27
Parameter		NameRu	EString	0	8.3.27
Parameter		Out	EBoolean	0	8.3.27
Parameter		ReplacedBy	EString	0	8.3.27
Parameter		Type	TypeItem	0	8.3.27
Parameter	http://v8.1c.ru/8.3/MDClasses	Comment	EString	1	8.3.27
Parameter	http://v8.1c.ru/8.3/MDClasses	ExtendedConfigurationObject	Uuid	1	8.3.27
Parameter	http://v8.1c.ru/8.3/MDClasses	Extension	ObjectExtension	0	8.3.27
Parameter	http://v8.1c.ru/8.3/MDClasses	Name	EString	1	8.3.27
Parameter	http://v8.1c.ru/8.3/MDClasses	Nillable	EBoolean	1	8.3.27
Parameter	http://v8.1c.ru/8.3/MDClasses	ObjectBelonging	ObjectBelonging	1	8.3.27
Parameter	http://v8.1c.ru/8.3/MDClasses	Synonym	LocalStringMapEntry	1	8.3.27
Parameter	http://v8.1c.ru/8.3/MDClasses	TransferDirection	TransferDirection	1	8.3.27
Parameter	http://v8.1c.ru/8.3/MDClasses	Uuid	Uuid	0	8.3.27
Parameter	http://v8.1c.ru/8.3/MDClasses	XDTOValueType	QName	1	8.3.27
PictureRef		Picture	Picture	0	8.3.27
Point		X	EInt	0	8.3.27
Point		Y	EInt	0	8.3.27
PromiseType		Code	EInt	0	8.3.27
PromiseType		CollectionElementTypes	TypeContainer	0	8.3.27
PromiseType		CompatibilityMode	EString	0	8.3.27
PromiseType		CompositeId	CompositeId	0	8.3.27
PromiseType		ContextDef	ContextDef	0	8.3.27
PromiseType		CreatedByNewOperator	EBoolean	0	8.3.27
PromiseType		Ctors	Ctor	0	8.3.27
PromiseType		DeprecatedSince	EString	0	8.3.27
PromiseType		Environments	Environments	0	8.3.27
PromiseType		Events	Event	0	8.3.27
PromiseType		ExchangeWithServer	EBoolean	0	8.3.27
PromiseType		IndexAccessible	EBoolean	0	8.3.27
PromiseType		InterfaceType	InterfaceType	0	8.3.27
PromiseType		Iterable	EBoolean	0	8.3.27
PromiseType		Name	EString	0	8.3.27
PromiseType		NameRu	EString	0	8.3.27
PromiseType		ParentType	TypeItem	0	8.3.27
PromiseType		ReplacedBy	EString	0	8.3.27
PromiseType		SysEnum	EBoolean	0	8.3.27
PromiseType		WrapTypes	TypeContainer	0	8.3.27
Property		Code	EInt	0	8.3.27
Property		CompatibilityMode	EString	0	8.3.27
Property		DependsOnMetadata	EBoolean	0	8.3.27
Property		DeprecatedSince	EString	0	8.3.27
Property		Environments	Environments	0	8.3.27
Property		InterfaceType	InterfaceType	0	8.3.27
Property		Name	EString	0	8.3.27
Property		NameRu	EString	0	8.3.27
Property		Readable	EBoolean	0	8.3.27
Property		ReplacedBy	EString	0	8.3.27
Property		ServerRequest	ServerRequest	0	8.3.27
Property		TypeContainer	TypeContainer	0	8.3.27
Property		Writable	EBoolean	0	8.3.27
QName		Name	EString	0	8.3.27
QName		NsUri	EString	0	8.3.27
Recalculation	http://v8.1c.ru/8.3/MDClasses	Comment	EString	1	8.3.27
Recalculation	http://v8.1c.ru/8.3/MDClasses	DataLockControlMode	DefaultDataLockControlMode	1	8.3.27
Recalculation	http://v8.1c.ru/8.3/MDClasses	Dimension	RecalculationDimension	0	8.3.27
Recalculation	http://v8.1c.ru/8.3/MDClasses	ExtendedConfigurationObject	Uuid	1	8.3.27
Recalculation	http://v8.1c.ru/8.3/MDClasses	Extension	ObjectExtension	0	8.3.27
Recalculation	http://v8.1c.ru/8.3/MDClasses	Name	EString	1	8.3.27
Recalculation	http://v8.1c.ru/8.3/MDClasses	ObjectBelonging	ObjectBelonging	1	8.3.27
Recalculation	http://v8.1c.ru/8.3/MDClasses	ProducedTypes	RecalculationTypes	0	8.3.27
Recalculation	http://v8.1c.ru/8.3/MDClasses	Synonym	LocalStringMapEntry	1	8.3.27
Recalculation	http://v8.1c.ru/8.3/MDClasses	Uuid	Uuid	0	8.3.27
RecalculationDimension	http://v8.1c.ru/8.3/MDClasses	Comment	EString	1	8.3.27
RecalculationDimension	http://v8.1c.ru/8.3/MDClasses	ExtendedConfigurationObject	Uuid	1	8.3.27
RecalculationDimension	http://v8.1c.ru/8.3/MDClasses	Extension	ObjectExtension	0	8.3.27
RecalculationDimension	http://v8.1c.ru/8.3/MDClasses	LeadingRegisterData	BasicFeature	1	8.3.27
RecalculationDimension	http://v8.1c.ru/8.3/MDClasses	Name	EString	1	8.3.27
RecalculationDimension	http://v8.1c.ru/8.3/MDClasses	ObjectBelonging	ObjectBelonging	1	8.3.27
RecalculationDimension	http://v8.1c.ru/8.3/MDClasses	RegisterDimension	CalculationRegisterDimension	1	8.3.27
RecalculationDimension	http://v8.1c.ru/8.3/MDClasses	Synonym	LocalStringMapEntry	1	8.3.27
RecalculationDimension	http://v8.1c.ru/8.3/MDClasses	Uuid	Uuid	0	8.3.27
RefContextDelegatingContextDef		Environments	Environments	0	8.3.27
RefContextDelegatingContextDef		Methods	Method	0	8.3.27
RefContextDelegatingContextDef		Properties	Property	0	8.3.27
RefContextDelegatingContextDef		RefContextDefs	ContextDef	0	8.3.27
ReferenceValue		Value	EObject	0	8.3.27
Report	http://v8.1c.ru/8.3/MDClasses	Attribute	ReportAttribute	0	8.3.27
Report	http://v8.1c.ru/8.3/MDClasses	AuxiliaryForm	BasicForm	1	8.3.27
Report	http://v8.1c.ru/8.3/MDClasses	AuxiliarySettingsForm	BasicForm	1	8.3.27
Report	http://v8.1c.ru/8.3/MDClasses	AuxiliaryVariantForm	BasicForm	1	8.5.1
Report	http://v8.1c.ru/8.3/MDClasses	Command	ReportCommand	0	8.3.27
Report	http://v8.1c.ru/8.3/MDClasses	Comment	EString	1	8.3.27
Report	http://v8.1c.ru/8.3/MDClasses	DefaultForm	BasicForm	1	8.3.27
Report	http://v8.1c.ru/8.3/MDClasses	DefaultSettingsForm	BasicForm	1	8.3.27
Report	http://v8.1c.ru/8.3/MDClasses	DefaultVariantForm	BasicForm	1	8.3.27
Report	http://v8.1c.ru/8.3/MDClasses	Explanation	LocalStringMapEntry	1	8.3.27
Report	http://v8.1c.ru/8.3/MDClasses	ExtendedConfigurationObject	Uuid	1	8.3.27
Report	http://v8.1c.ru/8.3/MDClasses	ExtendedPresentation	LocalStringMapEntry	1	8.3.27
Report	http://v8.1c.ru/8.3/MDClasses	Extension	ObjectExtension	0	8.3.27
Report	http://v8.1c.ru/8.3/MDClasses	Form	ReportForm	0	8.3.27
Report	http://v8.1c.ru/8.3/MDClasses	Help	Help	1	8.3.27
Report	http://v8.1c.ru/8.3/MDClasses	IncludeHelpInContents	EBoolean	1	8.3.27
Report	http://v8.1c.ru/8.3/MDClasses	MainDataCompositionSchema	BasicTemplate	1	8.3.27
Report	http://v8.1c.ru/8.3/MDClasses	Name	EString	1	8.3.27
Report	http://v8.1c.ru/8.3/MDClasses	ObjectBelonging	ObjectBelonging	1	8.3.27
Report	http://v8.1c.ru/8.3/MDClasses	ProducedTypes	ReportTypes	0	8.3.27
Report	http://v8.1c.ru/8.3/MDClasses	SettingsStorage	SettingsStorage	1	8.3.27
Report	http://v8.1c.ru/8.3/MDClasses	Synonym	LocalStringMapEntry	1	8.3.27
Report	http://v8.1c.ru/8.3/MDClasses	TabularSection	ReportTabularSection	0	8.3.27
Report	http://v8.1c.ru/8.3/MDClasses	Template	Template	0	8.3.27
Report	http://v8.1c.ru/8.3/MDClasses	UseStandardCommands	EBoolean	1	8.3.27
Report	http://v8.1c.ru/8.3/MDClasses	Uuid	Uuid	0	8.3.27
Report	http://v8.1c.ru/8.3/MDClasses	VariantsStorage	SettingsStorage	1	8.3.27
ReportAttribute	http://v8.1c.ru/8.3/MDClasses	ChoiceFoldersAndItems	FoldersAndItemsUse	1	8.3.27
ReportAttribute	http://v8.1c.ru/8.3/MDClasses	ChoiceForm	BasicForm	1	8.3.27
ReportAttribute	http://v8.1c.ru/8.3/MDClasses	ChoiceHistoryOnInput	ChoiceHistoryOnInput	1	8.3.27
ReportAttribute	http://v8.1c.ru/8.3/MDClasses	ChoiceParameterLinks	ChoiceParameterLink	1	8.3.27
ReportAttribute	http://v8.1c.ru/8.3/MDClasses	ChoiceParameters	ChoiceParameter	1	8.3.27
ReportAttribute	http://v8.1c.ru/8.3/MDClasses	Comment	EString	1	8.3.27
ReportAttribute	http://v8.1c.ru/8.3/MDClasses	CreateOnInput	CreateOnInput	1	8.3.27
ReportAttribute	http://v8.1c.ru/8.3/MDClasses	EditFormat	LocalStringMapEntry	1	8.3.27
ReportAttribute	http://v8.1c.ru/8.3/MDClasses	ExtendedConfigurationObject	Uuid	1	8.3.27
ReportAttribute	http://v8.1c.ru/8.3/MDClasses	ExtendedEdit	EBoolean	1	8.3.27
ReportAttribute	http://v8.1c.ru/8.3/MDClasses	Extension	ObjectExtension	0	8.3.27
ReportAttribute	http://v8.1c.ru/8.3/MDClasses	FillChecking	FillChecking	1	8.3.27
ReportAttribute	http://v8.1c.ru/8.3/MDClasses	Format	LocalStringMapEntry	1	8.3.27
ReportAttribute	http://v8.1c.ru/8.3/MDClasses	LinkByType	TypeLink	1	8.3.27
ReportAttribute	http://v8.1c.ru/8.3/MDClasses	MarkNegatives	EBoolean	1	8.3.27
ReportAttribute	http://v8.1c.ru/8.3/MDClasses	Mask	EString	1	8.3.27
ReportAttribute	http://v8.1c.ru/8.3/MDClasses	MaxValue	Value	1	8.3.27
ReportAttribute	http://v8.1c.ru/8.3/MDClasses	MinValue	Value	1	8.3.27
ReportAttribute	http://v8.1c.ru/8.3/MDClasses	MultiLine	EBoolean	1	8.3.27
ReportAttribute	http://v8.1c.ru/8.3/MDClasses	Name	EString	1	8.3.27
ReportAttribute	http://v8.1c.ru/8.3/MDClasses	ObjectBelonging	ObjectBelonging	1	8.3.27
ReportAttribute	http://v8.1c.ru/8.3/MDClasses	PasswordMode	EBoolean	1	8.3.27
ReportAttribute	http://v8.1c.ru/8.3/MDClasses	QuickChoice	UseQuickChoice	1	8.3.27
ReportAttribute	http://v8.1c.ru/8.3/MDClasses	Synonym	LocalStringMapEntry	1	8.3.27
ReportAttribute	http://v8.1c.ru/8.3/MDClasses	ToolTip	LocalStringMapEntry	1	8.3.27
ReportAttribute	http://v8.1c.ru/8.3/MDClasses	Type	TypeDescription	1	8.3.27
ReportAttribute	http://v8.1c.ru/8.3/MDClasses	Uuid	Uuid	0	8.3.27
ReportCommand	http://v8.1c.ru/8.3/MDClasses	CommandParameterType	TypeDescription	1	8.3.27
ReportCommand	http://v8.1c.ru/8.3/MDClasses	Comment	EString	1	8.3.27
ReportCommand	http://v8.1c.ru/8.3/MDClasses	ExtendedConfigurationObject	Uuid	1	8.3.27
ReportCommand	http://v8.1c.ru/8.3/MDClasses	Extension	ObjectExtension	0	8.3.27
ReportCommand	http://v8.1c.ru/8.3/MDClasses	Group	CommandGroup	1	8.3.27
ReportCommand	http://v8.1c.ru/8.3/MDClasses	ModifiesData	EBoolean	1	8.3.27
ReportCommand	http://v8.1c.ru/8.3/MDClasses	Name	EString	1	8.3.27
ReportCommand	http://v8.1c.ru/8.3/MDClasses	ObjectBelonging	ObjectBelonging	1	8.3.27
ReportCommand	http://v8.1c.ru/8.3/MDClasses	OnMainServerUnavalableBehavior	OnMainServerUnavalableBehavior	1	8.3.27
ReportCommand	http://v8.1c.ru/8.3/MDClasses	ParameterUseMode	CommandParameterUseMode	1	8.3.27
ReportCommand	http://v8.1c.ru/8.3/MDClasses	Picture	Picture	1	8.3.27
ReportCommand	http://v8.1c.ru/8.3/MDClasses	Representation	ButtonRepresentation	1	8.3.27
ReportCommand	http://v8.1c.ru/8.3/MDClasses	Shortcut	Shortcut	1	8.3.27
ReportCommand	http://v8.1c.ru/8.3/MDClasses	Synonym	LocalStringMapEntry	1	8.3.27
ReportCommand	http://v8.1c.ru/8.3/MDClasses	ToolTip	LocalStringMapEntry	1	8.3.27
ReportCommand	http://v8.1c.ru/8.3/MDClasses	Uuid	Uuid	0	8.3.27
ReportForm	http://v8.1c.ru/8.3/MDClasses	Comment	EString	1	8.3.27
ReportForm	http://v8.1c.ru/8.3/MDClasses	ExtendedConfigurationObject	Uuid	1	8.3.27
ReportForm	http://v8.1c.ru/8.3/MDClasses	ExtendedPresentation	LocalStringMapEntry	1	8.3.27
ReportForm	http://v8.1c.ru/8.3/MDClasses	Extension	ObjectExtension	0	8.3.27
ReportForm	http://v8.1c.ru/8.3/MDClasses	FormType	FormType	1	8.3.27
ReportForm	http://v8.1c.ru/8.3/MDClasses	Help	Help	1	8.3.27
ReportForm	http://v8.1c.ru/8.3/MDClasses	IncludeHelpInContents	EBoolean	1	8.3.27
ReportForm	http://v8.1c.ru/8.3/MDClasses	Name	EString	1	8.3.27
ReportForm	http://v8.1c.ru/8.3/MDClasses	ObjectBelonging	ObjectBelonging	1	8.3.27
ReportForm	http://v8.1c.ru/8.3/MDClasses	Synonym	LocalStringMapEntry	1	8.3.27
ReportForm	http://v8.1c.ru/8.3/MDClasses	UseInInterfaceCompatibilityMode	FormPreferableInterface	1	8.5.1
ReportForm	http://v8.1c.ru/8.3/MDClasses	UsePurposes	ApplicationUsePurpose	1	8.3.27
ReportForm	http://v8.1c.ru/8.3/MDClasses	Uuid	Uuid	0	8.3.27
ReportTabularSection	http://v8.1c.ru/8.3/MDClasses	Attribute	ReportTabularSectionAttribute	0	8.3.27
ReportTabularSection	http://v8.1c.ru/8.3/MDClasses	Comment	EString	1	8.3.27
ReportTabularSection	http://v8.1c.ru/8.3/MDClasses	ExtendedConfigurationObject	Uuid	1	8.3.27
ReportTabularSection	http://v8.1c.ru/8.3/MDClasses	Extension	ObjectExtension	0	8.3.27
ReportTabularSection	http://v8.1c.ru/8.3/MDClasses	FillChecking	FillChecking	1	8.3.27
ReportTabularSection	http://v8.1c.ru/8.3/MDClasses	Name	EString	1	8.3.27
ReportTabularSection	http://v8.1c.ru/8.3/MDClasses	ObjectBelonging	ObjectBelonging	1	8.3.27
ReportTabularSection	http://v8.1c.ru/8.3/MDClasses	ProducedTypes	TabularSectionTypes	0	8.3.27
ReportTabularSection	http://v8.1c.ru/8.3/MDClasses	StandardAttributes	StandardAttribute	1	8.3.27
ReportTabularSection	http://v8.1c.ru/8.3/MDClasses	Synonym	LocalStringMapEntry	1	8.3.27
ReportTabularSection	http://v8.1c.ru/8.3/MDClasses	ToolTip	LocalStringMapEntry	1	8.3.27
ReportTabularSection	http://v8.1c.ru/8.3/MDClasses	Uuid	Uuid	0	8.3.27
ReportTabularSectionAttribute	http://v8.1c.ru/8.3/MDClasses	ChoiceFoldersAndItems	FoldersAndItemsUse	1	8.3.27
ReportTabularSectionAttribute	http://v8.1c.ru/8.3/MDClasses	ChoiceForm	BasicForm	1	8.3.27
ReportTabularSectionAttribute	http://v8.1c.ru/8.3/MDClasses	ChoiceHistoryOnInput	ChoiceHistoryOnInput	1	8.3.27
ReportTabularSectionAttribute	http://v8.1c.ru/8.3/MDClasses	ChoiceParameterLinks	ChoiceParameterLink	1	8.3.27
ReportTabularSectionAttribute	http://v8.1c.ru/8.3/MDClasses	ChoiceParameters	ChoiceParameter	1	8.3.27
ReportTabularSectionAttribute	http://v8.1c.ru/8.3/MDClasses	Comment	EString	1	8.3.27
ReportTabularSectionAttribute	http://v8.1c.ru/8.3/MDClasses	CreateOnInput	CreateOnInput	1	8.3.27
ReportTabularSectionAttribute	http://v8.1c.ru/8.3/MDClasses	EditFormat	LocalStringMapEntry	1	8.3.27
ReportTabularSectionAttribute	http://v8.1c.ru/8.3/MDClasses	ExtendedConfigurationObject	Uuid	1	8.3.27
ReportTabularSectionAttribute	http://v8.1c.ru/8.3/MDClasses	ExtendedEdit	EBoolean	1	8.3.27
ReportTabularSectionAttribute	http://v8.1c.ru/8.3/MDClasses	Extension	ObjectExtension	0	8.3.27
ReportTabularSectionAttribute	http://v8.1c.ru/8.3/MDClasses	FillChecking	FillChecking	1	8.3.27
ReportTabularSectionAttribute	http://v8.1c.ru/8.3/MDClasses	FillFromFillingValue	EBoolean	1	8.3.27
ReportTabularSectionAttribute	http://v8.1c.ru/8.3/MDClasses	FillValue	Value	1	8.3.27
ReportTabularSectionAttribute	http://v8.1c.ru/8.3/MDClasses	Format	LocalStringMapEntry	1	8.3.27
ReportTabularSectionAttribute	http://v8.1c.ru/8.3/MDClasses	LinkByType	TypeLink	1	8.3.27
ReportTabularSectionAttribute	http://v8.1c.ru/8.3/MDClasses	MarkNegatives	EBoolean	1	8.3.27
ReportTabularSectionAttribute	http://v8.1c.ru/8.3/MDClasses	Mask	EString	1	8.3.27
ReportTabularSectionAttribute	http://v8.1c.ru/8.3/MDClasses	MaxValue	Value	1	8.3.27
ReportTabularSectionAttribute	http://v8.1c.ru/8.3/MDClasses	MinValue	Value	1	8.3.27
ReportTabularSectionAttribute	http://v8.1c.ru/8.3/MDClasses	MultiLine	EBoolean	1	8.3.27
ReportTabularSectionAttribute	http://v8.1c.ru/8.3/MDClasses	Name	EString	1	8.3.27
ReportTabularSectionAttribute	http://v8.1c.ru/8.3/MDClasses	ObjectBelonging	ObjectBelonging	1	8.3.27
ReportTabularSectionAttribute	http://v8.1c.ru/8.3/MDClasses	PasswordMode	EBoolean	1	8.3.27
ReportTabularSectionAttribute	http://v8.1c.ru/8.3/MDClasses	QuickChoice	UseQuickChoice	1	8.3.27
ReportTabularSectionAttribute	http://v8.1c.ru/8.3/MDClasses	Synonym	LocalStringMapEntry	1	8.3.27
ReportTabularSectionAttribute	http://v8.1c.ru/8.3/MDClasses	ToolTip	LocalStringMapEntry	1	8.3.27
ReportTabularSectionAttribute	http://v8.1c.ru/8.3/MDClasses	Type	TypeDescription	1	8.3.27
ReportTabularSectionAttribute	http://v8.1c.ru/8.3/MDClasses	Uuid	Uuid	0	8.3.27
RequiredPermission		Permission	RequiredMobileApplicationPermissions	0	8.3.27
RequiredPermission		Use	EBoolean	0	8.3.27
RequiredPermission	http://v8.1c.ru/8.2/managed-application/core	description	LocalStringMapEntry	0	8.3.27
RequiredPermissionMessage		Permission	RequiredMobileApplicationPermissionMessages	0	8.3.27
RequiredPermissionMessage	http://v8.1c.ru/8.2/managed-application/core	description	LocalStringMapEntry	0	8.3.27
Resource	http://v8.1c.ru/8.3/MDClasses	ChoiceForm	BasicForm	1	8.3.27
Resource	http://v8.1c.ru/8.3/MDClasses	ChoiceParameterLinks	ChoiceParameterLink	1	8.3.27
Resource	http://v8.1c.ru/8.3/MDClasses	ChoiceParameters	ChoiceParameter	1	8.3.27
Resource	http://v8.1c.ru/8.3/MDClasses	Comment	EString	1	8.3.27
Resource	http://v8.1c.ru/8.3/MDClasses	EditFormat	LocalStringMapEntry	1	8.3.27
Resource	http://v8.1c.ru/8.3/MDClasses	ExtendedConfigurationObject	Uuid	1	8.3.27
Resource	http://v8.1c.ru/8.3/MDClasses	ExtendedEdit	EBoolean	1	8.3.27
Resource	http://v8.1c.ru/8.3/MDClasses	Extension	ObjectExtension	0	8.3.27
Resource	http://v8.1c.ru/8.3/MDClasses	Format	LocalStringMapEntry	1	8.3.27
Resource	http://v8.1c.ru/8.3/MDClasses	MarkNegatives	EBoolean	1	8.3.27
Resource	http://v8.1c.ru/8.3/MDClasses	Mask	EString	1	8.3.27
Resource	http://v8.1c.ru/8.3/MDClasses	MultiLine	EBoolean	1	8.3.27
Resource	http://v8.1c.ru/8.3/MDClasses	Name	EString	1	8.3.27
Resource	http://v8.1c.ru/8.3/MDClasses	NameInDataSource	EString	1	8.3.27
Resource	http://v8.1c.ru/8.3/MDClasses	ObjectBelonging	ObjectBelonging	1	8.3.27
Resource	http://v8.1c.ru/8.3/MDClasses	PasswordMode	EBoolean	1	8.3.27
Resource	http://v8.1c.ru/8.3/MDClasses	QuickChoice	UseQuickChoice	1	8.3.27
Resource	http://v8.1c.ru/8.3/MDClasses	Synonym	LocalStringMapEntry	1	8.3.27
Resource	http://v8.1c.ru/8.3/MDClasses	ToolTip	LocalStringMapEntry	1	8.3.27
Resource	http://v8.1c.ru/8.3/MDClasses	Type	TypeDescription	1	8.3.27
Resource	http://v8.1c.ru/8.3/MDClasses	Uuid	Uuid	0	8.3.27
Role	http://v8.1c.ru/8.3/MDClasses	Comment	EString	1	8.3.27
Role	http://v8.1c.ru/8.3/MDClasses	ExtendedConfigurationObject	Uuid	1	8.3.27
Role	http://v8.1c.ru/8.3/MDClasses	Extension	ObjectExtension	0	8.3.27
Role	http://v8.1c.ru/8.3/MDClasses	Name	EString	1	8.3.27
Role	http://v8.1c.ru/8.3/MDClasses	ObjectBelonging	ObjectBelonging	1	8.3.27
Role	http://v8.1c.ru/8.3/MDClasses	Synonym	LocalStringMapEntry	1	8.3.27
Role	http://v8.1c.ru/8.3/MDClasses	Uuid	Uuid	0	8.3.27
RuntimeValue		Attributes	LocalStringMapEntry	0	8.3.27
RuntimeValue		Content	EString	0	8.3.27
RuntimeValue		NsUri	EString	0	8.3.27
RuntimeValue		Prefix	EString	0	8.3.27
RuntimeValue		TypeName	EString	0	8.3.27
ScheduledJob	http://v8.1c.ru/8.3/MDClasses	Comment	EString	1	8.3.27
ScheduledJob	http://v8.1c.ru/8.3/MDClasses	Description	EString	1	8.3.27
ScheduledJob	http://v8.1c.ru/8.3/MDClasses	ExtendedConfigurationObject	Uuid	1	8.3.27
ScheduledJob	http://v8.1c.ru/8.3/MDClasses	Extension	ObjectExtension	0	8.3.27
ScheduledJob	http://v8.1c.ru/8.3/MDClasses	Key	EString	1	8.3.27
ScheduledJob	http://v8.1c.ru/8.3/MDClasses	MethodName	EString	1	8.3.27
ScheduledJob	http://v8.1c.ru/8.3/MDClasses	Name	EString	1	8.3.27
ScheduledJob	http://v8.1c.ru/8.3/MDClasses	ObjectBelonging	ObjectBelonging	1	8.3.27
ScheduledJob	http://v8.1c.ru/8.3/MDClasses	Predefined	EBoolean	1	8.3.27
ScheduledJob	http://v8.1c.ru/8.3/MDClasses	RestartCountOnFailure	EInt	1	8.3.27
ScheduledJob	http://v8.1c.ru/8.3/MDClasses	RestartIntervalOnFailure	EInt	1	8.3.27
ScheduledJob	http://v8.1c.ru/8.3/MDClasses	Synonym	LocalStringMapEntry	1	8.3.27
ScheduledJob	http://v8.1c.ru/8.3/MDClasses	Use	EBoolean	1	8.3.27
ScheduledJob	http://v8.1c.ru/8.3/MDClasses	Uuid	Uuid	0	8.3.27
Sequence	http://v8.1c.ru/8.3/MDClasses	Comment	EString	1	8.3.27
Sequence	http://v8.1c.ru/8.3/MDClasses	DataLockControlMode	DefaultDataLockControlMode	1	8.3.27
Sequence	http://v8.1c.ru/8.3/MDClasses	Dimension	SequenceDimension	0	8.3.27
Sequence	http://v8.1c.ru/8.3/MDClasses	Documents	Document	1	8.3.27
Sequence	http://v8.1c.ru/8.3/MDClasses	ExtendedConfigurationObject	Uuid	1	8.3.27
Sequence	http://v8.1c.ru/8.3/MDClasses	Extension	ObjectExtension	0	8.3.27
Sequence	http://v8.1c.ru/8.3/MDClasses	MoveBoundaryOnPosting	MoveBoundaryOnPosting	1	8.3.27
Sequence	http://v8.1c.ru/8.3/MDClasses	Name	EString	1	8.3.27
Sequence	http://v8.1c.ru/8.3/MDClasses	ObjectBelonging	ObjectBelonging	1	8.3.27
Sequence	http://v8.1c.ru/8.3/MDClasses	ProducedTypes	SequenceTypes	0	8.3.27
Sequence	http://v8.1c.ru/8.3/MDClasses	RegisterRecords	BasicRegister	1	8.3.27
Sequence	http://v8.1c.ru/8.3/MDClasses	Synonym	LocalStringMapEntry	1	8.3.27
Sequence	http://v8.1c.ru/8.3/MDClasses	Uuid	Uuid	0	8.3.27
SequenceDimension	http://v8.1c.ru/8.3/MDClasses	Comment	EString	1	8.3.27
SequenceDimension	http://v8.1c.ru/8.3/MDClasses	DocumentMap	BasicFeature	1	8.3.27
SequenceDimension	http://v8.1c.ru/8.3/MDClasses	ExtendedConfigurationObject	Uuid	1	8.3.27
SequenceDimension	http://v8.1c.ru/8.3/MDClasses	Extension	ObjectExtension	0	8.3.27
SequenceDimension	http://v8.1c.ru/8.3/MDClasses	Name	EString	1	8.3.27
SequenceDimension	http://v8.1c.ru/8.3/MDClasses	ObjectBelonging	ObjectBelonging	1	8.3.27
SequenceDimension	http://v8.1c.ru/8.3/MDClasses	RegisterRecordsMap	BasicFeature	1	8.3.27
SequenceDimension	http://v8.1c.ru/8.3/MDClasses	Synonym	LocalStringMapEntry	1	8.3.27
SequenceDimension	http://v8.1c.ru/8.3/MDClasses	Type	TypeDescription	1	8.3.27
SequenceDimension	http://v8.1c.ru/8.3/MDClasses	Uuid	Uuid	0	8.3.27
SessionParameter	http://v8.1c.ru/8.3/MDClasses	Comment	EString	1	8.3.27
SessionParameter	http://v8.1c.ru/8.3/MDClasses	ExtendedConfigurationObject	Uuid	1	8.3.27
SessionParameter	http://v8.1c.ru/8.3/MDClasses	Extension	ObjectExtension	0	8.3.27
SessionParameter	http://v8.1c.ru/8.3/MDClasses	Name	EString	1	8.3.27
SessionParameter	http://v8.1c.ru/8.3/MDClasses	ObjectBelonging	ObjectBelonging	1	8.3.27
SessionParameter	http://v8.1c.ru/8.3/MDClasses	Synonym	LocalStringMapEntry	1	8.3.27
SessionParameter	http://v8.1c.ru/8.3/MDClasses	Type	TypeDescription	1	8.3.27
SessionParameter	http://v8.1c.ru/8.3/MDClasses	Uuid	Uuid	0	8.3.27
SettingsStorage	http://v8.1c.ru/8.3/MDClasses	AuxiliaryLoadForm	SettingsStorageForm	1	8.3.27
SettingsStorage	http://v8.1c.ru/8.3/MDClasses	AuxiliarySaveForm	SettingsStorageForm	1	8.3.27
SettingsStorage	http://v8.1c.ru/8.3/MDClasses	Comment	EString	1	8.3.27
SettingsStorage	http://v8.1c.ru/8.3/MDClasses	DefaultLoadForm	SettingsStorageForm	1	8.3.27
SettingsStorage	http://v8.1c.ru/8.3/MDClasses	DefaultSaveForm	SettingsStorageForm	1	8.3.27
SettingsStorage	http://v8.1c.ru/8.3/MDClasses	ExtendedConfigurationObject	Uuid	1	8.3.27
SettingsStorage	http://v8.1c.ru/8.3/MDClasses	Extension	ObjectExtension	0	8.3.27
SettingsStorage	http://v8.1c.ru/8.3/MDClasses	Form	SettingsStorageForm	0	8.3.27
SettingsStorage	http://v8.1c.ru/8.3/MDClasses	Name	EString	1	8.3.27
SettingsStorage	http://v8.1c.ru/8.3/MDClasses	ObjectBelonging	ObjectBelonging	1	8.3.27
SettingsStorage	http://v8.1c.ru/8.3/MDClasses	ProducedTypes	SettingsStorageTypes	0	8.3.27
SettingsStorage	http://v8.1c.ru/8.3/MDClasses	Synonym	LocalStringMapEntry	1	8.3.27
SettingsStorage	http://v8.1c.ru/8.3/MDClasses	Template	Template	0	8.3.27
SettingsStorage	http://v8.1c.ru/8.3/MDClasses	Uuid	Uuid	0	8.3.27
SettingsStorageForm	http://v8.1c.ru/8.3/MDClasses	Comment	EString	1	8.3.27
SettingsStorageForm	http://v8.1c.ru/8.3/MDClasses	ExtendedConfigurationObject	Uuid	1	8.3.27
SettingsStorageForm	http://v8.1c.ru/8.3/MDClasses	Extension	ObjectExtension	0	8.3.27
SettingsStorageForm	http://v8.1c.ru/8.3/MDClasses	FormType	FormType	1	8.3.27
SettingsStorageForm	http://v8.1c.ru/8.3/MDClasses	Help	Help	1	8.3.27
SettingsStorageForm	http://v8.1c.ru/8.3/MDClasses	IncludeHelpInContents	EBoolean	1	8.3.27
SettingsStorageForm	http://v8.1c.ru/8.3/MDClasses	Name	EString	1	8.3.27
SettingsStorageForm	http://v8.1c.ru/8.3/MDClasses	ObjectBelonging	ObjectBelonging	1	8.3.27
SettingsStorageForm	http://v8.1c.ru/8.3/MDClasses	Synonym	LocalStringMapEntry	1	8.3.27
SettingsStorageForm	http://v8.1c.ru/8.3/MDClasses	UseInInterfaceCompatibilityMode	FormPreferableInterface	1	8.5.1
SettingsStorageForm	http://v8.1c.ru/8.3/MDClasses	UsePurposes	ApplicationUsePurpose	1	8.3.27
SettingsStorageForm	http://v8.1c.ru/8.3/MDClasses	Uuid	Uuid	0	8.3.27
SourceReferenceTypeContainer		Types	TypeItem	0	8.3.27
SourceReferenceTypeDescription		BinaryQualifiers	BinaryQualifiers	0	8.3.27
SourceReferenceTypeDescription		DateQualifiers	DateQualifiers	0	8.3.27
SourceReferenceTypeDescription		NumberQualifiers	NumberQualifiers	0	8.3.27
SourceReferenceTypeDescription		StringQualifiers	StringQualifiers	0	8.3.27
SourceReferenceTypeDescription		Types	TypeItem	0	8.3.27
StandardAttribute	http://v8.1c.ru/8.3/MDClasses	DataHistory	DataHistoryUse	1	8.3.27
StandardAttribute	http://v8.1c.ru/8.3/MDClasses	Name	EString	0	8.3.27
StandardAttribute	http://v8.1c.ru/8.3/xcf/readable	ChoiceForm	BasicForm	0	8.3.27
StandardAttribute	http://v8.1c.ru/8.3/xcf/readable	ChoiceHistoryOnInput	ChoiceHistoryOnInput	0	8.3.27
StandardAttribute	http://v8.1c.ru/8.3/xcf/readable	ChoiceParameterLinks	ChoiceParameterLink	0	8.3.27
StandardAttribute	http://v8.1c.ru/8.3/xcf/readable	ChoiceParameters	ChoiceParameter	0	8.3.27
StandardAttribute	http://v8.1c.ru/8.3/xcf/readable	Comment	EString	0	8.3.27
StandardAttribute	http://v8.1c.ru/8.3/xcf/readable	CreateOnInput	CreateOnInput	0	8.3.27
StandardAttribute	http://v8.1c.ru/8.3/xcf/readable	EditFormat	LocalStringMapEntry	0	8.3.27
StandardAttribute	http://v8.1c.ru/8.3/xcf/readable	ExtendedEdit	EBoolean	0	8.3.27
StandardAttribute	http://v8.1c.ru/8.3/xcf/readable	FillChecking	FillChecking	0	8.3.27
StandardAttribute	http://v8.1c.ru/8.3/xcf/readable	FillFromFillingValue	EBoolean	0	8.3.27
StandardAttribute	http://v8.1c.ru/8.3/xcf/readable	FillValue	Value	0	8.3.27
StandardAttribute	http://v8.1c.ru/8.3/xcf/readable	Format	LocalStringMapEntry	0	8.3.27
StandardAttribute	http://v8.1c.ru/8.3/xcf/readable	FullTextSearch	FullTextSearchUsing	0	8.3.27
StandardAttribute	http://v8.1c.ru/8.3/xcf/readable	LinkByType	TypeLink	0	8.3.27
StandardAttribute	http://v8.1c.ru/8.3/xcf/readable	MarkNegatives	EBoolean	0	8.3.27
StandardAttribute	http://v8.1c.ru/8.3/xcf/readable	Mask	EString	0	8.3.27
StandardAttribute	http://v8.1c.ru/8.3/xcf/readable	MaxValue	Value	0	8.3.27
StandardAttribute	http://v8.1c.ru/8.3/xcf/readable	MinValue	Value	0	8.3.27
StandardAttribute	http://v8.1c.ru/8.3/xcf/readable	MultiLine	EBoolean	0	8.3.27
StandardAttribute	http://v8.1c.ru/8.3/xcf/readable	PasswordMode	EBoolean	0	8.3.27
StandardAttribute	http://v8.1c.ru/8.3/xcf/readable	QuickChoice	UseQuickChoice	0	8.3.27
StandardAttribute	http://v8.1c.ru/8.3/xcf/readable	Synonym	LocalStringMapEntry	0	8.3.27
StandardAttribute	http://v8.1c.ru/8.3/xcf/readable	ToolTip	LocalStringMapEntry	0	8.3.27
StandardAttribute	http://v8.1c.ru/8.3/xcf/readable	TypeReductionMode	TypeReductionMode	0	8.3.27
StandardBeginningDate		Date	Date	0	8.3.27
StandardBeginningDate		Variant	StandardBeginningDateVariant	0	8.3.27
StandardBeginningDateValue		Value	StandardBeginningDate	0	8.3.27
StandardCommand		Name	EString	0	8.3.27
StandardCommand		NameRu	EString	0	8.3.27
StandardCommand	http://v8.1c.ru/8.3/MDClasses	CommandParameterType	TypeDescription	0	8.3.27
StandardCommand	http://v8.1c.ru/8.3/MDClasses	Group	CommandGroup	0	8.3.27
StandardCommand	http://v8.1c.ru/8.3/MDClasses	Visible	AdjustableBoolean	0	8.3.27
StandardCommandGroup		Category	CommandGroupCategory	0	8.3.27
StandardCommandGroup		Name	EString	0	8.3.27
StandardCommandGroup		NameRu	EString	0	8.3.27
StandardCommandGroup		Priority	EInt	0	8.3.27
StandardPeriod		EndDate	Date	0	8.3.27
StandardPeriod		StartDate	Date	0	8.3.27
StandardPeriod		Variant	StandardPeriodVariant	0	8.3.27
StandardPeriodValue		Value	StandardPeriod	0	8.3.27
StandardTabularPart		Id	EInt	0	8.3.27
StandardTabularPart		Name	EString	0	8.3.27
StandardTabularPart		NameRu	EString	0	8.3.27
StandardTabularPart		ReadOnly	EBoolean	0	8.3.27
StandardTabularSectionDescription	http://v8.1c.ru/8.3/MDClasses	Name	EString	0	8.3.27
StandardTabularSectionDescription	http://v8.1c.ru/8.3/xcf/readable	Comment	EString	0	8.3.27
StandardTabularSectionDescription	http://v8.1c.ru/8.3/xcf/readable	FillChecking	FillChecking	0	8.3.27
StandardTabularSectionDescription	http://v8.1c.ru/8.3/xcf/readable	StandardAttributes	StandardAttribute	0	8.3.27
StandardTabularSectionDescription	http://v8.1c.ru/8.3/xcf/readable	Synonym	LocalStringMapEntry	0	8.3.27
StandardTabularSectionDescription	http://v8.1c.ru/8.3/xcf/readable	ToolTip	LocalStringMapEntry	0	8.3.27
StringKeyAndValue		Key	EString	0	8.3.27
StringKeyAndValue		Value	EString	0	8.3.27
StringQualifiers		Fixed	EBoolean	0	8.3.27
StringQualifiers		Length	EInt	0	8.3.27
StringValue		Value	EString	0	8.3.27
Structure		Property	StructureProperty	0	8.3.27
StructureProperty		Name	EString	0	8.3.27
StructureProperty		Value	Value	0	8.3.27
Style	http://v8.1c.ru/8.3/MDClasses	Comment	EString	1	8.3.27
Style	http://v8.1c.ru/8.3/MDClasses	ExtendedConfigurationObject	Uuid	1	8.3.27
Style	http://v8.1c.ru/8.3/MDClasses	Extension	ObjectExtension	0	8.3.27
Style	http://v8.1c.ru/8.3/MDClasses	Name	EString	1	8.3.27
Style	http://v8.1c.ru/8.3/MDClasses	ObjectBelonging	ObjectBelonging	1	8.3.27
Style	http://v8.1c.ru/8.3/MDClasses	Synonym	LocalStringMapEntry	1	8.3.27
Style	http://v8.1c.ru/8.3/MDClasses	Uuid	Uuid	0	8.3.27
StyleBorder		Border	Border	0	8.3.27
StyleBorder		Name	EString	0	8.3.27
StyleColor		Color	Color	0	8.3.27
StyleColor		Name	EString	0	8.3.27
StyleFont		Bold	EBoolean	0	8.3.27
StyleFont		FaceName	EString	0	8.3.27
StyleFont		Font	Font	0	8.3.27
StyleFont		Height	EFloat	0	8.3.27
StyleFont		Italic	EBoolean	0	8.3.27
StyleFont		Name	EString	0	8.3.27
StyleFont		Scale	EInt	0	8.3.27
StyleFont		Strikeout	EBoolean	0	8.3.27
StyleFont		Underline	EBoolean	0	8.3.27
StyleItem	http://v8.1c.ru/8.3/MDClasses	Comment	EString	1	8.3.27
StyleItem	http://v8.1c.ru/8.3/MDClasses	ExtendedConfigurationObject	Uuid	1	8.3.27
StyleItem	http://v8.1c.ru/8.3/MDClasses	Extension	ObjectExtension	0	8.3.27
StyleItem	http://v8.1c.ru/8.3/MDClasses	Name	EString	1	8.3.27
StyleItem	http://v8.1c.ru/8.3/MDClasses	ObjectBelonging	ObjectBelonging	1	8.3.27
StyleItem	http://v8.1c.ru/8.3/MDClasses	Synonym	LocalStringMapEntry	1	8.3.27
StyleItem	http://v8.1c.ru/8.3/MDClasses	Type	StyleElementType	1	8.3.27
StyleItem	http://v8.1c.ru/8.3/MDClasses	Uuid	Uuid	0	8.3.27
StyleItem	http://v8.1c.ru/8.3/MDClasses	Value	Value	1	8.3.27
Subsystem	http://v8.1c.ru/8.3/MDClasses	Comment	EString	1	8.3.27
Subsystem	http://v8.1c.ru/8.3/MDClasses	Content	MdObject	1	8.3.27
Subsystem	http://v8.1c.ru/8.3/MDClasses	Explanation	LocalStringMapEntry	1	8.3.27
Subsystem	http://v8.1c.ru/8.3/MDClasses	ExtendedConfigurationObject	Uuid	1	8.3.27
Subsystem	http://v8.1c.ru/8.3/MDClasses	Extension	ObjectExtension	0	8.3.27
Subsystem	http://v8.1c.ru/8.3/MDClasses	Help	Help	1	8.3.27
Subsystem	http://v8.1c.ru/8.3/MDClasses	IncludeHelpInContents	EBoolean	1	8.3.27
Subsystem	http://v8.1c.ru/8.3/MDClasses	IncludeInCommandInterface	EBoolean	1	8.3.27
Subsystem	http://v8.1c.ru/8.3/MDClasses	Name	EString	1	8.3.27
Subsystem	http://v8.1c.ru/8.3/MDClasses	ObjectBelonging	ObjectBelonging	1	8.3.27
Subsystem	http://v8.1c.ru/8.3/MDClasses	ParentSubsystem	Subsystem	0	8.3.27
Subsystem	http://v8.1c.ru/8.3/MDClasses	Picture	Picture	1	8.3.27
Subsystem	http://v8.1c.ru/8.3/MDClasses	Subsystem	Subsystem	0	8.3.27
Subsystem	http://v8.1c.ru/8.3/MDClasses	Synonym	LocalStringMapEntry	1	8.3.27
Subsystem	http://v8.1c.ru/8.3/MDClasses	UseOneCommand	EBoolean	1	8.3.27
Subsystem	http://v8.1c.ru/8.3/MDClasses	Uuid	Uuid	0	8.3.27
SysEnumValue		Value	EString	0	8.3.27
Table	http://v8.1c.ru/8.3/MDClasses	BasedOn	MdObject	1	8.3.27
Table	http://v8.1c.ru/8.3/MDClasses	Characteristics	CharacteristicsDescription	1	8.3.27
Table	http://v8.1c.ru/8.3/MDClasses	ChoiceDataGetModeOnInputByString	ChoiceDataGetModeOnInputByString	1	8.3.27
Table	http://v8.1c.ru/8.3/MDClasses	ChoiceHistoryOnInput	ChoiceHistoryOnInput	1	8.3.27
Table	http://v8.1c.ru/8.3/MDClasses	Command	TableCommand	0	8.3.27
Table	http://v8.1c.ru/8.3/MDClasses	Comment	EString	1	8.3.27
Table	http://v8.1c.ru/8.3/MDClasses	CreateOnInput	CreateOnInput	1	8.3.27
Table	http://v8.1c.ru/8.3/MDClasses	DataLockControlMode	DefaultDataLockControlMode	1	8.3.27
Table	http://v8.1c.ru/8.3/MDClasses	DataLockFields	Field	1	8.3.27
Table	http://v8.1c.ru/8.3/MDClasses	DataVersionField	MdObject	1	8.3.27
Table	http://v8.1c.ru/8.3/MDClasses	DefaultChoiceForm	TableForm	1	8.3.27
Table	http://v8.1c.ru/8.3/MDClasses	DefaultListForm	TableForm	1	8.3.27
Table	http://v8.1c.ru/8.3/MDClasses	DefaultObjectForm	TableForm	1	8.3.27
Table	http://v8.1c.ru/8.3/MDClasses	DefaultRecordForm	TableForm	1	8.3.27
Table	http://v8.1c.ru/8.3/MDClasses	EditType	EditType	1	8.3.27
Table	http://v8.1c.ru/8.3/MDClasses	Explanation	LocalStringMapEntry	1	8.3.27
Table	http://v8.1c.ru/8.3/MDClasses	ExpressionInDataSource	EString	1	8.3.27
Table	http://v8.1c.ru/8.3/MDClasses	ExtendedConfigurationObject	Uuid	1	8.3.27
Table	http://v8.1c.ru/8.3/MDClasses	ExtendedListPresentation	LocalStringMapEntry	1	8.3.27
Table	http://v8.1c.ru/8.3/MDClasses	ExtendedObjectPresentation	LocalStringMapEntry	1	8.3.27
Table	http://v8.1c.ru/8.3/MDClasses	ExtendedRecordPresentation	LocalStringMapEntry	1	8.3.27
Table	http://v8.1c.ru/8.3/MDClasses	Extension	ObjectExtension	0	8.3.27
Table	http://v8.1c.ru/8.3/MDClasses	Field	Field	0	8.3.27
Table	http://v8.1c.ru/8.3/MDClasses	Form	TableForm	0	8.3.27
Table	http://v8.1c.ru/8.3/MDClasses	Help	Help	1	8.3.27
Table	http://v8.1c.ru/8.3/MDClasses	IncludeHelpInContents	EBoolean	1	8.3.27
Table	http://v8.1c.ru/8.3/MDClasses	InputByString	Field	1	8.3.27
Table	http://v8.1c.ru/8.3/MDClasses	KeyFields	Field	1	8.3.27
Table	http://v8.1c.ru/8.3/MDClasses	ListPresentation	LocalStringMapEntry	1	8.3.27
Table	http://v8.1c.ru/8.3/MDClasses	Name	EString	1	8.3.27
Table	http://v8.1c.ru/8.3/MDClasses	NameInDataSource	EString	1	8.3.27
Table	http://v8.1c.ru/8.3/MDClasses	ObjectBelonging	ObjectBelonging	1	8.3.27
Table	http://v8.1c.ru/8.3/MDClasses	ObjectPresentation	LocalStringMapEntry	1	8.3.27
Table	http://v8.1c.ru/8.3/MDClasses	ParentDataSource	ExternalDataSource	0	8.3.27
Table	http://v8.1c.ru/8.3/MDClasses	ParentField	Field	1	8.3.27
Table	http://v8.1c.ru/8.3/MDClasses	PresentationField	Field	1	8.3.27
Table	http://v8.1c.ru/8.3/MDClasses	ProducedTypes	TableTypes	0	8.3.27
Table	http://v8.1c.ru/8.3/MDClasses	QuickChoice	EBoolean	1	8.3.27
Table	http://v8.1c.ru/8.3/MDClasses	ReadOnly	EBoolean	1	8.3.27
Table	http://v8.1c.ru/8.3/MDClasses	RecordPresentation	LocalStringMapEntry	1	8.3.27
Table	http://v8.1c.ru/8.3/MDClasses	SearchStringModeOnInputByString	SearchStringModeOnInputByString	1	8.3.27
Table	http://v8.1c.ru/8.3/MDClasses	Synonym	LocalStringMapEntry	1	8.3.27
Table	http://v8.1c.ru/8.3/MDClasses	TableDataType	ExternalDataSourceTableDataType	1	8.3.27
Table	http://v8.1c.ru/8.3/MDClasses	TableType	ExternalDataSourceTableType	1	8.3.27
Table	http://v8.1c.ru/8.3/MDClasses	Template	Template	0	8.3.27
Table	http://v8.1c.ru/8.3/MDClasses	TransactionsIsolationLevel	TransactionsIsolationLevel	1	8.3.27
Table	http://v8.1c.ru/8.3/MDClasses	UnfilledParentValue	Value	1	8.3.27
Table	http://v8.1c.ru/8.3/MDClasses	UseStandardCommands	EBoolean	1	8.3.27
Table	http://v8.1c.ru/8.3/MDClasses	Uuid	Uuid	0	8.3.27
TableCommand	http://v8.1c.ru/8.3/MDClasses	CommandParameterType	TypeDescription	1	8.3.27
TableCommand	http://v8.1c.ru/8.3/MDClasses	Comment	EString	1	8.3.27
TableCommand	http://v8.1c.ru/8.3/MDClasses	ExtendedConfigurationObject	Uuid	1	8.3.27
TableCommand	http://v8.1c.ru/8.3/MDClasses	Extension	ObjectExtension	0	8.3.27
TableCommand	http://v8.1c.ru/8.3/MDClasses	Group	CommandGroup	1	8.3.27
TableCommand	http://v8.1c.ru/8.3/MDClasses	ModifiesData	EBoolean	1	8.3.27
TableCommand	http://v8.1c.ru/8.3/MDClasses	Name	EString	1	8.3.27
TableCommand	http://v8.1c.ru/8.3/MDClasses	ObjectBelonging	ObjectBelonging	1	8.3.27
TableCommand	http://v8.1c.ru/8.3/MDClasses	OnMainServerUnavalableBehavior	OnMainServerUnavalableBehavior	1	8.3.27
TableCommand	http://v8.1c.ru/8.3/MDClasses	ParameterUseMode	CommandParameterUseMode	1	8.3.27
TableCommand	http://v8.1c.ru/8.3/MDClasses	Picture	Picture	1	8.3.27
TableCommand	http://v8.1c.ru/8.3/MDClasses	Representation	ButtonRepresentation	1	8.3.27
TableCommand	http://v8.1c.ru/8.3/MDClasses	Shortcut	Shortcut	1	8.3.27
TableCommand	http://v8.1c.ru/8.3/MDClasses	Synonym	LocalStringMapEntry	1	8.3.27
TableCommand	http://v8.1c.ru/8.3/MDClasses	ToolTip	LocalStringMapEntry	1	8.3.27
TableCommand	http://v8.1c.ru/8.3/MDClasses	Uuid	Uuid	0	8.3.27
TableForm	http://v8.1c.ru/8.3/MDClasses	Comment	EString	1	8.3.27
TableForm	http://v8.1c.ru/8.3/MDClasses	ExtendedConfigurationObject	Uuid	1	8.3.27
TableForm	http://v8.1c.ru/8.3/MDClasses	Extension	ObjectExtension	0	8.3.27
TableForm	http://v8.1c.ru/8.3/MDClasses	FormType	FormType	1	8.3.27
TableForm	http://v8.1c.ru/8.3/MDClasses	Help	Help	1	8.3.27
TableForm	http://v8.1c.ru/8.3/MDClasses	IncludeHelpInContents	EBoolean	1	8.3.27
TableForm	http://v8.1c.ru/8.3/MDClasses	Name	EString	1	8.3.27
TableForm	http://v8.1c.ru/8.3/MDClasses	ObjectBelonging	ObjectBelonging	1	8.3.27
TableForm	http://v8.1c.ru/8.3/MDClasses	Synonym	LocalStringMapEntry	1	8.3.27
TableForm	http://v8.1c.ru/8.3/MDClasses	UseInInterfaceCompatibilityMode	FormPreferableInterface	1	8.5.1
TableForm	http://v8.1c.ru/8.3/MDClasses	UsePurposes	ApplicationUsePurpose	1	8.3.27
TableForm	http://v8.1c.ru/8.3/MDClasses	Uuid	Uuid	0	8.3.27
TabularSectionAttribute	http://v8.1c.ru/8.3/MDClasses	ChoiceFoldersAndItems	FoldersAndItemsUse	1	8.3.27
TabularSectionAttribute	http://v8.1c.ru/8.3/MDClasses	ChoiceForm	BasicForm	1	8.3.27
TabularSectionAttribute	http://v8.1c.ru/8.3/MDClasses	ChoiceHistoryOnInput	ChoiceHistoryOnInput	1	8.3.27
TabularSectionAttribute	http://v8.1c.ru/8.3/MDClasses	ChoiceParameterLinks	ChoiceParameterLink	1	8.3.27
TabularSectionAttribute	http://v8.1c.ru/8.3/MDClasses	ChoiceParameters	ChoiceParameter	1	8.3.27
TabularSectionAttribute	http://v8.1c.ru/8.3/MDClasses	Comment	EString	1	8.3.27
TabularSectionAttribute	http://v8.1c.ru/8.3/MDClasses	CreateOnInput	CreateOnInput	1	8.3.27
TabularSectionAttribute	http://v8.1c.ru/8.3/MDClasses	DataHistory	DataHistoryUse	1	8.3.27
TabularSectionAttribute	http://v8.1c.ru/8.3/MDClasses	EditFormat	LocalStringMapEntry	1	8.3.27
TabularSectionAttribute	http://v8.1c.ru/8.3/MDClasses	ExtendedConfigurationObject	Uuid	1	8.3.27
TabularSectionAttribute	http://v8.1c.ru/8.3/MDClasses	ExtendedEdit	EBoolean	1	8.3.27
TabularSectionAttribute	http://v8.1c.ru/8.3/MDClasses	Extension	ObjectExtension	0	8.3.27
TabularSectionAttribute	http://v8.1c.ru/8.3/MDClasses	FillChecking	FillChecking	1	8.3.27
TabularSectionAttribute	http://v8.1c.ru/8.3/MDClasses	Format	LocalStringMapEntry	1	8.3.27
TabularSectionAttribute	http://v8.1c.ru/8.3/MDClasses	FullTextSearch	FullTextSearchUsing	1	8.3.27
TabularSectionAttribute	http://v8.1c.ru/8.3/MDClasses	Indexing	Indexing	1	8.3.27
TabularSectionAttribute	http://v8.1c.ru/8.3/MDClasses	LinkByType	TypeLink	1	8.3.27
TabularSectionAttribute	http://v8.1c.ru/8.3/MDClasses	MarkNegatives	EBoolean	1	8.3.27
TabularSectionAttribute	http://v8.1c.ru/8.3/MDClasses	Mask	EString	1	8.3.27
TabularSectionAttribute	http://v8.1c.ru/8.3/MDClasses	MaxValue	Value	1	8.3.27
TabularSectionAttribute	http://v8.1c.ru/8.3/MDClasses	MinValue	Value	1	8.3.27
TabularSectionAttribute	http://v8.1c.ru/8.3/MDClasses	MultiLine	EBoolean	1	8.3.27
TabularSectionAttribute	http://v8.1c.ru/8.3/MDClasses	Name	EString	1	8.3.27
TabularSectionAttribute	http://v8.1c.ru/8.3/MDClasses	ObjectBelonging	ObjectBelonging	1	8.3.27
TabularSectionAttribute	http://v8.1c.ru/8.3/MDClasses	PasswordMode	EBoolean	1	8.3.27
TabularSectionAttribute	http://v8.1c.ru/8.3/MDClasses	QuickChoice	UseQuickChoice	1	8.3.27
TabularSectionAttribute	http://v8.1c.ru/8.3/MDClasses	Synonym	LocalStringMapEntry	1	8.3.27
TabularSectionAttribute	http://v8.1c.ru/8.3/MDClasses	ToolTip	LocalStringMapEntry	1	8.3.27
TabularSectionAttribute	http://v8.1c.ru/8.3/MDClasses	Type	TypeDescription	1	8.3.27
TabularSectionAttribute	http://v8.1c.ru/8.3/MDClasses	Uuid	Uuid	0	8.3.27
Task	http://v8.1c.ru/8.3/MDClasses	Addressing	InformationRegister	1	8.3.27
Task	http://v8.1c.ru/8.3/MDClasses	AddressingAttribute	AddressingAttribute	0	8.3.27
Task	http://v8.1c.ru/8.3/MDClasses	Attribute	TaskAttribute	0	8.3.27
Task	http://v8.1c.ru/8.3/MDClasses	Autonumbering	EBoolean	1	8.3.27
Task	http://v8.1c.ru/8.3/MDClasses	AuxiliaryChoiceForm	TaskForm	1	8.3.27
Task	http://v8.1c.ru/8.3/MDClasses	AuxiliaryListForm	TaskForm	1	8.3.27
Task	http://v8.1c.ru/8.3/MDClasses	AuxiliaryObjectForm	TaskForm	1	8.3.27
Task	http://v8.1c.ru/8.3/MDClasses	BasedOn	MdObject	1	8.3.27
Task	http://v8.1c.ru/8.3/MDClasses	Characteristics	CharacteristicsDescription	1	8.3.27
Task	http://v8.1c.ru/8.3/MDClasses	CheckUnique	EBoolean	1	8.3.27
Task	http://v8.1c.ru/8.3/MDClasses	ChoiceDataGetModeOnInputByString	ChoiceDataGetModeOnInputByString	1	8.3.27
Task	http://v8.1c.ru/8.3/MDClasses	ChoiceHistoryOnInput	ChoiceHistoryOnInput	1	8.3.27
Task	http://v8.1c.ru/8.3/MDClasses	Command	TaskCommand	0	8.3.27
Task	http://v8.1c.ru/8.3/MDClasses	Comment	EString	1	8.3.27
Task	http://v8.1c.ru/8.3/MDClasses	CreateOnInput	CreateOnInput	1	8.3.27
Task	http://v8.1c.ru/8.3/MDClasses	CurrentPerformer	SessionParameter	1	8.3.27
Task	http://v8.1c.ru/8.3/MDClasses	DataHistory	DataHistoryUse	1	8.3.27
Task	http://v8.1c.ru/8.3/MDClasses	DataLockControlMode	DefaultDataLockControlMode	1	8.3.27
Task	http://v8.1c.ru/8.3/MDClasses	DataLockFields	Field	1	8.3.27
Task	http://v8.1c.ru/8.3/MDClasses	DefaultChoiceForm	TaskForm	1	8.3.27
Task	http://v8.1c.ru/8.3/MDClasses	DefaultListForm	TaskForm	1	8.3.27
Task	http://v8.1c.ru/8.3/MDClasses	DefaultObjectForm	TaskForm	1	8.3.27
Task	http://v8.1c.ru/8.3/MDClasses	DefaultPresentation	TaskMainPresentation	1	8.3.27
Task	http://v8.1c.ru/8.3/MDClasses	DescriptionLength	EInt	1	8.3.27
Task	http://v8.1c.ru/8.3/MDClasses	EditType	EditType	1	8.3.27
Task	http://v8.1c.ru/8.3/MDClasses	ExecuteAfterWriteDataHistoryVersionProcessing	EBoolean	1	8.3.27
Task	http://v8.1c.ru/8.3/MDClasses	Explanation	LocalStringMapEntry	1	8.3.27
Task	http://v8.1c.ru/8.3/MDClasses	ExtendedConfigurationObject	Uuid	1	8.3.27
Task	http://v8.1c.ru/8.3/MDClasses	ExtendedListPresentation	LocalStringMapEntry	1	8.3.27
Task	http://v8.1c.ru/8.3/MDClasses	ExtendedObjectPresentation	LocalStringMapEntry	1	8.3.27
Task	http://v8.1c.ru/8.3/MDClasses	Extension	ObjectExtension	0	8.3.27
Task	http://v8.1c.ru/8.3/MDClasses	Form	TaskForm	0	8.3.27
Task	http://v8.1c.ru/8.3/MDClasses	FullTextSearch	FullTextSearchUsing	1	8.3.27
Task	http://v8.1c.ru/8.3/MDClasses	FullTextSearchOnInputByString	FullTextSearchOnInputByString	1	8.3.27
Task	http://v8.1c.ru/8.3/MDClasses	Help	Help	1	8.3.27
Task	http://v8.1c.ru/8.3/MDClasses	IncludeHelpInContents	EBoolean	1	8.3.27
Task	http://v8.1c.ru/8.3/MDClasses	InputByString	Field	1	8.3.27
Task	http://v8.1c.ru/8.3/MDClasses	ListPresentation	LocalStringMapEntry	1	8.3.27
Task	http://v8.1c.ru/8.3/MDClasses	MainAddressingAttribute	AddressingAttribute	1	8.3.27
Task	http://v8.1c.ru/8.3/MDClasses	Name	EString	1	8.3.27
Task	http://v8.1c.ru/8.3/MDClasses	NumberAllowedLength	AllowedLength	1	8.3.27
Task	http://v8.1c.ru/8.3/MDClasses	NumberLength	EInt	1	8.3.27
Task	http://v8.1c.ru/8.3/MDClasses	NumberType	TaskNumberType	1	8.3.27
Task	http://v8.1c.ru/8.3/MDClasses	ObjectBelonging	ObjectBelonging	1	8.3.27
Task	http://v8.1c.ru/8.3/MDClasses	ObjectPresentation	LocalStringMapEntry	1	8.3.27
Task	http://v8.1c.ru/8.3/MDClasses	ProducedTypes	TaskTypes	0	8.3.27
Task	http://v8.1c.ru/8.3/MDClasses	SearchStringModeOnInputByString	SearchStringModeOnInputByString	1	8.3.27
Task	http://v8.1c.ru/8.3/MDClasses	StandardAttributes	StandardAttribute	1	8.3.27
Task	http://v8.1c.ru/8.3/MDClasses	Synonym	LocalStringMapEntry	1	8.3.27
Task	http://v8.1c.ru/8.3/MDClasses	TabularSection	TaskTabularSection	0	8.3.27
Task	http://v8.1c.ru/8.3/MDClasses	TaskNumberAutoPrefix	TaskNumberAutoPrefix	1	8.3.27
Task	http://v8.1c.ru/8.3/MDClasses	Template	Template	0	8.3.27
Task	http://v8.1c.ru/8.3/MDClasses	UpdateDataHistoryImmediatelyAfterWrite	EBoolean	1	8.3.27
Task	http://v8.1c.ru/8.3/MDClasses	UseStandardCommands	EBoolean	1	8.3.27
Task	http://v8.1c.ru/8.3/MDClasses	Uuid	Uuid	0	8.3.27
TaskAttribute	http://v8.1c.ru/8.3/MDClasses	BinaryDataStorageLocationUse	BinaryDataStorageLocationUse	1	8.3.27
TaskAttribute	http://v8.1c.ru/8.3/MDClasses	BinaryDataStorageLocationUseField	MdObject	1	8.3.27
TaskAttribute	http://v8.1c.ru/8.3/MDClasses	ChoiceFoldersAndItems	FoldersAndItemsUse	1	8.3.27
TaskAttribute	http://v8.1c.ru/8.3/MDClasses	ChoiceForm	BasicForm	1	8.3.27
TaskAttribute	http://v8.1c.ru/8.3/MDClasses	ChoiceHistoryOnInput	ChoiceHistoryOnInput	1	8.3.27
TaskAttribute	http://v8.1c.ru/8.3/MDClasses	ChoiceParameterLinks	ChoiceParameterLink	1	8.3.27
TaskAttribute	http://v8.1c.ru/8.3/MDClasses	ChoiceParameters	ChoiceParameter	1	8.3.27
TaskAttribute	http://v8.1c.ru/8.3/MDClasses	Comment	EString	1	8.3.27
TaskAttribute	http://v8.1c.ru/8.3/MDClasses	CreateOnInput	CreateOnInput	1	8.3.27
TaskAttribute	http://v8.1c.ru/8.3/MDClasses	DataHistory	DataHistoryUse	1	8.3.27
TaskAttribute	http://v8.1c.ru/8.3/MDClasses	EditFormat	LocalStringMapEntry	1	8.3.27
TaskAttribute	http://v8.1c.ru/8.3/MDClasses	ExtendedConfigurationObject	Uuid	1	8.3.27
TaskAttribute	http://v8.1c.ru/8.3/MDClasses	ExtendedEdit	EBoolean	1	8.3.27
TaskAttribute	http://v8.1c.ru/8.3/MDClasses	Extension	ObjectExtension	0	8.3.27
TaskAttribute	http://v8.1c.ru/8.3/MDClasses	FillChecking	FillChecking	1	8.3.27
TaskAttribute	http://v8.1c.ru/8.3/MDClasses	FillFromFillingValue	EBoolean	1	8.3.27
TaskAttribute	http://v8.1c.ru/8.3/MDClasses	FillValue	Value	1	8.3.27
TaskAttribute	http://v8.1c.ru/8.3/MDClasses	Format	LocalStringMapEntry	1	8.3.27
TaskAttribute	http://v8.1c.ru/8.3/MDClasses	FullTextSearch	FullTextSearchUsing	1	8.3.27
TaskAttribute	http://v8.1c.ru/8.3/MDClasses	Indexing	Indexing	1	8.3.27
TaskAttribute	http://v8.1c.ru/8.3/MDClasses	LinkByType	TypeLink	1	8.3.27
TaskAttribute	http://v8.1c.ru/8.3/MDClasses	MarkNegatives	EBoolean	1	8.3.27
TaskAttribute	http://v8.1c.ru/8.3/MDClasses	Mask	EString	1	8.3.27
TaskAttribute	http://v8.1c.ru/8.3/MDClasses	MaxValue	Value	1	8.3.27
TaskAttribute	http://v8.1c.ru/8.3/MDClasses	MinValue	Value	1	8.3.27
TaskAttribute	http://v8.1c.ru/8.3/MDClasses	MultiLine	EBoolean	1	8.3.27
TaskAttribute	http://v8.1c.ru/8.3/MDClasses	Name	EString	1	8.3.27
TaskAttribute	http://v8.1c.ru/8.3/MDClasses	ObjectBelonging	ObjectBelonging	1	8.3.27
TaskAttribute	http://v8.1c.ru/8.3/MDClasses	PasswordMode	EBoolean	1	8.3.27
TaskAttribute	http://v8.1c.ru/8.3/MDClasses	QuickChoice	UseQuickChoice	1	8.3.27
TaskAttribute	http://v8.1c.ru/8.3/MDClasses	Synonym	LocalStringMapEntry	1	8.3.27
TaskAttribute	http://v8.1c.ru/8.3/MDClasses	ToolTip	LocalStringMapEntry	1	8.3.27
TaskAttribute	http://v8.1c.ru/8.3/MDClasses	Type	TypeDescription	1	8.3.27
TaskAttribute	http://v8.1c.ru/8.3/MDClasses	Uuid	Uuid	0	8.3.27
TaskCommand	http://v8.1c.ru/8.3/MDClasses	CommandParameterType	TypeDescription	1	8.3.27
TaskCommand	http://v8.1c.ru/8.3/MDClasses	Comment	EString	1	8.3.27
TaskCommand	http://v8.1c.ru/8.3/MDClasses	ExtendedConfigurationObject	Uuid	1	8.3.27
TaskCommand	http://v8.1c.ru/8.3/MDClasses	Extension	ObjectExtension	0	8.3.27
TaskCommand	http://v8.1c.ru/8.3/MDClasses	Group	CommandGroup	1	8.3.27
TaskCommand	http://v8.1c.ru/8.3/MDClasses	ModifiesData	EBoolean	1	8.3.27
TaskCommand	http://v8.1c.ru/8.3/MDClasses	Name	EString	1	8.3.27
TaskCommand	http://v8.1c.ru/8.3/MDClasses	ObjectBelonging	ObjectBelonging	1	8.3.27
TaskCommand	http://v8.1c.ru/8.3/MDClasses	OnMainServerUnavalableBehavior	OnMainServerUnavalableBehavior	1	8.3.27
TaskCommand	http://v8.1c.ru/8.3/MDClasses	ParameterUseMode	CommandParameterUseMode	1	8.3.27
TaskCommand	http://v8.1c.ru/8.3/MDClasses	Picture	Picture	1	8.3.27
TaskCommand	http://v8.1c.ru/8.3/MDClasses	Representation	ButtonRepresentation	1	8.3.27
TaskCommand	http://v8.1c.ru/8.3/MDClasses	Shortcut	Shortcut	1	8.3.27
TaskCommand	http://v8.1c.ru/8.3/MDClasses	Synonym	LocalStringMapEntry	1	8.3.27
TaskCommand	http://v8.1c.ru/8.3/MDClasses	ToolTip	LocalStringMapEntry	1	8.3.27
TaskCommand	http://v8.1c.ru/8.3/MDClasses	Uuid	Uuid	0	8.3.27
TaskForm	http://v8.1c.ru/8.3/MDClasses	Comment	EString	1	8.3.27
TaskForm	http://v8.1c.ru/8.3/MDClasses	ExtendedConfigurationObject	Uuid	1	8.3.27
TaskForm	http://v8.1c.ru/8.3/MDClasses	Extension	ObjectExtension	0	8.3.27
TaskForm	http://v8.1c.ru/8.3/MDClasses	FormType	FormType	1	8.3.27
TaskForm	http://v8.1c.ru/8.3/MDClasses	Help	Help	1	8.3.27
TaskForm	http://v8.1c.ru/8.3/MDClasses	IncludeHelpInContents	EBoolean	1	8.3.27
TaskForm	http://v8.1c.ru/8.3/MDClasses	Name	EString	1	8.3.27
TaskForm	http://v8.1c.ru/8.3/MDClasses	ObjectBelonging	ObjectBelonging	1	8.3.27
TaskForm	http://v8.1c.ru/8.3/MDClasses	Synonym	LocalStringMapEntry	1	8.3.27
TaskForm	http://v8.1c.ru/8.3/MDClasses	UseInInterfaceCompatibilityMode	FormPreferableInterface	1	8.5.1
TaskForm	http://v8.1c.ru/8.3/MDClasses	UsePurposes	ApplicationUsePurpose	1	8.3.27
TaskForm	http://v8.1c.ru/8.3/MDClasses	Uuid	Uuid	0	8.3.27
TaskTabularSection	http://v8.1c.ru/8.3/MDClasses	Attribute	TabularSectionAttribute	0	8.3.27
TaskTabularSection	http://v8.1c.ru/8.3/MDClasses	Comment	EString	1	8.3.27
TaskTabularSection	http://v8.1c.ru/8.3/MDClasses	ExtendedConfigurationObject	Uuid	1	8.3.27
TaskTabularSection	http://v8.1c.ru/8.3/MDClasses	Extension	ObjectExtension	0	8.3.27
TaskTabularSection	http://v8.1c.ru/8.3/MDClasses	FillChecking	FillChecking	1	8.3.27
TaskTabularSection	http://v8.1c.ru/8.3/MDClasses	LineNumberLength	EInt	1	8.3.27
TaskTabularSection	http://v8.1c.ru/8.3/MDClasses	Name	EString	1	8.3.27
TaskTabularSection	http://v8.1c.ru/8.3/MDClasses	ObjectBelonging	ObjectBelonging	1	8.3.27
TaskTabularSection	http://v8.1c.ru/8.3/MDClasses	ProducedTypes	TabularSectionTypes	0	8.3.27
TaskTabularSection	http://v8.1c.ru/8.3/MDClasses	StandardAttributes	StandardAttribute	1	8.3.27
TaskTabularSection	http://v8.1c.ru/8.3/MDClasses	Synonym	LocalStringMapEntry	1	8.3.27
TaskTabularSection	http://v8.1c.ru/8.3/MDClasses	ToolTip	LocalStringMapEntry	1	8.3.27
TaskTabularSection	http://v8.1c.ru/8.3/MDClasses	Uuid	Uuid	0	8.3.27
Template	http://v8.1c.ru/8.3/MDClasses	Comment	EString	1	8.3.27
Template	http://v8.1c.ru/8.3/MDClasses	ExtendedConfigurationObject	Uuid	1	8.3.27
Template	http://v8.1c.ru/8.3/MDClasses	Extension	ObjectExtension	0	8.3.27
Template	http://v8.1c.ru/8.3/MDClasses	Name	EString	1	8.3.27
Template	http://v8.1c.ru/8.3/MDClasses	ObjectBelonging	ObjectBelonging	1	8.3.27
Template	http://v8.1c.ru/8.3/MDClasses	Synonym	LocalStringMapEntry	1	8.3.27
Template	http://v8.1c.ru/8.3/MDClasses	TemplateType	TemplateType	1	8.3.27
Template	http://v8.1c.ru/8.3/MDClasses	Uuid	Uuid	0	8.3.27
Type		Code	EInt	0	8.3.27
Type		CollectionElementTypes	TypeContainer	0	8.3.27
Type		CompatibilityMode	EString	0	8.3.27
Type		CompositeId	CompositeId	0	8.3.27
Type		ContextDef	ContextDef	0	8.3.27
Type		CreatedByNewOperator	EBoolean	0	8.3.27
Type		Ctors	Ctor	0	8.3.27
Type		DeprecatedSince	EString	0	8.3.27
Type		Environments	Environments	0	8.3.27
Type		Events	Event	0	8.3.27
Type		ExchangeWithServer	EBoolean	0	8.3.27
Type		IndexAccessible	EBoolean	0	8.3.27
Type		InterfaceType	InterfaceType	0	8.3.27
Type		Iterable	EBoolean	0	8.3.27
Type		Name	EString	0	8.3.27
Type		NameRu	EString	0	8.3.27
Type		ParentType	TypeItem	0	8.3.27
Type		ReplacedBy	EString	0	8.3.27
Type		SysEnum	EBoolean	0	8.3.27
TypeContainerDef		Types	TypeItem	0	8.3.27
TypeContainerRef		Types	TypeItem	0	8.3.27
TypeDescription		BinaryQualifiers	BinaryQualifiers	0	8.3.27
TypeDescription		DateQualifiers	DateQualifiers	0	8.3.27
TypeDescription		NumberQualifiers	NumberQualifiers	0	8.3.27
TypeDescription		StringQualifiers	StringQualifiers	0	8.3.27
TypeDescription		Types	TypeItem	0	8.3.27
TypeDescriptionValue		Value	TypeDescription	0	8.3.27
TypeLink		Field	Field	0	8.3.27
TypeLink		LinkItem	EInt	0	8.3.27
TypeSet		BaseTypes	Type	0	8.3.27
TypeSet		CompositeId	CompositeId	0	8.3.27
TypeSet		Environments	Environments	0	8.3.27
TypeSet		Name	EString	0	8.3.27
TypeSet		NameRu	EString	0	8.3.27
TypeSet		Types	Type	0	8.3.27
TypeValue		Value	TypeItem	0	8.3.27
TypedValueList		AvailableValues	TypedValueList	0	8.3.27
TypedValueList		Items	TypedValueListItem	0	8.3.27
TypedValueList		LastId	EInt	0	8.3.27
TypedValueList		ValueType	TypeDescription	0	8.3.27
TypedValueListItem		CheckState	EInt	0	8.3.27
TypedValueListItem		FormatPresentation	EString	0	8.3.27
TypedValueListItem		FormatPresentationSpecified	EBoolean	0	8.3.27
TypedValueListItem		Id	EInt	0	8.3.27
TypedValueListItem		Picture	Picture	0	8.3.27
TypedValueListItem		Presentation	EString	0	8.3.27
TypedValueListItem		Value	Value	0	8.3.27
URLTemplate	http://v8.1c.ru/8.3/MDClasses	Comment	EString	1	8.3.27
URLTemplate	http://v8.1c.ru/8.3/MDClasses	ExtendedConfigurationObject	Uuid	1	8.3.27
URLTemplate	http://v8.1c.ru/8.3/MDClasses	Extension	ObjectExtension	0	8.3.27
URLTemplate	http://v8.1c.ru/8.3/MDClasses	Method	Method	0	8.3.27
URLTemplate	http://v8.1c.ru/8.3/MDClasses	Name	EString	1	8.3.27
URLTemplate	http://v8.1c.ru/8.3/MDClasses	ObjectBelonging	ObjectBelonging	1	8.3.27
URLTemplate	http://v8.1c.ru/8.3/MDClasses	Synonym	LocalStringMapEntry	1	8.3.27
URLTemplate	http://v8.1c.ru/8.3/MDClasses	Template	EString	1	8.3.27
URLTemplate	http://v8.1c.ru/8.3/MDClasses	Uuid	Uuid	0	8.3.27
UrlPicture		Glyph	Point	0	8.3.27
UrlPicture		TransparentPixel	Point	0	8.3.27
UrlPicture		Url	EString	0	8.3.27
UsedFunctionality		Functionality	UsedFunctionalityFlag	0	8.3.27
UsedFunctionality		PermissionMessage	RequiredPermissionMessage	0	8.3.27
UsedFunctionalityFlag		Functionality	MobileApplicationFunctionalities	0	8.3.27
UsedFunctionalityFlag		Use	EBoolean	0	8.3.27
UuidValue		Value	Uuid	0	8.3.27
ValueList	http://v8.1c.ru/8.1/data/core	Value	Value	0	8.3.27
WSReference	http://v8.1c.ru/8.3/MDClasses	Comment	EString	1	8.3.27
WSReference	http://v8.1c.ru/8.3/MDClasses	ExtendedConfigurationObject	Uuid	1	8.3.27
WSReference	http://v8.1c.ru/8.3/MDClasses	Extension	ObjectExtension	0	8.3.27
WSReference	http://v8.1c.ru/8.3/MDClasses	LocationURL	EString	1	8.3.27
WSReference	http://v8.1c.ru/8.3/MDClasses	Name	EString	1	8.3.27
WSReference	http://v8.1c.ru/8.3/MDClasses	ObjectBelonging	ObjectBelonging	1	8.3.27
WSReference	http://v8.1c.ru/8.3/MDClasses	ProducedTypes	WSReferenceTypes	0	8.3.27
WSReference	http://v8.1c.ru/8.3/MDClasses	Synonym	LocalStringMapEntry	1	8.3.27
WSReference	http://v8.1c.ru/8.3/MDClasses	Uuid	Uuid	0	8.3.27
WebService	http://v8.1c.ru/8.3/MDClasses	Comment	EString	1	8.3.27
WebService	http://v8.1c.ru/8.3/MDClasses	DescriptorFileName	EString	1	8.3.27
WebService	http://v8.1c.ru/8.3/MDClasses	ExtendedConfigurationObject	Uuid	1	8.3.27
WebService	http://v8.1c.ru/8.3/MDClasses	Extension	ObjectExtension	0	8.3.27
WebService	http://v8.1c.ru/8.3/MDClasses	Name	EString	1	8.3.27
WebService	http://v8.1c.ru/8.3/MDClasses	Namespace	EString	1	8.3.27
WebService	http://v8.1c.ru/8.3/MDClasses	ObjectBelonging	ObjectBelonging	1	8.3.27
WebService	http://v8.1c.ru/8.3/MDClasses	Operation	Operation	0	8.3.27
WebService	http://v8.1c.ru/8.3/MDClasses	ReuseSessions	SessionReuseMode	1	8.3.27
WebService	http://v8.1c.ru/8.3/MDClasses	SessionMaxAge	ELong	1	8.3.27
WebService	http://v8.1c.ru/8.3/MDClasses	Synonym	LocalStringMapEntry	1	8.3.27
WebService	http://v8.1c.ru/8.3/MDClasses	Uuid	Uuid	0	8.3.27
WebService	http://v8.1c.ru/8.3/MDClasses	XDTOPackages	Value	1	8.3.27
WebSocketClient	http://v8.1c.ru/8.3/MDClasses	AutoConnect	EBoolean	1	8.3.27
WebSocketClient	http://v8.1c.ru/8.3/MDClasses	Comment	EString	1	8.3.27
WebSocketClient	http://v8.1c.ru/8.3/MDClasses	ExtendedConfigurationObject	Uuid	1	8.3.27
WebSocketClient	http://v8.1c.ru/8.3/MDClasses	Extension	ObjectExtension	0	8.3.27
WebSocketClient	http://v8.1c.ru/8.3/MDClasses	Headers	StringKeyAndValue	1	8.3.27
WebSocketClient	http://v8.1c.ru/8.3/MDClasses	Name	EString	1	8.3.27
WebSocketClient	http://v8.1c.ru/8.3/MDClasses	ObjectBelonging	ObjectBelonging	1	8.3.27
WebSocketClient	http://v8.1c.ru/8.3/MDClasses	Password	EString	1	8.3.27
WebSocketClient	http://v8.1c.ru/8.3/MDClasses	Predefined	EBoolean	1	8.3.27
WebSocketClient	http://v8.1c.ru/8.3/MDClasses	ServerURL	EString	1	8.3.27
WebSocketClient	http://v8.1c.ru/8.3/MDClasses	Synonym	LocalStringMapEntry	1	8.3.27
WebSocketClient	http://v8.1c.ru/8.3/MDClasses	Timeout	EInt	1	8.3.27
WebSocketClient	http://v8.1c.ru/8.3/MDClasses	UseOSAuthentication	EBoolean	1	8.3.27
WebSocketClient	http://v8.1c.ru/8.3/MDClasses	UseOSProxy	EBoolean	1	8.3.27
WebSocketClient	http://v8.1c.ru/8.3/MDClasses	User	EString	1	8.3.27
WebSocketClient	http://v8.1c.ru/8.3/MDClasses	Uuid	Uuid	0	8.3.27
XDTOPackage	http://v8.1c.ru/8.3/MDClasses	Comment	EString	1	8.3.27
XDTOPackage	http://v8.1c.ru/8.3/MDClasses	ExtendedConfigurationObject	Uuid	1	8.3.27
XDTOPackage	http://v8.1c.ru/8.3/MDClasses	Extension	ObjectExtension	0	8.3.27
XDTOPackage	http://v8.1c.ru/8.3/MDClasses	Name	EString	1	8.3.27
XDTOPackage	http://v8.1c.ru/8.3/MDClasses	Namespace	EString	1	8.3.27
XDTOPackage	http://v8.1c.ru/8.3/MDClasses	ObjectBelonging	ObjectBelonging	1	8.3.27
XDTOPackage	http://v8.1c.ru/8.3/MDClasses	Synonym	LocalStringMapEntry	1	8.3.27
XDTOPackage	http://v8.1c.ru/8.3/MDClasses	Uuid	Uuid	0	8.3.27
