model	feature	namespace	name	since	key
StandardAttribute	dataHistory	http://v8.1c.ru/8.3/MDClasses	DataHistory	8.3.27	platform-property-md-DataHistory
Template	name	http://v8.1c.ru/8.3/MDClasses	Name	8.3.27	platform-property-md-Name
Template	synonym	http://v8.1c.ru/8.3/MDClasses	Synonym	8.3.27	platform-property-md-Synonym
Template	comment	http://v8.1c.ru/8.3/MDClasses	Comment	8.3.27	platform-property-md-Comment
Template	objectBelonging	http://v8.1c.ru/8.3/MDClasses	ObjectBelonging	8.3.27	platform-property-md-ObjectBelonging
Template	extendedConfigurationObject	http://v8.1c.ru/8.3/MDClasses	ExtendedConfigurationObject	8.3.27	platform-property-md-ExtendedConfigurationObject
Template	templateType	http://v8.1c.ru/8.3/MDClasses	TemplateType	8.3.27	platform-property-md-TemplateType
TabularSectionAttribute	name	http://v8.1c.ru/8.3/MDClasses	Name	8.3.27	platform-property-md-Name
TabularSectionAttribute	synonym	http://v8.1c.ru/8.3/MDClasses	Synonym	8.3.27	platform-property-md-Synonym
TabularSectionAttribute	comment	http://v8.1c.ru/8.3/MDClasses	Comment	8.3.27	platform-property-md-Comment
TabularSectionAttribute	objectBelonging	http://v8.1c.ru/8.3/MDClasses	ObjectBelonging	8.3.27	platform-property-md-ObjectBelonging
TabularSectionAttribute	extendedConfigurationObject	http://v8.1c.ru/8.3/MDClasses	ExtendedConfigurationObject	8.3.27	platform-property-md-ExtendedConfigurationObject
TabularSectionAttribute	type	http://v8.1c.ru/8.3/MDClasses	Type	8.3.27	platform-property-md-Type
TabularSectionAttribute	passwordMode	http://v8.1c.ru/8.3/MDClasses	PasswordMode	8.3.27	platform-property-md-PasswordMode
TabularSectionAttribute	format	http://v8.1c.ru/8.3/MDClasses	Format	8.3.27	platform-property-md-Format
TabularSectionAttribute	editFormat	http://v8.1c.ru/8.3/MDClasses	EditFormat	8.3.27	platform-property-md-EditFormat
TabularSectionAttribute	toolTip	http://v8.1c.ru/8.3/MDClasses	ToolTip	8.3.27	platform-property-md-ToolTip
TabularSectionAttribute	markNegatives	http://v8.1c.ru/8.3/MDClasses	MarkNegatives	8.3.27	platform-property-md-MarkNegatives
TabularSectionAttribute	mask	http://v8.1c.ru/8.3/MDClasses	Mask	8.3.27	platform-property-md-Mask
TabularSectionAttribute	multiLine	http://v8.1c.ru/8.3/MDClasses	MultiLine	8.3.27	platform-property-md-MultiLine
TabularSectionAttribute	extendedEdit	http://v8.1c.ru/8.3/MDClasses	ExtendedEdit	8.3.27	platform-property-md-ExtendedEdit
TabularSectionAttribute	minValue	http://v8.1c.ru/8.3/MDClasses	MinValue	8.3.27	platform-property-md-MinValue
TabularSectionAttribute	maxValue	http://v8.1c.ru/8.3/MDClasses	MaxValue	8.3.27	platform-property-md-MaxValue
TabularSectionAttribute	fillChecking	http://v8.1c.ru/8.3/MDClasses	FillChecking	8.3.27	platform-property-md-FillChecking
TabularSectionAttribute	choiceFoldersAndItems	http://v8.1c.ru/8.3/MDClasses	ChoiceFoldersAndItems	8.3.27	platform-property-md-ChoiceFoldersAndItems
TabularSectionAttribute	choiceParameterLinks	http://v8.1c.ru/8.3/MDClasses	ChoiceParameterLinks	8.3.27	platform-property-md-ChoiceParameterLinks
TabularSectionAttribute	choiceParameters	http://v8.1c.ru/8.3/MDClasses	ChoiceParameters	8.3.27	platform-property-md-ChoiceParameters
TabularSectionAttribute	quickChoice	http://v8.1c.ru/8.3/MDClasses	QuickChoice	8.3.27	platform-property-md-QuickChoice
TabularSectionAttribute	createOnInput	http://v8.1c.ru/8.3/MDClasses	CreateOnInput	8.3.27	platform-property-md-CreateOnInput
TabularSectionAttribute	choiceForm	http://v8.1c.ru/8.3/MDClasses	ChoiceForm	8.3.27	platform-property-md-ChoiceForm
TabularSectionAttribute	linkByType	http://v8.1c.ru/8.3/MDClasses	LinkByType	8.3.27	platform-property-md-LinkByType
TabularSectionAttribute	choiceHistoryOnInput	http://v8.1c.ru/8.3/MDClasses	ChoiceHistoryOnInput	8.3.27	platform-property-md-ChoiceHistoryOnInput
TabularSectionAttribute	indexing	http://v8.1c.ru/8.3/MDClasses	Indexing	8.3.27	platform-property-md-Indexing
TabularSectionAttribute	fullTextSearch	http://v8.1c.ru/8.3/MDClasses	FullTextSearch	8.3.27	platform-property-md-FullTextSearch
TabularSectionAttribute	dataHistory	http://v8.1c.ru/8.3/MDClasses	DataHistory	8.3.27	platform-property-md-DataHistory
CommonCommand	name	http://v8.1c.ru/8.3/MDClasses	Name	8.3.27	platform-property-md-Name
CommonCommand	synonym	http://v8.1c.ru/8.3/MDClasses	Synonym	8.3.27	platform-property-md-Synonym
CommonCommand	comment	http://v8.1c.ru/8.3/MDClasses	Comment	8.3.27	platform-property-md-Comment
CommonCommand	objectBelonging	http://v8.1c.ru/8.3/MDClasses	ObjectBelonging	8.3.27	platform-property-md-ObjectBelonging
CommonCommand	extendedConfigurationObject	http://v8.1c.ru/8.3/MDClasses	ExtendedConfigurationObject	8.3.27	platform-property-md-ExtendedConfigurationObject
CommonCommand	group	http://v8.1c.ru/8.3/MDClasses	Group	8.3.27	platform-property-md-Group
CommonCommand	representation	http://v8.1c.ru/8.3/MDClasses	Representation	8.3.27	platform-property-md-Representation
CommonCommand	toolTip	http://v8.1c.ru/8.3/MDClasses	ToolTip	8.3.27	platform-property-md-ToolTip
CommonCommand	picture	http://v8.1c.ru/8.3/MDClasses	Picture	8.3.27	platform-property-md-Picture
CommonCommand	shortcut	http://v8.1c.ru/8.3/MDClasses	Shortcut	8.3.27	platform-property-md-Shortcut
CommonCommand	includeHelpInContents	http://v8.1c.ru/8.3/MDClasses	IncludeHelpInContents	8.3.27	platform-property-md-IncludeHelpInContents
CommonCommand	help	http://v8.1c.ru/8.3/MDClasses	Help	8.3.27	platform-property-md-Help
CommonCommand	commandParameterType	http://v8.1c.ru/8.3/MDClasses	CommandParameterType	8.3.27	platform-property-md-CommandParameterType
CommonCommand	parameterUseMode	http://v8.1c.ru/8.3/MDClasses	ParameterUseMode	8.3.27	platform-property-md-ParameterUseMode
CommonCommand	modifiesData	http://v8.1c.ru/8.3/MDClasses	ModifiesData	8.3.27	platform-property-md-ModifiesData
CommonCommand	onMainServerUnavalableBehavior	http://v8.1c.ru/8.3/MDClasses	OnMainServerUnavalableBehavior	8.3.27	platform-property-md-OnMainServerUnavalableBehavior
Role	name	http://v8.1c.ru/8.3/MDClasses	Name	8.3.27	platform-property-md-Name
Role	synonym	http://v8.1c.ru/8.3/MDClasses	Synonym	8.3.27	platform-property-md-Synonym
Role	comment	http://v8.1c.ru/8.3/MDClasses	Comment	8.3.27	platform-property-md-Comment
Role	objectBelonging	http://v8.1c.ru/8.3/MDClasses	ObjectBelonging	8.3.27	platform-property-md-ObjectBelonging
Role	extendedConfigurationObject	http://v8.1c.ru/8.3/MDClasses	ExtendedConfigurationObject	8.3.27	platform-property-md-ExtendedConfigurationObject
Language	name	http://v8.1c.ru/8.3/MDClasses	Name	8.3.27	platform-property-md-Name
Language	synonym	http://v8.1c.ru/8.3/MDClasses	Synonym	8.3.27	platform-property-md-Synonym
Language	comment	http://v8.1c.ru/8.3/MDClasses	Comment	8.3.27	platform-property-md-Comment
Language	objectBelonging	http://v8.1c.ru/8.3/MDClasses	ObjectBelonging	8.3.27	platform-property-md-ObjectBelonging
Language	extendedConfigurationObject	http://v8.1c.ru/8.3/MDClasses	ExtendedConfigurationObject	8.3.27	platform-property-md-ExtendedConfigurationObject
Language	languageCode	http://v8.1c.ru/8.3/MDClasses	LanguageCode	8.3.27	platform-property-md-LanguageCode
SessionParameter	name	http://v8.1c.ru/8.3/MDClasses	Name	8.3.27	platform-property-md-Name
SessionParameter	synonym	http://v8.1c.ru/8.3/MDClasses	Synonym	8.3.27	platform-property-md-Synonym
SessionParameter	comment	http://v8.1c.ru/8.3/MDClasses	Comment	8.3.27	platform-property-md-Comment
SessionParameter	objectBelonging	http://v8.1c.ru/8.3/MDClasses	ObjectBelonging	8.3.27	platform-property-md-ObjectBelonging
SessionParameter	extendedConfigurationObject	http://v8.1c.ru/8.3/MDClasses	ExtendedConfigurationObject	8.3.27	platform-property-md-ExtendedConfigurationObject
SessionParameter	type	http://v8.1c.ru/8.3/MDClasses	Type	8.3.27	platform-property-md-Type
CommonTemplate	name	http://v8.1c.ru/8.3/MDClasses	Name	8.3.27	platform-property-md-Name
CommonTemplate	synonym	http://v8.1c.ru/8.3/MDClasses	Synonym	8.3.27	platform-property-md-Synonym
CommonTemplate	comment	http://v8.1c.ru/8.3/MDClasses	Comment	8.3.27	platform-property-md-Comment
CommonTemplate	objectBelonging	http://v8.1c.ru/8.3/MDClasses	ObjectBelonging	8.3.27	platform-property-md-ObjectBelonging
CommonTemplate	extendedConfigurationObject	http://v8.1c.ru/8.3/MDClasses	ExtendedConfigurationObject	8.3.27	platform-property-md-ExtendedConfigurationObject
CommonTemplate	templateType	http://v8.1c.ru/8.3/MDClasses	TemplateType	8.3.27	platform-property-md-TemplateType
CommonModule	name	http://v8.1c.ru/8.3/MDClasses	Name	8.3.27	platform-property-md-Name
CommonModule	synonym	http://v8.1c.ru/8.3/MDClasses	Synonym	8.3.27	platform-property-md-Synonym
CommonModule	comment	http://v8.1c.ru/8.3/MDClasses	Comment	8.3.27	platform-property-md-Comment
CommonModule	objectBelonging	http://v8.1c.ru/8.3/MDClasses	ObjectBelonging	8.3.27	platform-property-md-ObjectBelonging
CommonModule	extendedConfigurationObject	http://v8.1c.ru/8.3/MDClasses	ExtendedConfigurationObject	8.3.27	platform-property-md-ExtendedConfigurationObject
CommonModule	global	http://v8.1c.ru/8.3/MDClasses	Global	8.3.27	platform-property-md-Global
CommonModule	clientManagedApplication	http://v8.1c.ru/8.3/MDClasses	ClientManagedApplication	8.3.27	platform-property-md-ClientManagedApplication
CommonModule	server	http://v8.1c.ru/8.3/MDClasses	Server	8.3.27	platform-property-md-Server
CommonModule	externalConnection	http://v8.1c.ru/8.3/MDClasses	ExternalConnection	8.3.27	platform-property-md-ExternalConnection
CommonModule	clientOrdinaryApplication	http://v8.1c.ru/8.3/MDClasses	ClientOrdinaryApplication	8.3.27	platform-property-md-ClientOrdinaryApplication
CommonModule	serverCall	http://v8.1c.ru/8.3/MDClasses	ServerCall	8.3.27	platform-property-md-ServerCall
CommonModule	privileged	http://v8.1c.ru/8.3/MDClasses	Privileged	8.3.27	platform-property-md-Privileged
CommonModule	returnValuesReuse	http://v8.1c.ru/8.3/MDClasses	ReturnValuesReuse	8.3.27	platform-property-md-ReturnValuesReuse
CommonAttribute	name	http://v8.1c.ru/8.3/MDClasses	Name	8.3.27	platform-property-md-Name
CommonAttribute	synonym	http://v8.1c.ru/8.3/MDClasses	Synonym	8.3.27	platform-property-md-Synonym
CommonAttribute	comment	http://v8.1c.ru/8.3/MDClasses	Comment	8.3.27	platform-property-md-Comment
CommonAttribute	objectBelonging	http://v8.1c.ru/8.3/MDClasses	ObjectBelonging	8.3.27	platform-property-md-ObjectBelonging
CommonAttribute	extendedConfigurationObject	http://v8.1c.ru/8.3/MDClasses	ExtendedConfigurationObject	8.3.27	platform-property-md-ExtendedConfigurationObject
CommonAttribute	type	http://v8.1c.ru/8.3/MDClasses	Type	8.3.27	platform-property-md-Type
CommonAttribute	passwordMode	http://v8.1c.ru/8.3/MDClasses	PasswordMode	8.3.27	platform-property-md-PasswordMode
CommonAttribute	format	http://v8.1c.ru/8.3/MDClasses	Format	8.3.27	platform-property-md-Format
CommonAttribute	editFormat	http://v8.1c.ru/8.3/MDClasses	EditFormat	8.3.27	platform-property-md-EditFormat
CommonAttribute	toolTip	http://v8.1c.ru/8.3/MDClasses	ToolTip	8.3.27	platform-property-md-ToolTip
CommonAttribute	markNegatives	http://v8.1c.ru/8.3/MDClasses	MarkNegatives	8.3.27	platform-property-md-MarkNegatives
CommonAttribute	mask	http://v8.1c.ru/8.3/MDClasses	Mask	8.3.27	platform-property-md-Mask
CommonAttribute	multiLine	http://v8.1c.ru/8.3/MDClasses	MultiLine	8.3.27	platform-property-md-MultiLine
CommonAttribute	extendedEdit	http://v8.1c.ru/8.3/MDClasses	ExtendedEdit	8.3.27	platform-property-md-ExtendedEdit
CommonAttribute	minValue	http://v8.1c.ru/8.3/MDClasses	MinValue	8.3.27	platform-property-md-MinValue
CommonAttribute	maxValue	http://v8.1c.ru/8.3/MDClasses	MaxValue	8.3.27	platform-property-md-MaxValue
CommonAttribute	fillFromFillingValue	http://v8.1c.ru/8.3/MDClasses	FillFromFillingValue	8.3.27	platform-property-md-FillFromFillingValue
CommonAttribute	fillValue	http://v8.1c.ru/8.3/MDClasses	FillValue	8.3.27	platform-property-md-FillValue
CommonAttribute	fillChecking	http://v8.1c.ru/8.3/MDClasses	FillChecking	8.3.27	platform-property-md-FillChecking
CommonAttribute	choiceFoldersAndItems	http://v8.1c.ru/8.3/MDClasses	ChoiceFoldersAndItems	8.3.27	platform-property-md-ChoiceFoldersAndItems
CommonAttribute	choiceParameterLinks	http://v8.1c.ru/8.3/MDClasses	ChoiceParameterLinks	8.3.27	platform-property-md-ChoiceParameterLinks
CommonAttribute	choiceParameters	http://v8.1c.ru/8.3/MDClasses	ChoiceParameters	8.3.27	platform-property-md-ChoiceParameters
CommonAttribute	quickChoice	http://v8.1c.ru/8.3/MDClasses	QuickChoice	8.3.27	platform-property-md-QuickChoice
CommonAttribute	createOnInput	http://v8.1c.ru/8.3/MDClasses	CreateOnInput	8.3.27	platform-property-md-CreateOnInput
CommonAttribute	choiceForm	http://v8.1c.ru/8.3/MDClasses	ChoiceForm	8.3.27	platform-property-md-ChoiceForm
CommonAttribute	linkByType	http://v8.1c.ru/8.3/MDClasses	LinkByType	8.3.27	platform-property-md-LinkByType
CommonAttribute	choiceHistoryOnInput	http://v8.1c.ru/8.3/MDClasses	ChoiceHistoryOnInput	8.3.27	platform-property-md-ChoiceHistoryOnInput
CommonAttribute	content	http://v8.1c.ru/8.3/MDClasses	Content	8.3.27	platform-property-md-Content
CommonAttribute	autoUse	http://v8.1c.ru/8.3/MDClasses	AutoUse	8.3.27	platform-property-md-AutoUse
CommonAttribute	dataSeparation	http://v8.1c.ru/8.3/MDClasses	DataSeparation	8.3.27	platform-property-md-DataSeparation
CommonAttribute	separatedDataUse	http://v8.1c.ru/8.3/MDClasses	SeparatedDataUse	8.3.27	platform-property-md-SeparatedDataUse
CommonAttribute	dataSeparationValue	http://v8.1c.ru/8.3/MDClasses	DataSeparationValue	8.3.27	platform-property-md-DataSeparationValue
CommonAttribute	dataSeparationUse	http://v8.1c.ru/8.3/MDClasses	DataSeparationUse	8.3.27	platform-property-md-DataSeparationUse
CommonAttribute	conditionalSeparation	http://v8.1c.ru/8.3/MDClasses	ConditionalSeparation	8.3.27	platform-property-md-ConditionalSeparation
CommonAttribute	usersSeparation	http://v8.1c.ru/8.3/MDClasses	UsersSeparation	8.3.27	platform-property-md-UsersSeparation
CommonAttribute	authenticationSeparation	http://v8.1c.ru/8.3/MDClasses	AuthenticationSeparation	8.3.27	platform-property-md-AuthenticationSeparation
CommonAttribute	configurationExtensionsSeparation	http://v8.1c.ru/8.3/MDClasses	ConfigurationExtensionsSeparation	8.3.27	platform-property-md-ConfigurationExtensionsSeparation
CommonAttribute	indexing	http://v8.1c.ru/8.3/MDClasses	Indexing	8.3.27	platform-property-md-Indexing
CommonAttribute	fullTextSearch	http://v8.1c.ru/8.3/MDClasses	FullTextSearch	8.3.27	platform-property-md-FullTextSearch
CommonAttribute	dataHistory	http://v8.1c.ru/8.3/MDClasses	DataHistory	8.3.27	platform-property-md-DataHistory
CommonForm	name	http://v8.1c.ru/8.3/MDClasses	Name	8.3.27	platform-property-md-Name
CommonForm	synonym	http://v8.1c.ru/8.3/MDClasses	Synonym	8.3.27	platform-property-md-Synonym
CommonForm	comment	http://v8.1c.ru/8.3/MDClasses	Comment	8.3.27	platform-property-md-Comment
CommonForm	objectBelonging	http://v8.1c.ru/8.3/MDClasses	ObjectBelonging	8.3.27	platform-property-md-ObjectBelonging
CommonForm	extendedConfigurationObject	http://v8.1c.ru/8.3/MDClasses	ExtendedConfigurationObject	8.3.27	platform-property-md-ExtendedConfigurationObject
CommonForm	formType	http://v8.1c.ru/8.3/MDClasses	FormType	8.3.27	platform-property-md-FormType
CommonForm	includeHelpInContents	http://v8.1c.ru/8.3/MDClasses	IncludeHelpInContents	8.3.27	platform-property-md-IncludeHelpInContents
CommonForm	help	http://v8.1c.ru/8.3/MDClasses	Help	8.3.27	platform-property-md-Help
CommonForm	usePurposes	http://v8.1c.ru/8.3/MDClasses	UsePurposes	8.3.27	platform-property-md-UsePurposes
CommonForm	useInInterfaceCompatibilityMode	http://v8.1c.ru/8.3/MDClasses	UseInInterfaceCompatibilityMode	8.5.1	platform-property-md-UseInInterfaceCompatibilityMode
CommonForm	useStandardCommands	http://v8.1c.ru/8.3/MDClasses	UseStandardCommands	8.3.27	platform-property-md-UseStandardCommands
CommonForm	extendedPresentation	http://v8.1c.ru/8.3/MDClasses	ExtendedPresentation	8.3.27	platform-property-md-ExtendedPresentation
CommonForm	explanation	http://v8.1c.ru/8.3/MDClasses	Explanation	8.3.27	platform-property-md-Explanation
CommonPicture	name	http://v8.1c.ru/8.3/MDClasses	Name	8.3.27	platform-property-md-Name
CommonPicture	synonym	http://v8.1c.ru/8.3/MDClasses	Synonym	8.3.27	platform-property-md-Synonym
CommonPicture	comment	http://v8.1c.ru/8.3/MDClasses	Comment	8.3.27	platform-property-md-Comment
CommonPicture	objectBelonging	http://v8.1c.ru/8.3/MDClasses	ObjectBelonging	8.3.27	platform-property-md-ObjectBelonging
CommonPicture	extendedConfigurationObject	http://v8.1c.ru/8.3/MDClasses	ExtendedConfigurationObject	8.3.27	platform-property-md-ExtendedConfigurationObject
CommonPicture	availabilityForChoice	http://v8.1c.ru/8.3/MDClasses	AvailabilityForChoice	8.3.27	platform-property-md-AvailabilityForChoice
CommonPicture	availabilityForAppearance	http://v8.1c.ru/8.3/MDClasses	AvailabilityForAppearance	8.3.27	platform-property-md-AvailabilityForAppearance
CommandGroup	name	http://v8.1c.ru/8.3/MDClasses	Name	8.3.27	platform-property-md-Name
CommandGroup	synonym	http://v8.1c.ru/8.3/MDClasses	Synonym	8.3.27	platform-property-md-Synonym
CommandGroup	comment	http://v8.1c.ru/8.3/MDClasses	Comment	8.3.27	platform-property-md-Comment
CommandGroup	objectBelonging	http://v8.1c.ru/8.3/MDClasses	ObjectBelonging	8.3.27	platform-property-md-ObjectBelonging
CommandGroup	extendedConfigurationObject	http://v8.1c.ru/8.3/MDClasses	ExtendedConfigurationObject	8.3.27	platform-property-md-ExtendedConfigurationObject
CommandGroup	representation	http://v8.1c.ru/8.3/MDClasses	Representation	8.3.27	platform-property-md-Representation
CommandGroup	toolTip	http://v8.1c.ru/8.3/MDClasses	ToolTip	8.3.27	platform-property-md-ToolTip
CommandGroup	picture	http://v8.1c.ru/8.3/MDClasses	Picture	8.3.27	platform-property-md-Picture
CommandGroup	category	http://v8.1c.ru/8.3/MDClasses	Category	8.3.27	platform-property-md-Category
Catalog	name	http://v8.1c.ru/8.3/MDClasses	Name	8.3.27	platform-property-md-Name
Catalog	synonym	http://v8.1c.ru/8.3/MDClasses	Synonym	8.3.27	platform-property-md-Synonym
Catalog	comment	http://v8.1c.ru/8.3/MDClasses	Comment	8.3.27	platform-property-md-Comment
Catalog	objectBelonging	http://v8.1c.ru/8.3/MDClasses	ObjectBelonging	8.3.27	platform-property-md-ObjectBelonging
Catalog	extendedConfigurationObject	http://v8.1c.ru/8.3/MDClasses	ExtendedConfigurationObject	8.3.27	platform-property-md-ExtendedConfigurationObject
Catalog	hierarchical	http://v8.1c.ru/8.3/MDClasses	Hierarchical	8.3.27	platform-property-md-Hierarchical
Catalog	hierarchyType	http://v8.1c.ru/8.3/MDClasses	HierarchyType	8.3.27	platform-property-md-HierarchyType
Catalog	limitLevelCount	http://v8.1c.ru/8.3/MDClasses	LimitLevelCount	8.3.27	platform-property-md-LimitLevelCount
Catalog	levelCount	http://v8.1c.ru/8.3/MDClasses	LevelCount	8.3.27	platform-property-md-LevelCount
Catalog	foldersOnTop	http://v8.1c.ru/8.3/MDClasses	FoldersOnTop	8.3.27	platform-property-md-FoldersOnTop
Catalog	useStandardCommands	http://v8.1c.ru/8.3/MDClasses	UseStandardCommands	8.3.27	platform-property-md-UseStandardCommands
Catalog	owners	http://v8.1c.ru/8.3/MDClasses	Owners	8.3.27	platform-property-md-Owners
Catalog	subordinationUse	http://v8.1c.ru/8.3/MDClasses	SubordinationUse	8.3.27	platform-property-md-SubordinationUse
Catalog	codeLength	http://v8.1c.ru/8.3/MDClasses	CodeLength	8.3.27	platform-property-md-CodeLength
Catalog	descriptionLength	http://v8.1c.ru/8.3/MDClasses	DescriptionLength	8.3.27	platform-property-md-DescriptionLength
Catalog	codeType	http://v8.1c.ru/8.3/MDClasses	CodeType	8.3.27	platform-property-md-CodeType
Catalog	codeAllowedLength	http://v8.1c.ru/8.3/MDClasses	CodeAllowedLength	8.3.27	platform-property-md-CodeAllowedLength
Catalog	codeSeries	http://v8.1c.ru/8.3/MDClasses	CodeSeries	8.3.27	platform-property-md-CodeSeries
Catalog	checkUnique	http://v8.1c.ru/8.3/MDClasses	CheckUnique	8.3.27	platform-property-md-CheckUnique
Catalog	autonumbering	http://v8.1c.ru/8.3/MDClasses	Autonumbering	8.3.27	platform-property-md-Autonumbering
Catalog	defaultPresentation	http://v8.1c.ru/8.3/MDClasses	DefaultPresentation	8.3.27	platform-property-md-DefaultPresentation
Catalog	standardAttributes	http://v8.1c.ru/8.3/MDClasses	StandardAttributes	8.3.27	platform-property-md-StandardAttributes
Catalog	characteristics	http://v8.1c.ru/8.3/MDClasses	Characteristics	8.3.27	platform-property-md-Characteristics
Catalog	predefined	http://v8.1c.ru/8.3/MDClasses	Predefined	8.3.27	platform-property-md-Predefined
Catalog	predefinedDataUpdate	http://v8.1c.ru/8.3/MDClasses	PredefinedDataUpdate	8.3.27	platform-property-md-PredefinedDataUpdate
Catalog	editType	http://v8.1c.ru/8.3/MDClasses	EditType	8.3.27	platform-property-md-EditType
Catalog	quickChoice	http://v8.1c.ru/8.3/MDClasses	QuickChoice	8.3.27	platform-property-md-QuickChoice
Catalog	choiceMode	http://v8.1c.ru/8.3/MDClasses	ChoiceMode	8.3.27	platform-property-md-ChoiceMode
Catalog	inputByString	http://v8.1c.ru/8.3/MDClasses	InputByString	8.3.27	platform-property-md-InputByString
Catalog	searchStringModeOnInputByString	http://v8.1c.ru/8.3/MDClasses	SearchStringModeOnInputByString	8.3.27	platform-property-md-SearchStringModeOnInputByString
Catalog	fullTextSearchOnInputByString	http://v8.1c.ru/8.3/MDClasses	FullTextSearchOnInputByString	8.3.27	platform-property-md-FullTextSearchOnInputByString
Catalog	choiceDataGetModeOnInputByString	http://v8.1c.ru/8.3/MDClasses	ChoiceDataGetModeOnInputByString	8.3.27	platform-property-md-ChoiceDataGetModeOnInputByString
Catalog	defaultObjectForm	http://v8.1c.ru/8.3/MDClasses	DefaultObjectForm	8.3.27	platform-property-md-DefaultObjectForm
Catalog	defaultFolderForm	http://v8.1c.ru/8.3/MDClasses	DefaultFolderForm	8.3.27	platform-property-md-DefaultFolderForm
Catalog	defaultListForm	http://v8.1c.ru/8.3/MDClasses	DefaultListForm	8.3.27	platform-property-md-DefaultListForm
Catalog	defaultChoiceForm	http://v8.1c.ru/8.3/MDClasses	DefaultChoiceForm	8.3.27	platform-property-md-DefaultChoiceForm
Catalog	defaultFolderChoiceForm	http://v8.1c.ru/8.3/MDClasses	DefaultFolderChoiceForm	8.3.27	platform-property-md-DefaultFolderChoiceForm
Catalog	auxiliaryObjectForm	http://v8.1c.ru/8.3/MDClasses	AuxiliaryObjectForm	8.3.27	platform-property-md-AuxiliaryObjectForm
Catalog	auxiliaryFolderForm	http://v8.1c.ru/8.3/MDClasses	AuxiliaryFolderForm	8.3.27	platform-property-md-AuxiliaryFolderForm
Catalog	auxiliaryListForm	http://v8.1c.ru/8.3/MDClasses	AuxiliaryListForm	8.3.27	platform-property-md-AuxiliaryListForm
Catalog	auxiliaryChoiceForm	http://v8.1c.ru/8.3/MDClasses	AuxiliaryChoiceForm	8.3.27	platform-property-md-AuxiliaryChoiceForm
Catalog	auxiliaryFolderChoiceForm	http://v8.1c.ru/8.3/MDClasses	AuxiliaryFolderChoiceForm	8.3.27	platform-property-md-AuxiliaryFolderChoiceForm
Catalog	includeHelpInContents	http://v8.1c.ru/8.3/MDClasses	IncludeHelpInContents	8.3.27	platform-property-md-IncludeHelpInContents
Catalog	help	http://v8.1c.ru/8.3/MDClasses	Help	8.3.27	platform-property-md-Help
Catalog	basedOn	http://v8.1c.ru/8.3/MDClasses	BasedOn	8.3.27	platform-property-md-BasedOn
Catalog	dataLockFields	http://v8.1c.ru/8.3/MDClasses	DataLockFields	8.3.27	platform-property-md-DataLockFields
Catalog	dataLockControlMode	http://v8.1c.ru/8.3/MDClasses	DataLockControlMode	8.3.27	platform-property-md-DataLockControlMode
Catalog	fullTextSearch	http://v8.1c.ru/8.3/MDClasses	FullTextSearch	8.3.27	platform-property-md-FullTextSearch
Catalog	objectPresentation	http://v8.1c.ru/8.3/MDClasses	ObjectPresentation	8.3.27	platform-property-md-ObjectPresentation
Catalog	extendedObjectPresentation	http://v8.1c.ru/8.3/MDClasses	ExtendedObjectPresentation	8.3.27	platform-property-md-ExtendedObjectPresentation
Catalog	listPresentation	http://v8.1c.ru/8.3/MDClasses	ListPresentation	8.3.27	platform-property-md-ListPresentation
Catalog	extendedListPresentation	http://v8.1c.ru/8.3/MDClasses	ExtendedListPresentation	8.3.27	platform-property-md-ExtendedListPresentation
Catalog	explanation	http://v8.1c.ru/8.3/MDClasses	Explanation	8.3.27	platform-property-md-Explanation
Catalog	createOnInput	http://v8.1c.ru/8.3/MDClasses	CreateOnInput	8.3.27	platform-property-md-CreateOnInput
Catalog	choiceHistoryOnInput	http://v8.1c.ru/8.3/MDClasses	ChoiceHistoryOnInput	8.3.27	platform-property-md-ChoiceHistoryOnInput
Catalog	dataHistory	http://v8.1c.ru/8.3/MDClasses	DataHistory	8.3.27	platform-property-md-DataHistory
Catalog	updateDataHistoryImmediatelyAfterWrite	http://v8.1c.ru/8.3/MDClasses	UpdateDataHistoryImmediatelyAfterWrite	8.3.27	platform-property-md-UpdateDataHistoryImmediatelyAfterWrite
Catalog	executeAfterWriteDataHistoryVersionProcessing	http://v8.1c.ru/8.3/MDClasses	ExecuteAfterWriteDataHistoryVersionProcessing	8.3.27	platform-property-md-ExecuteAfterWriteDataHistoryVersionProcessing
CatalogAttribute	name	http://v8.1c.ru/8.3/MDClasses	Name	8.3.27	platform-property-md-Name
CatalogAttribute	synonym	http://v8.1c.ru/8.3/MDClasses	Synonym	8.3.27	platform-property-md-Synonym
CatalogAttribute	comment	http://v8.1c.ru/8.3/MDClasses	Comment	8.3.27	platform-property-md-Comment
CatalogAttribute	objectBelonging	http://v8.1c.ru/8.3/MDClasses	ObjectBelonging	8.3.27	platform-property-md-ObjectBelonging
CatalogAttribute	extendedConfigurationObject	http://v8.1c.ru/8.3/MDClasses	ExtendedConfigurationObject	8.3.27	platform-property-md-ExtendedConfigurationObject
CatalogAttribute	type	http://v8.1c.ru/8.3/MDClasses	Type	8.3.27	platform-property-md-Type
CatalogAttribute	passwordMode	http://v8.1c.ru/8.3/MDClasses	PasswordMode	8.3.27	platform-property-md-PasswordMode
CatalogAttribute	format	http://v8.1c.ru/8.3/MDClasses	Format	8.3.27	platform-property-md-Format
CatalogAttribute	editFormat	http://v8.1c.ru/8.3/MDClasses	EditFormat	8.3.27	platform-property-md-EditFormat
CatalogAttribute	toolTip	http://v8.1c.ru/8.3/MDClasses	ToolTip	8.3.27	platform-property-md-ToolTip
CatalogAttribute	markNegatives	http://v8.1c.ru/8.3/MDClasses	MarkNegatives	8.3.27	platform-property-md-MarkNegatives
CatalogAttribute	mask	http://v8.1c.ru/8.3/MDClasses	Mask	8.3.27	platform-property-md-Mask
CatalogAttribute	multiLine	http://v8.1c.ru/8.3/MDClasses	MultiLine	8.3.27	platform-property-md-MultiLine
CatalogAttribute	extendedEdit	http://v8.1c.ru/8.3/MDClasses	ExtendedEdit	8.3.27	platform-property-md-ExtendedEdit
CatalogAttribute	minValue	http://v8.1c.ru/8.3/MDClasses	MinValue	8.3.27	platform-property-md-MinValue
CatalogAttribute	maxValue	http://v8.1c.ru/8.3/MDClasses	MaxValue	8.3.27	platform-property-md-MaxValue
CatalogAttribute	fillFromFillingValue	http://v8.1c.ru/8.3/MDClasses	FillFromFillingValue	8.3.27	platform-property-md-FillFromFillingValue
CatalogAttribute	fillValue	http://v8.1c.ru/8.3/MDClasses	FillValue	8.3.27	platform-property-md-FillValue
CatalogAttribute	fillChecking	http://v8.1c.ru/8.3/MDClasses	FillChecking	8.3.27	platform-property-md-FillChecking
CatalogAttribute	choiceFoldersAndItems	http://v8.1c.ru/8.3/MDClasses	ChoiceFoldersAndItems	8.3.27	platform-property-md-ChoiceFoldersAndItems
CatalogAttribute	choiceParameterLinks	http://v8.1c.ru/8.3/MDClasses	ChoiceParameterLinks	8.3.27	platform-property-md-ChoiceParameterLinks
CatalogAttribute	choiceParameters	http://v8.1c.ru/8.3/MDClasses	ChoiceParameters	8.3.27	platform-property-md-ChoiceParameters
CatalogAttribute	quickChoice	http://v8.1c.ru/8.3/MDClasses	QuickChoice	8.3.27	platform-property-md-QuickChoice
CatalogAttribute	createOnInput	http://v8.1c.ru/8.3/MDClasses	CreateOnInput	8.3.27	platform-property-md-CreateOnInput
CatalogAttribute	choiceForm	http://v8.1c.ru/8.3/MDClasses	ChoiceForm	8.3.27	platform-property-md-ChoiceForm
CatalogAttribute	linkByType	http://v8.1c.ru/8.3/MDClasses	LinkByType	8.3.27	platform-property-md-LinkByType
CatalogAttribute	choiceHistoryOnInput	http://v8.1c.ru/8.3/MDClasses	ChoiceHistoryOnInput	8.3.27	platform-property-md-ChoiceHistoryOnInput
CatalogAttribute	use	http://v8.1c.ru/8.3/MDClasses	Use	8.3.27	platform-property-md-Use
CatalogAttribute	indexing	http://v8.1c.ru/8.3/MDClasses	Indexing	8.3.27	platform-property-md-Indexing
CatalogAttribute	fullTextSearch	http://v8.1c.ru/8.3/MDClasses	FullTextSearch	8.3.27	platform-property-md-FullTextSearch
CatalogAttribute	dataHistory	http://v8.1c.ru/8.3/MDClasses	DataHistory	8.3.27	platform-property-md-DataHistory
CatalogAttribute	binaryDataStorageLocationUse	http://v8.1c.ru/8.3/MDClasses	BinaryDataStorageLocationUse	8.3.27	platform-property-md-BinaryDataStorageLocationUse
CatalogAttribute	binaryDataStorageLocationUseField	http://v8.1c.ru/8.3/MDClasses	BinaryDataStorageLocationUseField	8.3.27	platform-property-md-BinaryDataStorageLocationUseField
CatalogTabularSection	name	http://v8.1c.ru/8.3/MDClasses	Name	8.3.27	platform-property-md-Name
CatalogTabularSection	synonym	http://v8.1c.ru/8.3/MDClasses	Synonym	8.3.27	platform-property-md-Synonym
CatalogTabularSection	comment	http://v8.1c.ru/8.3/MDClasses	Comment	8.3.27	platform-property-md-Comment
CatalogTabularSection	objectBelonging	http://v8.1c.ru/8.3/MDClasses	ObjectBelonging	8.3.27	platform-property-md-ObjectBelonging
CatalogTabularSection	extendedConfigurationObject	http://v8.1c.ru/8.3/MDClasses	ExtendedConfigurationObject	8.3.27	platform-property-md-ExtendedConfigurationObject
CatalogTabularSection	toolTip	http://v8.1c.ru/8.3/MDClasses	ToolTip	8.3.27	platform-property-md-ToolTip
CatalogTabularSection	fillChecking	http://v8.1c.ru/8.3/MDClasses	FillChecking	8.3.27	platform-property-md-FillChecking
CatalogTabularSection	standardAttributes	http://v8.1c.ru/8.3/MDClasses	StandardAttributes	8.3.27	platform-property-md-StandardAttributes
CatalogTabularSection	lineNumberLength	http://v8.1c.ru/8.3/MDClasses	LineNumberLength	8.3.27	platform-property-md-LineNumberLength
CatalogTabularSection	use	http://v8.1c.ru/8.3/MDClasses	Use	8.3.27	platform-property-md-Use
CatalogForm	name	http://v8.1c.ru/8.3/MDClasses	Name	8.3.27	platform-property-md-Name
CatalogForm	synonym	http://v8.1c.ru/8.3/MDClasses	Synonym	8.3.27	platform-property-md-Synonym
CatalogForm	comment	http://v8.1c.ru/8.3/MDClasses	Comment	8.3.27	platform-property-md-Comment
CatalogForm	objectBelonging	http://v8.1c.ru/8.3/MDClasses	ObjectBelonging	8.3.27	platform-property-md-ObjectBelonging
CatalogForm	extendedConfigurationObject	http://v8.1c.ru/8.3/MDClasses	ExtendedConfigurationObject	8.3.27	platform-property-md-ExtendedConfigurationObject
CatalogForm	formType	http://v8.1c.ru/8.3/MDClasses	FormType	8.3.27	platform-property-md-FormType
CatalogForm	includeHelpInContents	http://v8.1c.ru/8.3/MDClasses	IncludeHelpInContents	8.3.27	platform-property-md-IncludeHelpInContents
CatalogForm	help	http://v8.1c.ru/8.3/MDClasses	Help	8.3.27	platform-property-md-Help
CatalogForm	usePurposes	http://v8.1c.ru/8.3/MDClasses	UsePurposes	8.3.27	platform-property-md-UsePurposes
CatalogForm	useInInterfaceCompatibilityMode	http://v8.1c.ru/8.3/MDClasses	UseInInterfaceCompatibilityMode	8.5.1	platform-property-md-UseInInterfaceCompatibilityMode
CatalogCommand	name	http://v8.1c.ru/8.3/MDClasses	Name	8.3.27	platform-property-md-Name
CatalogCommand	synonym	http://v8.1c.ru/8.3/MDClasses	Synonym	8.3.27	platform-property-md-Synonym
CatalogCommand	comment	http://v8.1c.ru/8.3/MDClasses	Comment	8.3.27	platform-property-md-Comment
CatalogCommand	objectBelonging	http://v8.1c.ru/8.3/MDClasses	ObjectBelonging	8.3.27	platform-property-md-ObjectBelonging
CatalogCommand	extendedConfigurationObject	http://v8.1c.ru/8.3/MDClasses	ExtendedConfigurationObject	8.3.27	platform-property-md-ExtendedConfigurationObject
CatalogCommand	group	http://v8.1c.ru/8.3/MDClasses	Group	8.3.27	platform-property-md-Group
CatalogCommand	commandParameterType	http://v8.1c.ru/8.3/MDClasses	CommandParameterType	8.3.27	platform-property-md-CommandParameterType
CatalogCommand	parameterUseMode	http://v8.1c.ru/8.3/MDClasses	ParameterUseMode	8.3.27	platform-property-md-ParameterUseMode
CatalogCommand	modifiesData	http://v8.1c.ru/8.3/MDClasses	ModifiesData	8.3.27	platform-property-md-ModifiesData
CatalogCommand	representation	http://v8.1c.ru/8.3/MDClasses	Representation	8.3.27	platform-property-md-Representation
CatalogCommand	toolTip	http://v8.1c.ru/8.3/MDClasses	ToolTip	8.3.27	platform-property-md-ToolTip
CatalogCommand	picture	http://v8.1c.ru/8.3/MDClasses	Picture	8.3.27	platform-property-md-Picture
CatalogCommand	shortcut	http://v8.1c.ru/8.3/MDClasses	Shortcut	8.3.27	platform-property-md-Shortcut
CatalogCommand	onMainServerUnavalableBehavior	http://v8.1c.ru/8.3/MDClasses	OnMainServerUnavalableBehavior	8.3.27	platform-property-md-OnMainServerUnavalableBehavior
Document	name	http://v8.1c.ru/8.3/MDClasses	Name	8.3.27	platform-property-md-Name
Document	synonym	http://v8.1c.ru/8.3/MDClasses	Synonym	8.3.27	platform-property-md-Synonym
Document	comment	http://v8.1c.ru/8.3/MDClasses	Comment	8.3.27	platform-property-md-Comment
Document	objectBelonging	http://v8.1c.ru/8.3/MDClasses	ObjectBelonging	8.3.27	platform-property-md-ObjectBelonging
Document	extendedConfigurationObject	http://v8.1c.ru/8.3/MDClasses	ExtendedConfigurationObject	8.3.27	platform-property-md-ExtendedConfigurationObject
Document	useStandardCommands	http://v8.1c.ru/8.3/MDClasses	UseStandardCommands	8.3.27	platform-property-md-UseStandardCommands
Document	numerator	http://v8.1c.ru/8.3/MDClasses	Numerator	8.3.27	platform-property-md-Numerator
Document	numberType	http://v8.1c.ru/8.3/MDClasses	NumberType	8.3.27	platform-property-md-NumberType
Document	numberLength	http://v8.1c.ru/8.3/MDClasses	NumberLength	8.3.27	platform-property-md-NumberLength
Document	numberAllowedLength	http://v8.1c.ru/8.3/MDClasses	NumberAllowedLength	8.3.27	platform-property-md-NumberAllowedLength
Document	numberPeriodicity	http://v8.1c.ru/8.3/MDClasses	NumberPeriodicity	8.3.27	platform-property-md-NumberPeriodicity
Document	checkUnique	http://v8.1c.ru/8.3/MDClasses	CheckUnique	8.3.27	platform-property-md-CheckUnique
Document	autonumbering	http://v8.1c.ru/8.3/MDClasses	Autonumbering	8.3.27	platform-property-md-Autonumbering
Document	standardAttributes	http://v8.1c.ru/8.3/MDClasses	StandardAttributes	8.3.27	platform-property-md-StandardAttributes
Document	characteristics	http://v8.1c.ru/8.3/MDClasses	Characteristics	8.3.27	platform-property-md-Characteristics
Document	basedOn	http://v8.1c.ru/8.3/MDClasses	BasedOn	8.3.27	platform-property-md-BasedOn
Document	inputByString	http://v8.1c.ru/8.3/MDClasses	InputByString	8.3.27	platform-property-md-InputByString
Document	createOnInput	http://v8.1c.ru/8.3/MDClasses	CreateOnInput	8.3.27	platform-property-md-CreateOnInput
Document	searchStringModeOnInputByString	http://v8.1c.ru/8.3/MDClasses	SearchStringModeOnInputByString	8.3.27	platform-property-md-SearchStringModeOnInputByString
Document	fullTextSearchOnInputByString	http://v8.1c.ru/8.3/MDClasses	FullTextSearchOnInputByString	8.3.27	platform-property-md-FullTextSearchOnInputByString
Document	choiceDataGetModeOnInputByString	http://v8.1c.ru/8.3/MDClasses	ChoiceDataGetModeOnInputByString	8.3.27	platform-property-md-ChoiceDataGetModeOnInputByString
Document	defaultObjectForm	http://v8.1c.ru/8.3/MDClasses	DefaultObjectForm	8.3.27	platform-property-md-DefaultObjectForm
Document	defaultListForm	http://v8.1c.ru/8.3/MDClasses	DefaultListForm	8.3.27	platform-property-md-DefaultListForm
Document	defaultChoiceForm	http://v8.1c.ru/8.3/MDClasses	DefaultChoiceForm	8.3.27	platform-property-md-DefaultChoiceForm
Document	auxiliaryObjectForm	http://v8.1c.ru/8.3/MDClasses	AuxiliaryObjectForm	8.3.27	platform-property-md-AuxiliaryObjectForm
Document	auxiliaryListForm	http://v8.1c.ru/8.3/MDClasses	AuxiliaryListForm	8.3.27	platform-property-md-AuxiliaryListForm
Document	auxiliaryChoiceForm	http://v8.1c.ru/8.3/MDClasses	AuxiliaryChoiceForm	8.3.27	platform-property-md-AuxiliaryChoiceForm
Document	posting	http://v8.1c.ru/8.3/MDClasses	Posting	8.3.27	platform-property-md-Posting
Document	realTimePosting	http://v8.1c.ru/8.3/MDClasses	RealTimePosting	8.3.27	platform-property-md-RealTimePosting
Document	registerRecordsDeletion	http://v8.1c.ru/8.3/MDClasses	RegisterRecordsDeletion	8.3.27	platform-property-md-RegisterRecordsDeletion
Document	registerRecordsWritingOnPost	http://v8.1c.ru/8.3/MDClasses	RegisterRecordsWritingOnPost	8.3.27	platform-property-md-RegisterRecordsWritingOnPost
Document	sequenceFilling	http://v8.1c.ru/8.3/MDClasses	SequenceFilling	8.3.27	platform-property-md-SequenceFilling
Document	registerRecords	http://v8.1c.ru/8.3/MDClasses	RegisterRecords	8.3.27	platform-property-md-RegisterRecords
Document	postInPrivilegedMode	http://v8.1c.ru/8.3/MDClasses	PostInPrivilegedMode	8.3.27	platform-property-md-PostInPrivilegedMode
Document	unpostInPrivilegedMode	http://v8.1c.ru/8.3/MDClasses	UnpostInPrivilegedMode	8.3.27	platform-property-md-UnpostInPrivilegedMode
Document	includeHelpInContents	http://v8.1c.ru/8.3/MDClasses	IncludeHelpInContents	8.3.27	platform-property-md-IncludeHelpInContents
Document	help	http://v8.1c.ru/8.3/MDClasses	Help	8.3.27	platform-property-md-Help
Document	dataLockFields	http://v8.1c.ru/8.3/MDClasses	DataLockFields	8.3.27	platform-property-md-DataLockFields
Document	dataLockControlMode	http://v8.1c.ru/8.3/MDClasses	DataLockControlMode	8.3.27	platform-property-md-DataLockControlMode
Document	fullTextSearch	http://v8.1c.ru/8.3/MDClasses	FullTextSearch	8.3.27	platform-property-md-FullTextSearch
Document	objectPresentation	http://v8.1c.ru/8.3/MDClasses	ObjectPresentation	8.3.27	platform-property-md-ObjectPresentation
Document	extendedObjectPresentation	http://v8.1c.ru/8.3/MDClasses	ExtendedObjectPresentation	8.3.27	platform-property-md-ExtendedObjectPresentation
Document	listPresentation	http://v8.1c.ru/8.3/MDClasses	ListPresentation	8.3.27	platform-property-md-ListPresentation
Document	extendedListPresentation	http://v8.1c.ru/8.3/MDClasses	ExtendedListPresentation	8.3.27	platform-property-md-ExtendedListPresentation
Document	explanation	http://v8.1c.ru/8.3/MDClasses	Explanation	8.3.27	platform-property-md-Explanation
Document	choiceHistoryOnInput	http://v8.1c.ru/8.3/MDClasses	ChoiceHistoryOnInput	8.3.27	platform-property-md-ChoiceHistoryOnInput
Document	dataHistory	http://v8.1c.ru/8.3/MDClasses	DataHistory	8.3.27	platform-property-md-DataHistory
Document	updateDataHistoryImmediatelyAfterWrite	http://v8.1c.ru/8.3/MDClasses	UpdateDataHistoryImmediatelyAfterWrite	8.3.27	platform-property-md-UpdateDataHistoryImmediatelyAfterWrite
Document	executeAfterWriteDataHistoryVersionProcessing	http://v8.1c.ru/8.3/MDClasses	ExecuteAfterWriteDataHistoryVersionProcessing	8.3.27	platform-property-md-ExecuteAfterWriteDataHistoryVersionProcessing
DocumentAttribute	name	http://v8.1c.ru/8.3/MDClasses	Name	8.3.27	platform-property-md-Name
DocumentAttribute	synonym	http://v8.1c.ru/8.3/MDClasses	Synonym	8.3.27	platform-property-md-Synonym
DocumentAttribute	comment	http://v8.1c.ru/8.3/MDClasses	Comment	8.3.27	platform-property-md-Comment
DocumentAttribute	objectBelonging	http://v8.1c.ru/8.3/MDClasses	ObjectBelonging	8.3.27	platform-property-md-ObjectBelonging
DocumentAttribute	extendedConfigurationObject	http://v8.1c.ru/8.3/MDClasses	ExtendedConfigurationObject	8.3.27	platform-property-md-ExtendedConfigurationObject
DocumentAttribute	type	http://v8.1c.ru/8.3/MDClasses	Type	8.3.27	platform-property-md-Type
DocumentAttribute	passwordMode	http://v8.1c.ru/8.3/MDClasses	PasswordMode	8.3.27	platform-property-md-PasswordMode
DocumentAttribute	format	http://v8.1c.ru/8.3/MDClasses	Format	8.3.27	platform-property-md-Format
DocumentAttribute	editFormat	http://v8.1c.ru/8.3/MDClasses	EditFormat	8.3.27	platform-property-md-EditFormat
DocumentAttribute	toolTip	http://v8.1c.ru/8.3/MDClasses	ToolTip	8.3.27	platform-property-md-ToolTip
DocumentAttribute	markNegatives	http://v8.1c.ru/8.3/MDClasses	MarkNegatives	8.3.27	platform-property-md-MarkNegatives
DocumentAttribute	mask	http://v8.1c.ru/8.3/MDClasses	Mask	8.3.27	platform-property-md-Mask
DocumentAttribute	multiLine	http://v8.1c.ru/8.3/MDClasses	MultiLine	8.3.27	platform-property-md-MultiLine
DocumentAttribute	extendedEdit	http://v8.1c.ru/8.3/MDClasses	ExtendedEdit	8.3.27	platform-property-md-ExtendedEdit
DocumentAttribute	minValue	http://v8.1c.ru/8.3/MDClasses	MinValue	8.3.27	platform-property-md-MinValue
DocumentAttribute	maxValue	http://v8.1c.ru/8.3/MDClasses	MaxValue	8.3.27	platform-property-md-MaxValue
DocumentAttribute	fillFromFillingValue	http://v8.1c.ru/8.3/MDClasses	FillFromFillingValue	8.3.27	platform-property-md-FillFromFillingValue
DocumentAttribute	fillValue	http://v8.1c.ru/8.3/MDClasses	FillValue	8.3.27	platform-property-md-FillValue
DocumentAttribute	fillChecking	http://v8.1c.ru/8.3/MDClasses	FillChecking	8.3.27	platform-property-md-FillChecking
DocumentAttribute	choiceFoldersAndItems	http://v8.1c.ru/8.3/MDClasses	ChoiceFoldersAndItems	8.3.27	platform-property-md-ChoiceFoldersAndItems
DocumentAttribute	choiceParameterLinks	http://v8.1c.ru/8.3/MDClasses	ChoiceParameterLinks	8.3.27	platform-property-md-ChoiceParameterLinks
DocumentAttribute	choiceParameters	http://v8.1c.ru/8.3/MDClasses	ChoiceParameters	8.3.27	platform-property-md-ChoiceParameters
DocumentAttribute	quickChoice	http://v8.1c.ru/8.3/MDClasses	QuickChoice	8.3.27	platform-property-md-QuickChoice
DocumentAttribute	createOnInput	http://v8.1c.ru/8.3/MDClasses	CreateOnInput	8.3.27	platform-property-md-CreateOnInput
DocumentAttribute	choiceForm	http://v8.1c.ru/8.3/MDClasses	ChoiceForm	8.3.27	platform-property-md-ChoiceForm
DocumentAttribute	linkByType	http://v8.1c.ru/8.3/MDClasses	LinkByType	8.3.27	platform-property-md-LinkByType
DocumentAttribute	choiceHistoryOnInput	http://v8.1c.ru/8.3/MDClasses	ChoiceHistoryOnInput	8.3.27	platform-property-md-ChoiceHistoryOnInput
DocumentAttribute	indexing	http://v8.1c.ru/8.3/MDClasses	Indexing	8.3.27	platform-property-md-Indexing
DocumentAttribute	fullTextSearch	http://v8.1c.ru/8.3/MDClasses	FullTextSearch	8.3.27	platform-property-md-FullTextSearch
DocumentAttribute	dataHistory	http://v8.1c.ru/8.3/MDClasses	DataHistory	8.3.27	platform-property-md-DataHistory
DocumentAttribute	binaryDataStorageLocationUse	http://v8.1c.ru/8.3/MDClasses	BinaryDataStorageLocationUse	8.3.27	platform-property-md-BinaryDataStorageLocationUse
DocumentAttribute	binaryDataStorageLocationUseField	http://v8.1c.ru/8.3/MDClasses	BinaryDataStorageLocationUseField	8.3.27	platform-property-md-BinaryDataStorageLocationUseField
DocumentForm	name	http://v8.1c.ru/8.3/MDClasses	Name	8.3.27	platform-property-md-Name
DocumentForm	synonym	http://v8.1c.ru/8.3/MDClasses	Synonym	8.3.27	platform-property-md-Synonym
DocumentForm	comment	http://v8.1c.ru/8.3/MDClasses	Comment	8.3.27	platform-property-md-Comment
DocumentForm	objectBelonging	http://v8.1c.ru/8.3/MDClasses	ObjectBelonging	8.3.27	platform-property-md-ObjectBelonging
DocumentForm	extendedConfigurationObject	http://v8.1c.ru/8.3/MDClasses	ExtendedConfigurationObject	8.3.27	platform-property-md-ExtendedConfigurationObject
DocumentForm	formType	http://v8.1c.ru/8.3/MDClasses	FormType	8.3.27	platform-property-md-FormType
DocumentForm	includeHelpInContents	http://v8.1c.ru/8.3/MDClasses	IncludeHelpInContents	8.3.27	platform-property-md-IncludeHelpInContents
DocumentForm	help	http://v8.1c.ru/8.3/MDClasses	Help	8.3.27	platform-property-md-Help
DocumentForm	usePurposes	http://v8.1c.ru/8.3/MDClasses	UsePurposes	8.3.27	platform-property-md-UsePurposes
DocumentForm	useInInterfaceCompatibilityMode	http://v8.1c.ru/8.3/MDClasses	UseInInterfaceCompatibilityMode	8.5.1	platform-property-md-UseInInterfaceCompatibilityMode
DocumentTabularSection	name	http://v8.1c.ru/8.3/MDClasses	Name	8.3.27	platform-property-md-Name
DocumentTabularSection	synonym	http://v8.1c.ru/8.3/MDClasses	Synonym	8.3.27	platform-property-md-Synonym
DocumentTabularSection	comment	http://v8.1c.ru/8.3/MDClasses	Comment	8.3.27	platform-property-md-Comment
DocumentTabularSection	objectBelonging	http://v8.1c.ru/8.3/MDClasses	ObjectBelonging	8.3.27	platform-property-md-ObjectBelonging
DocumentTabularSection	extendedConfigurationObject	http://v8.1c.ru/8.3/MDClasses	ExtendedConfigurationObject	8.3.27	platform-property-md-ExtendedConfigurationObject
DocumentTabularSection	toolTip	http://v8.1c.ru/8.3/MDClasses	ToolTip	8.3.27	platform-property-md-ToolTip
DocumentTabularSection	fillChecking	http://v8.1c.ru/8.3/MDClasses	FillChecking	8.3.27	platform-property-md-FillChecking
DocumentTabularSection	standardAttributes	http://v8.1c.ru/8.3/MDClasses	StandardAttributes	8.3.27	platform-property-md-StandardAttributes
DocumentTabularSection	lineNumberLength	http://v8.1c.ru/8.3/MDClasses	LineNumberLength	8.3.27	platform-property-md-LineNumberLength
DocumentCommand	name	http://v8.1c.ru/8.3/MDClasses	Name	8.3.27	platform-property-md-Name
DocumentCommand	synonym	http://v8.1c.ru/8.3/MDClasses	Synonym	8.3.27	platform-property-md-Synonym
DocumentCommand	comment	http://v8.1c.ru/8.3/MDClasses	Comment	8.3.27	platform-property-md-Comment
DocumentCommand	objectBelonging	http://v8.1c.ru/8.3/MDClasses	ObjectBelonging	8.3.27	platform-property-md-ObjectBelonging
DocumentCommand	extendedConfigurationObject	http://v8.1c.ru/8.3/MDClasses	ExtendedConfigurationObject	8.3.27	platform-property-md-ExtendedConfigurationObject
DocumentCommand	group	http://v8.1c.ru/8.3/MDClasses	Group	8.3.27	platform-property-md-Group
DocumentCommand	commandParameterType	http://v8.1c.ru/8.3/MDClasses	CommandParameterType	8.3.27	platform-property-md-CommandParameterType
DocumentCommand	parameterUseMode	http://v8.1c.ru/8.3/MDClasses	ParameterUseMode	8.3.27	platform-property-md-ParameterUseMode
DocumentCommand	modifiesData	http://v8.1c.ru/8.3/MDClasses	ModifiesData	8.3.27	platform-property-md-ModifiesData
DocumentCommand	representation	http://v8.1c.ru/8.3/MDClasses	Representation	8.3.27	platform-property-md-Representation
DocumentCommand	toolTip	http://v8.1c.ru/8.3/MDClasses	ToolTip	8.3.27	platform-property-md-ToolTip
DocumentCommand	picture	http://v8.1c.ru/8.3/MDClasses	Picture	8.3.27	platform-property-md-Picture
DocumentCommand	shortcut	http://v8.1c.ru/8.3/MDClasses	Shortcut	8.3.27	platform-property-md-Shortcut
DocumentCommand	onMainServerUnavalableBehavior	http://v8.1c.ru/8.3/MDClasses	OnMainServerUnavalableBehavior	8.3.27	platform-property-md-OnMainServerUnavalableBehavior
DocumentNumerator	name	http://v8.1c.ru/8.3/MDClasses	Name	8.3.27	platform-property-md-Name
DocumentNumerator	synonym	http://v8.1c.ru/8.3/MDClasses	Synonym	8.3.27	platform-property-md-Synonym
DocumentNumerator	comment	http://v8.1c.ru/8.3/MDClasses	Comment	8.3.27	platform-property-md-Comment
DocumentNumerator	objectBelonging	http://v8.1c.ru/8.3/MDClasses	ObjectBelonging	8.3.27	platform-property-md-ObjectBelonging
DocumentNumerator	extendedConfigurationObject	http://v8.1c.ru/8.3/MDClasses	ExtendedConfigurationObject	8.3.27	platform-property-md-ExtendedConfigurationObject
DocumentNumerator	numberType	http://v8.1c.ru/8.3/MDClasses	NumberType	8.3.27	platform-property-md-NumberType
DocumentNumerator	numberLength	http://v8.1c.ru/8.3/MDClasses	NumberLength	8.3.27	platform-property-md-NumberLength
DocumentNumerator	numberAllowedLength	http://v8.1c.ru/8.3/MDClasses	NumberAllowedLength	8.3.27	platform-property-md-NumberAllowedLength
DocumentNumerator	numberPeriodicity	http://v8.1c.ru/8.3/MDClasses	NumberPeriodicity	8.3.27	platform-property-md-NumberPeriodicity
DocumentNumerator	checkUnique	http://v8.1c.ru/8.3/MDClasses	CheckUnique	8.3.27	platform-property-md-CheckUnique
ChartOfCharacteristicTypes	name	http://v8.1c.ru/8.3/MDClasses	Name	8.3.27	platform-property-md-Name
ChartOfCharacteristicTypes	synonym	http://v8.1c.ru/8.3/MDClasses	Synonym	8.3.27	platform-property-md-Synonym
ChartOfCharacteristicTypes	comment	http://v8.1c.ru/8.3/MDClasses	Comment	8.3.27	platform-property-md-Comment
ChartOfCharacteristicTypes	objectBelonging	http://v8.1c.ru/8.3/MDClasses	ObjectBelonging	8.3.27	platform-property-md-ObjectBelonging
ChartOfCharacteristicTypes	extendedConfigurationObject	http://v8.1c.ru/8.3/MDClasses	ExtendedConfigurationObject	8.3.27	platform-property-md-ExtendedConfigurationObject
ChartOfCharacteristicTypes	useStandardCommands	http://v8.1c.ru/8.3/MDClasses	UseStandardCommands	8.3.27	platform-property-md-UseStandardCommands
ChartOfCharacteristicTypes	includeHelpInContents	http://v8.1c.ru/8.3/MDClasses	IncludeHelpInContents	8.3.27	platform-property-md-IncludeHelpInContents
ChartOfCharacteristicTypes	help	http://v8.1c.ru/8.3/MDClasses	Help	8.3.27	platform-property-md-Help
ChartOfCharacteristicTypes	characteristicExtValues	http://v8.1c.ru/8.3/MDClasses	CharacteristicExtValues	8.3.27	platform-property-md-CharacteristicExtValues
ChartOfCharacteristicTypes	type	http://v8.1c.ru/8.3/MDClasses	Type	8.3.27	platform-property-md-Type
ChartOfCharacteristicTypes	hierarchical	http://v8.1c.ru/8.3/MDClasses	Hierarchical	8.3.27	platform-property-md-Hierarchical
ChartOfCharacteristicTypes	foldersOnTop	http://v8.1c.ru/8.3/MDClasses	FoldersOnTop	8.3.27	platform-property-md-FoldersOnTop
ChartOfCharacteristicTypes	codeLength	http://v8.1c.ru/8.3/MDClasses	CodeLength	8.3.27	platform-property-md-CodeLength
ChartOfCharacteristicTypes	codeAllowedLength	http://v8.1c.ru/8.3/MDClasses	CodeAllowedLength	8.3.27	platform-property-md-CodeAllowedLength
ChartOfCharacteristicTypes	descriptionLength	http://v8.1c.ru/8.3/MDClasses	DescriptionLength	8.3.27	platform-property-md-DescriptionLength
ChartOfCharacteristicTypes	codeSeries	http://v8.1c.ru/8.3/MDClasses	CodeSeries	8.3.27	platform-property-md-CodeSeries
ChartOfCharacteristicTypes	checkUnique	http://v8.1c.ru/8.3/MDClasses	CheckUnique	8.3.27	platform-property-md-CheckUnique
ChartOfCharacteristicTypes	autonumbering	http://v8.1c.ru/8.3/MDClasses	Autonumbering	8.3.27	platform-property-md-Autonumbering
ChartOfCharacteristicTypes	defaultPresentation	http://v8.1c.ru/8.3/MDClasses	DefaultPresentation	8.3.27	platform-property-md-DefaultPresentation
ChartOfCharacteristicTypes	standardAttributes	http://v8.1c.ru/8.3/MDClasses	StandardAttributes	8.3.27	platform-property-md-StandardAttributes
ChartOfCharacteristicTypes	characteristics	http://v8.1c.ru/8.3/MDClasses	Characteristics	8.3.27	platform-property-md-Characteristics
ChartOfCharacteristicTypes	predefined	http://v8.1c.ru/8.3/MDClasses	Predefined	8.3.27	platform-property-md-Predefined
ChartOfCharacteristicTypes	predefinedDataUpdate	http://v8.1c.ru/8.3/MDClasses	PredefinedDataUpdate	8.3.27	platform-property-md-PredefinedDataUpdate
ChartOfCharacteristicTypes	editType	http://v8.1c.ru/8.3/MDClasses	EditType	8.3.27	platform-property-md-EditType
ChartOfCharacteristicTypes	quickChoice	http://v8.1c.ru/8.3/MDClasses	QuickChoice	8.3.27	platform-property-md-QuickChoice
ChartOfCharacteristicTypes	choiceMode	http://v8.1c.ru/8.3/MDClasses	ChoiceMode	8.3.27	platform-property-md-ChoiceMode
ChartOfCharacteristicTypes	inputByString	http://v8.1c.ru/8.3/MDClasses	InputByString	8.3.27	platform-property-md-InputByString
ChartOfCharacteristicTypes	createOnInput	http://v8.1c.ru/8.3/MDClasses	CreateOnInput	8.3.27	platform-property-md-CreateOnInput
ChartOfCharacteristicTypes	searchStringModeOnInputByString	http://v8.1c.ru/8.3/MDClasses	SearchStringModeOnInputByString	8.3.27	platform-property-md-SearchStringModeOnInputByString
ChartOfCharacteristicTypes	choiceDataGetModeOnInputByString	http://v8.1c.ru/8.3/MDClasses	ChoiceDataGetModeOnInputByString	8.3.27	platform-property-md-ChoiceDataGetModeOnInputByString
ChartOfCharacteristicTypes	fullTextSearchOnInputByString	http://v8.1c.ru/8.3/MDClasses	FullTextSearchOnInputByString	8.3.27	platform-property-md-FullTextSearchOnInputByString
ChartOfCharacteristicTypes	choiceHistoryOnInput	http://v8.1c.ru/8.3/MDClasses	ChoiceHistoryOnInput	8.3.27	platform-property-md-ChoiceHistoryOnInput
ChartOfCharacteristicTypes	defaultObjectForm	http://v8.1c.ru/8.3/MDClasses	DefaultObjectForm	8.3.27	platform-property-md-DefaultObjectForm
ChartOfCharacteristicTypes	defaultFolderForm	http://v8.1c.ru/8.3/MDClasses	DefaultFolderForm	8.3.27	platform-property-md-DefaultFolderForm
ChartOfCharacteristicTypes	defaultListForm	http://v8.1c.ru/8.3/MDClasses	DefaultListForm	8.3.27	platform-property-md-DefaultListForm
ChartOfCharacteristicTypes	defaultChoiceForm	http://v8.1c.ru/8.3/MDClasses	DefaultChoiceForm	8.3.27	platform-property-md-DefaultChoiceForm
ChartOfCharacteristicTypes	defaultFolderChoiceForm	http://v8.1c.ru/8.3/MDClasses	DefaultFolderChoiceForm	8.3.27	platform-property-md-DefaultFolderChoiceForm
ChartOfCharacteristicTypes	auxiliaryObjectForm	http://v8.1c.ru/8.3/MDClasses	AuxiliaryObjectForm	8.3.27	platform-property-md-AuxiliaryObjectForm
ChartOfCharacteristicTypes	auxiliaryFolderForm	http://v8.1c.ru/8.3/MDClasses	AuxiliaryFolderForm	8.3.27	platform-property-md-AuxiliaryFolderForm
ChartOfCharacteristicTypes	auxiliaryListForm	http://v8.1c.ru/8.3/MDClasses	AuxiliaryListForm	8.3.27	platform-property-md-AuxiliaryListForm
ChartOfCharacteristicTypes	auxiliaryChoiceForm	http://v8.1c.ru/8.3/MDClasses	AuxiliaryChoiceForm	8.3.27	platform-property-md-AuxiliaryChoiceForm
ChartOfCharacteristicTypes	auxiliaryFolderChoiceForm	http://v8.1c.ru/8.3/MDClasses	AuxiliaryFolderChoiceForm	8.3.27	platform-property-md-AuxiliaryFolderChoiceForm
ChartOfCharacteristicTypes	basedOn	http://v8.1c.ru/8.3/MDClasses	BasedOn	8.3.27	platform-property-md-BasedOn
ChartOfCharacteristicTypes	dataLockFields	http://v8.1c.ru/8.3/MDClasses	DataLockFields	8.3.27	platform-property-md-DataLockFields
ChartOfCharacteristicTypes	dataLockControlMode	http://v8.1c.ru/8.3/MDClasses	DataLockControlMode	8.3.27	platform-property-md-DataLockControlMode
ChartOfCharacteristicTypes	fullTextSearch	http://v8.1c.ru/8.3/MDClasses	FullTextSearch	8.3.27	platform-property-md-FullTextSearch
ChartOfCharacteristicTypes	objectPresentation	http://v8.1c.ru/8.3/MDClasses	ObjectPresentation	8.3.27	platform-property-md-ObjectPresentation
ChartOfCharacteristicTypes	extendedObjectPresentation	http://v8.1c.ru/8.3/MDClasses	ExtendedObjectPresentation	8.3.27	platform-property-md-ExtendedObjectPresentation
ChartOfCharacteristicTypes	listPresentation	http://v8.1c.ru/8.3/MDClasses	ListPresentation	8.3.27	platform-property-md-ListPresentation
ChartOfCharacteristicTypes	extendedListPresentation	http://v8.1c.ru/8.3/MDClasses	ExtendedListPresentation	8.3.27	platform-property-md-ExtendedListPresentation
ChartOfCharacteristicTypes	explanation	http://v8.1c.ru/8.3/MDClasses	Explanation	8.3.27	platform-property-md-Explanation
ChartOfCharacteristicTypes	dataHistory	http://v8.1c.ru/8.3/MDClasses	DataHistory	8.3.27	platform-property-md-DataHistory
ChartOfCharacteristicTypes	updateDataHistoryImmediatelyAfterWrite	http://v8.1c.ru/8.3/MDClasses	UpdateDataHistoryImmediatelyAfterWrite	8.3.27	platform-property-md-UpdateDataHistoryImmediatelyAfterWrite
ChartOfCharacteristicTypes	executeAfterWriteDataHistoryVersionProcessing	http://v8.1c.ru/8.3/MDClasses	ExecuteAfterWriteDataHistoryVersionProcessing	8.3.27	platform-property-md-ExecuteAfterWriteDataHistoryVersionProcessing
ChartOfCharacteristicTypesAttribute	name	http://v8.1c.ru/8.3/MDClasses	Name	8.3.27	platform-property-md-Name
ChartOfCharacteristicTypesAttribute	synonym	http://v8.1c.ru/8.3/MDClasses	Synonym	8.3.27	platform-property-md-Synonym
ChartOfCharacteristicTypesAttribute	comment	http://v8.1c.ru/8.3/MDClasses	Comment	8.3.27	platform-property-md-Comment
ChartOfCharacteristicTypesAttribute	objectBelonging	http://v8.1c.ru/8.3/MDClasses	ObjectBelonging	8.3.27	platform-property-md-ObjectBelonging
ChartOfCharacteristicTypesAttribute	extendedConfigurationObject	http://v8.1c.ru/8.3/MDClasses	ExtendedConfigurationObject	8.3.27	platform-property-md-ExtendedConfigurationObject
ChartOfCharacteristicTypesAttribute	type	http://v8.1c.ru/8.3/MDClasses	Type	8.3.27	platform-property-md-Type
ChartOfCharacteristicTypesAttribute	passwordMode	http://v8.1c.ru/8.3/MDClasses	PasswordMode	8.3.27	platform-property-md-PasswordMode
ChartOfCharacteristicTypesAttribute	format	http://v8.1c.ru/8.3/MDClasses	Format	8.3.27	platform-property-md-Format
ChartOfCharacteristicTypesAttribute	editFormat	http://v8.1c.ru/8.3/MDClasses	EditFormat	8.3.27	platform-property-md-EditFormat
ChartOfCharacteristicTypesAttribute	toolTip	http://v8.1c.ru/8.3/MDClasses	ToolTip	8.3.27	platform-property-md-ToolTip
ChartOfCharacteristicTypesAttribute	markNegatives	http://v8.1c.ru/8.3/MDClasses	MarkNegatives	8.3.27	platform-property-md-MarkNegatives
ChartOfCharacteristicTypesAttribute	mask	http://v8.1c.ru/8.3/MDClasses	Mask	8.3.27	platform-property-md-Mask
ChartOfCharacteristicTypesAttribute	multiLine	http://v8.1c.ru/8.3/MDClasses	MultiLine	8.3.27	platform-property-md-MultiLine
ChartOfCharacteristicTypesAttribute	extendedEdit	http://v8.1c.ru/8.3/MDClasses	ExtendedEdit	8.3.27	platform-property-md-ExtendedEdit
ChartOfCharacteristicTypesAttribute	minValue	http://v8.1c.ru/8.3/MDClasses	MinValue	8.3.27	platform-property-md-MinValue
ChartOfCharacteristicTypesAttribute	maxValue	http://v8.1c.ru/8.3/MDClasses	MaxValue	8.3.27	platform-property-md-MaxValue
ChartOfCharacteristicTypesAttribute	fillFromFillingValue	http://v8.1c.ru/8.3/MDClasses	FillFromFillingValue	8.3.27	platform-property-md-FillFromFillingValue
ChartOfCharacteristicTypesAttribute	fillValue	http://v8.1c.ru/8.3/MDClasses	FillValue	8.3.27	platform-property-md-FillValue
ChartOfCharacteristicTypesAttribute	fillChecking	http://v8.1c.ru/8.3/MDClasses	FillChecking	8.3.27	platform-property-md-FillChecking
ChartOfCharacteristicTypesAttribute	choiceFoldersAndItems	http://v8.1c.ru/8.3/MDClasses	ChoiceFoldersAndItems	8.3.27	platform-property-md-ChoiceFoldersAndItems
ChartOfCharacteristicTypesAttribute	choiceParameterLinks	http://v8.1c.ru/8.3/MDClasses	ChoiceParameterLinks	8.3.27	platform-property-md-ChoiceParameterLinks
ChartOfCharacteristicTypesAttribute	choiceParameters	http://v8.1c.ru/8.3/MDClasses	ChoiceParameters	8.3.27	platform-property-md-ChoiceParameters
ChartOfCharacteristicTypesAttribute	quickChoice	http://v8.1c.ru/8.3/MDClasses	QuickChoice	8.3.27	platform-property-md-QuickChoice
ChartOfCharacteristicTypesAttribute	createOnInput	http://v8.1c.ru/8.3/MDClasses	CreateOnInput	8.3.27	platform-property-md-CreateOnInput
ChartOfCharacteristicTypesAttribute	choiceForm	http://v8.1c.ru/8.3/MDClasses	ChoiceForm	8.3.27	platform-property-md-ChoiceForm
ChartOfCharacteristicTypesAttribute	linkByType	http://v8.1c.ru/8.3/MDClasses	LinkByType	8.3.27	platform-property-md-LinkByType
ChartOfCharacteristicTypesAttribute	choiceHistoryOnInput	http://v8.1c.ru/8.3/MDClasses	ChoiceHistoryOnInput	8.3.27	platform-property-md-ChoiceHistoryOnInput
ChartOfCharacteristicTypesAttribute	indexing	http://v8.1c.ru/8.3/MDClasses	Indexing	8.3.27	platform-property-md-Indexing
ChartOfCharacteristicTypesAttribute	use	http://v8.1c.ru/8.3/MDClasses	Use	8.3.27	platform-property-md-Use
ChartOfCharacteristicTypesAttribute	fullTextSearch	http://v8.1c.ru/8.3/MDClasses	FullTextSearch	8.3.27	platform-property-md-FullTextSearch
ChartOfCharacteristicTypesAttribute	dataHistory	http://v8.1c.ru/8.3/MDClasses	DataHistory	8.3.27	platform-property-md-DataHistory
ChartOfCharacteristicTypesAttribute	binaryDataStorageLocationUse	http://v8.1c.ru/8.3/MDClasses	BinaryDataStorageLocationUse	8.3.27	platform-property-md-BinaryDataStorageLocationUse
ChartOfCharacteristicTypesAttribute	binaryDataStorageLocationUseField	http://v8.1c.ru/8.3/MDClasses	BinaryDataStorageLocationUseField	8.3.27	platform-property-md-BinaryDataStorageLocationUseField
ChartOfCharacteristicTypesTabularSection	name	http://v8.1c.ru/8.3/MDClasses	Name	8.3.27	platform-property-md-Name
ChartOfCharacteristicTypesTabularSection	synonym	http://v8.1c.ru/8.3/MDClasses	Synonym	8.3.27	platform-property-md-Synonym
ChartOfCharacteristicTypesTabularSection	comment	http://v8.1c.ru/8.3/MDClasses	Comment	8.3.27	platform-property-md-Comment
ChartOfCharacteristicTypesTabularSection	objectBelonging	http://v8.1c.ru/8.3/MDClasses	ObjectBelonging	8.3.27	platform-property-md-ObjectBelonging
ChartOfCharacteristicTypesTabularSection	extendedConfigurationObject	http://v8.1c.ru/8.3/MDClasses	ExtendedConfigurationObject	8.3.27	platform-property-md-ExtendedConfigurationObject
ChartOfCharacteristicTypesTabularSection	toolTip	http://v8.1c.ru/8.3/MDClasses	ToolTip	8.3.27	platform-property-md-ToolTip
ChartOfCharacteristicTypesTabularSection	fillChecking	http://v8.1c.ru/8.3/MDClasses	FillChecking	8.3.27	platform-property-md-FillChecking
ChartOfCharacteristicTypesTabularSection	standardAttributes	http://v8.1c.ru/8.3/MDClasses	StandardAttributes	8.3.27	platform-property-md-StandardAttributes
ChartOfCharacteristicTypesTabularSection	lineNumberLength	http://v8.1c.ru/8.3/MDClasses	LineNumberLength	8.3.27	platform-property-md-LineNumberLength
ChartOfCharacteristicTypesTabularSection	use	http://v8.1c.ru/8.3/MDClasses	Use	8.3.27	platform-property-md-Use
ChartOfCharacteristicTypesForm	name	http://v8.1c.ru/8.3/MDClasses	Name	8.3.27	platform-property-md-Name
ChartOfCharacteristicTypesForm	synonym	http://v8.1c.ru/8.3/MDClasses	Synonym	8.3.27	platform-property-md-Synonym
ChartOfCharacteristicTypesForm	comment	http://v8.1c.ru/8.3/MDClasses	Comment	8.3.27	platform-property-md-Comment
ChartOfCharacteristicTypesForm	objectBelonging	http://v8.1c.ru/8.3/MDClasses	ObjectBelonging	8.3.27	platform-property-md-ObjectBelonging
ChartOfCharacteristicTypesForm	extendedConfigurationObject	http://v8.1c.ru/8.3/MDClasses	ExtendedConfigurationObject	8.3.27	platform-property-md-ExtendedConfigurationObject
ChartOfCharacteristicTypesForm	formType	http://v8.1c.ru/8.3/MDClasses	FormType	8.3.27	platform-property-md-FormType
ChartOfCharacteristicTypesForm	includeHelpInContents	http://v8.1c.ru/8.3/MDClasses	IncludeHelpInContents	8.3.27	platform-property-md-IncludeHelpInContents
ChartOfCharacteristicTypesForm	help	http://v8.1c.ru/8.3/MDClasses	Help	8.3.27	platform-property-md-Help
ChartOfCharacteristicTypesForm	usePurposes	http://v8.1c.ru/8.3/MDClasses	UsePurposes	8.3.27	platform-property-md-UsePurposes
ChartOfCharacteristicTypesForm	useInInterfaceCompatibilityMode	http://v8.1c.ru/8.3/MDClasses	UseInInterfaceCompatibilityMode	8.5.1	platform-property-md-UseInInterfaceCompatibilityMode
ChartOfCharacteristicTypesCommand	name	http://v8.1c.ru/8.3/MDClasses	Name	8.3.27	platform-property-md-Name
ChartOfCharacteristicTypesCommand	synonym	http://v8.1c.ru/8.3/MDClasses	Synonym	8.3.27	platform-property-md-Synonym
ChartOfCharacteristicTypesCommand	comment	http://v8.1c.ru/8.3/MDClasses	Comment	8.3.27	platform-property-md-Comment
ChartOfCharacteristicTypesCommand	objectBelonging	http://v8.1c.ru/8.3/MDClasses	ObjectBelonging	8.3.27	platform-property-md-ObjectBelonging
ChartOfCharacteristicTypesCommand	extendedConfigurationObject	http://v8.1c.ru/8.3/MDClasses	ExtendedConfigurationObject	8.3.27	platform-property-md-ExtendedConfigurationObject
ChartOfCharacteristicTypesCommand	group	http://v8.1c.ru/8.3/MDClasses	Group	8.3.27	platform-property-md-Group
ChartOfCharacteristicTypesCommand	commandParameterType	http://v8.1c.ru/8.3/MDClasses	CommandParameterType	8.3.27	platform-property-md-CommandParameterType
ChartOfCharacteristicTypesCommand	parameterUseMode	http://v8.1c.ru/8.3/MDClasses	ParameterUseMode	8.3.27	platform-property-md-ParameterUseMode
ChartOfCharacteristicTypesCommand	modifiesData	http://v8.1c.ru/8.3/MDClasses	ModifiesData	8.3.27	platform-property-md-ModifiesData
ChartOfCharacteristicTypesCommand	representation	http://v8.1c.ru/8.3/MDClasses	Representation	8.3.27	platform-property-md-Representation
ChartOfCharacteristicTypesCommand	toolTip	http://v8.1c.ru/8.3/MDClasses	ToolTip	8.3.27	platform-property-md-ToolTip
ChartOfCharacteristicTypesCommand	picture	http://v8.1c.ru/8.3/MDClasses	Picture	8.3.27	platform-property-md-Picture
ChartOfCharacteristicTypesCommand	shortcut	http://v8.1c.ru/8.3/MDClasses	Shortcut	8.3.27	platform-property-md-Shortcut
ChartOfCharacteristicTypesCommand	onMainServerUnavalableBehavior	http://v8.1c.ru/8.3/MDClasses	OnMainServerUnavalableBehavior	8.3.27	platform-property-md-OnMainServerUnavalableBehavior
Enum	name	http://v8.1c.ru/8.3/MDClasses	Name	8.3.27	platform-property-md-Name
Enum	synonym	http://v8.1c.ru/8.3/MDClasses	Synonym	8.3.27	platform-property-md-Synonym
Enum	comment	http://v8.1c.ru/8.3/MDClasses	Comment	8.3.27	platform-property-md-Comment
Enum	objectBelonging	http://v8.1c.ru/8.3/MDClasses	ObjectBelonging	8.3.27	platform-property-md-ObjectBelonging
Enum	extendedConfigurationObject	http://v8.1c.ru/8.3/MDClasses	ExtendedConfigurationObject	8.3.27	platform-property-md-ExtendedConfigurationObject
Enum	useStandardCommands	http://v8.1c.ru/8.3/MDClasses	UseStandardCommands	8.3.27	platform-property-md-UseStandardCommands
Enum	standardAttributes	http://v8.1c.ru/8.3/MDClasses	StandardAttributes	8.3.27	platform-property-md-StandardAttributes
Enum	characteristics	http://v8.1c.ru/8.3/MDClasses	Characteristics	8.3.27	platform-property-md-Characteristics
Enum	quickChoice	http://v8.1c.ru/8.3/MDClasses	QuickChoice	8.3.27	platform-property-md-QuickChoice
Enum	choiceMode	http://v8.1c.ru/8.3/MDClasses	ChoiceMode	8.3.27	platform-property-md-ChoiceMode
Enum	defaultListForm	http://v8.1c.ru/8.3/MDClasses	DefaultListForm	8.3.27	platform-property-md-DefaultListForm
Enum	defaultChoiceForm	http://v8.1c.ru/8.3/MDClasses	DefaultChoiceForm	8.3.27	platform-property-md-DefaultChoiceForm
Enum	auxiliaryListForm	http://v8.1c.ru/8.3/MDClasses	AuxiliaryListForm	8.3.27	platform-property-md-AuxiliaryListForm
Enum	auxiliaryChoiceForm	http://v8.1c.ru/8.3/MDClasses	AuxiliaryChoiceForm	8.3.27	platform-property-md-AuxiliaryChoiceForm
Enum	listPresentation	http://v8.1c.ru/8.3/MDClasses	ListPresentation	8.3.27	platform-property-md-ListPresentation
Enum	extendedListPresentation	http://v8.1c.ru/8.3/MDClasses	ExtendedListPresentation	8.3.27	platform-property-md-ExtendedListPresentation
Enum	explanation	http://v8.1c.ru/8.3/MDClasses	Explanation	8.3.27	platform-property-md-Explanation
Enum	choiceHistoryOnInput	http://v8.1c.ru/8.3/MDClasses	ChoiceHistoryOnInput	8.3.27	platform-property-md-ChoiceHistoryOnInput
EnumValue	name	http://v8.1c.ru/8.3/MDClasses	Name	8.3.27	platform-property-md-Name
EnumValue	synonym	http://v8.1c.ru/8.3/MDClasses	Synonym	8.3.27	platform-property-md-Synonym
EnumValue	comment	http://v8.1c.ru/8.3/MDClasses	Comment	8.3.27	platform-property-md-Comment
EnumValue	objectBelonging	http://v8.1c.ru/8.3/MDClasses	ObjectBelonging	8.3.27	platform-property-md-ObjectBelonging
EnumValue	extendedConfigurationObject	http://v8.1c.ru/8.3/MDClasses	ExtendedConfigurationObject	8.3.27	platform-property-md-ExtendedConfigurationObject
EnumValue	color	http://v8.1c.ru/8.3/MDClasses	Color	8.5.1	platform-property-md-Color
EnumForm	name	http://v8.1c.ru/8.3/MDClasses	Name	8.3.27	platform-property-md-Name
EnumForm	synonym	http://v8.1c.ru/8.3/MDClasses	Synonym	8.3.27	platform-property-md-Synonym
EnumForm	comment	http://v8.1c.ru/8.3/MDClasses	Comment	8.3.27	platform-property-md-Comment
EnumForm	objectBelonging	http://v8.1c.ru/8.3/MDClasses	ObjectBelonging	8.3.27	platform-property-md-ObjectBelonging
EnumForm	extendedConfigurationObject	http://v8.1c.ru/8.3/MDClasses	ExtendedConfigurationObject	8.3.27	platform-property-md-ExtendedConfigurationObject
EnumForm	formType	http://v8.1c.ru/8.3/MDClasses	FormType	8.3.27	platform-property-md-FormType
EnumForm	includeHelpInContents	http://v8.1c.ru/8.3/MDClasses	IncludeHelpInContents	8.3.27	platform-property-md-IncludeHelpInContents
EnumForm	help	http://v8.1c.ru/8.3/MDClasses	Help	8.3.27	platform-property-md-Help
EnumForm	usePurposes	http://v8.1c.ru/8.3/MDClasses	UsePurposes	8.3.27	platform-property-md-UsePurposes
EnumForm	useInInterfaceCompatibilityMode	http://v8.1c.ru/8.3/MDClasses	UseInInterfaceCompatibilityMode	8.5.1	platform-property-md-UseInInterfaceCompatibilityMode
EnumCommand	name	http://v8.1c.ru/8.3/MDClasses	Name	8.3.27	platform-property-md-Name
EnumCommand	synonym	http://v8.1c.ru/8.3/MDClasses	Synonym	8.3.27	platform-property-md-Synonym
EnumCommand	comment	http://v8.1c.ru/8.3/MDClasses	Comment	8.3.27	platform-property-md-Comment
EnumCommand	objectBelonging	http://v8.1c.ru/8.3/MDClasses	ObjectBelonging	8.3.27	platform-property-md-ObjectBelonging
EnumCommand	extendedConfigurationObject	http://v8.1c.ru/8.3/MDClasses	ExtendedConfigurationObject	8.3.27	platform-property-md-ExtendedConfigurationObject
EnumCommand	group	http://v8.1c.ru/8.3/MDClasses	Group	8.3.27	platform-property-md-Group
EnumCommand	commandParameterType	http://v8.1c.ru/8.3/MDClasses	CommandParameterType	8.3.27	platform-property-md-CommandParameterType
EnumCommand	parameterUseMode	http://v8.1c.ru/8.3/MDClasses	ParameterUseMode	8.3.27	platform-property-md-ParameterUseMode
EnumCommand	modifiesData	http://v8.1c.ru/8.3/MDClasses	ModifiesData	8.3.27	platform-property-md-ModifiesData
EnumCommand	representation	http://v8.1c.ru/8.3/MDClasses	Representation	8.3.27	platform-property-md-Representation
EnumCommand	toolTip	http://v8.1c.ru/8.3/MDClasses	ToolTip	8.3.27	platform-property-md-ToolTip
EnumCommand	picture	http://v8.1c.ru/8.3/MDClasses	Picture	8.3.27	platform-property-md-Picture
EnumCommand	shortcut	http://v8.1c.ru/8.3/MDClasses	Shortcut	8.3.27	platform-property-md-Shortcut
EnumCommand	onMainServerUnavalableBehavior	http://v8.1c.ru/8.3/MDClasses	OnMainServerUnavalableBehavior	8.3.27	platform-property-md-OnMainServerUnavalableBehavior
InformationRegister	name	http://v8.1c.ru/8.3/MDClasses	Name	8.3.27	platform-property-md-Name
InformationRegister	synonym	http://v8.1c.ru/8.3/MDClasses	Synonym	8.3.27	platform-property-md-Synonym
InformationRegister	comment	http://v8.1c.ru/8.3/MDClasses	Comment	8.3.27	platform-property-md-Comment
InformationRegister	objectBelonging	http://v8.1c.ru/8.3/MDClasses	ObjectBelonging	8.3.27	platform-property-md-ObjectBelonging
InformationRegister	extendedConfigurationObject	http://v8.1c.ru/8.3/MDClasses	ExtendedConfigurationObject	8.3.27	platform-property-md-ExtendedConfigurationObject
InformationRegister	useStandardCommands	http://v8.1c.ru/8.3/MDClasses	UseStandardCommands	8.3.27	platform-property-md-UseStandardCommands
InformationRegister	editType	http://v8.1c.ru/8.3/MDClasses	EditType	8.3.27	platform-property-md-EditType
InformationRegister	defaultRecordForm	http://v8.1c.ru/8.3/MDClasses	DefaultRecordForm	8.3.27	platform-property-md-DefaultRecordForm
InformationRegister	defaultListForm	http://v8.1c.ru/8.3/MDClasses	DefaultListForm	8.3.27	platform-property-md-DefaultListForm
InformationRegister	auxiliaryRecordForm	http://v8.1c.ru/8.3/MDClasses	AuxiliaryRecordForm	8.3.27	platform-property-md-AuxiliaryRecordForm
InformationRegister	auxiliaryListForm	http://v8.1c.ru/8.3/MDClasses	AuxiliaryListForm	8.3.27	platform-property-md-AuxiliaryListForm
InformationRegister	standardAttributes	http://v8.1c.ru/8.3/MDClasses	StandardAttributes	8.3.27	platform-property-md-StandardAttributes
InformationRegister	informationRegisterPeriodicity	http://v8.1c.ru/8.3/MDClasses	InformationRegisterPeriodicity	8.3.27	platform-property-md-InformationRegisterPeriodicity
InformationRegister	writeMode	http://v8.1c.ru/8.3/MDClasses	WriteMode	8.3.27	platform-property-md-WriteMode
InformationRegister	mainFilterOnPeriod	http://v8.1c.ru/8.3/MDClasses	MainFilterOnPeriod	8.3.27	platform-property-md-MainFilterOnPeriod
InformationRegister	includeHelpInContents	http://v8.1c.ru/8.3/MDClasses	IncludeHelpInContents	8.3.27	platform-property-md-IncludeHelpInContents
InformationRegister	help	http://v8.1c.ru/8.3/MDClasses	Help	8.3.27	platform-property-md-Help
InformationRegister	dataLockControlMode	http://v8.1c.ru/8.3/MDClasses	DataLockControlMode	8.3.27	platform-property-md-DataLockControlMode
InformationRegister	fullTextSearch	http://v8.1c.ru/8.3/MDClasses	FullTextSearch	8.3.27	platform-property-md-FullTextSearch
InformationRegister	enableTotalsSliceFirst	http://v8.1c.ru/8.3/MDClasses	EnableTotalsSliceFirst	8.3.27	platform-property-md-EnableTotalsSliceFirst
InformationRegister	enableTotalsSliceLast	http://v8.1c.ru/8.3/MDClasses	EnableTotalsSliceLast	8.3.27	platform-property-md-EnableTotalsSliceLast
InformationRegister	recordPresentation	http://v8.1c.ru/8.3/MDClasses	RecordPresentation	8.3.27	platform-property-md-RecordPresentation
InformationRegister	extendedRecordPresentation	http://v8.1c.ru/8.3/MDClasses	ExtendedRecordPresentation	8.3.27	platform-property-md-ExtendedRecordPresentation
InformationRegister	listPresentation	http://v8.1c.ru/8.3/MDClasses	ListPresentation	8.3.27	platform-property-md-ListPresentation
InformationRegister	extendedListPresentation	http://v8.1c.ru/8.3/MDClasses	ExtendedListPresentation	8.3.27	platform-property-md-ExtendedListPresentation
InformationRegister	explanation	http://v8.1c.ru/8.3/MDClasses	Explanation	8.3.27	platform-property-md-Explanation
InformationRegister	dataHistory	http://v8.1c.ru/8.3/MDClasses	DataHistory	8.3.27	platform-property-md-DataHistory
InformationRegister	updateDataHistoryImmediatelyAfterWrite	http://v8.1c.ru/8.3/MDClasses	UpdateDataHistoryImmediatelyAfterWrite	8.3.27	platform-property-md-UpdateDataHistoryImmediatelyAfterWrite
InformationRegister	executeAfterWriteDataHistoryVersionProcessing	http://v8.1c.ru/8.3/MDClasses	ExecuteAfterWriteDataHistoryVersionProcessing	8.3.27	platform-property-md-ExecuteAfterWriteDataHistoryVersionProcessing
InformationRegisterResource	name	http://v8.1c.ru/8.3/MDClasses	Name	8.3.27	platform-property-md-Name
InformationRegisterResource	synonym	http://v8.1c.ru/8.3/MDClasses	Synonym	8.3.27	platform-property-md-Synonym
InformationRegisterResource	comment	http://v8.1c.ru/8.3/MDClasses	Comment	8.3.27	platform-property-md-Comment
InformationRegisterResource	objectBelonging	http://v8.1c.ru/8.3/MDClasses	ObjectBelonging	8.3.27	platform-property-md-ObjectBelonging
InformationRegisterResource	extendedConfigurationObject	http://v8.1c.ru/8.3/MDClasses	ExtendedConfigurationObject	8.3.27	platform-property-md-ExtendedConfigurationObject
InformationRegisterResource	type	http://v8.1c.ru/8.3/MDClasses	Type	8.3.27	platform-property-md-Type
InformationRegisterResource	passwordMode	http://v8.1c.ru/8.3/MDClasses	PasswordMode	8.3.27	platform-property-md-PasswordMode
InformationRegisterResource	format	http://v8.1c.ru/8.3/MDClasses	Format	8.3.27	platform-property-md-Format
InformationRegisterResource	editFormat	http://v8.1c.ru/8.3/MDClasses	EditFormat	8.3.27	platform-property-md-EditFormat
InformationRegisterResource	toolTip	http://v8.1c.ru/8.3/MDClasses	ToolTip	8.3.27	platform-property-md-ToolTip
InformationRegisterResource	markNegatives	http://v8.1c.ru/8.3/MDClasses	MarkNegatives	8.3.27	platform-property-md-MarkNegatives
InformationRegisterResource	mask	http://v8.1c.ru/8.3/MDClasses	Mask	8.3.27	platform-property-md-Mask
InformationRegisterResource	multiLine	http://v8.1c.ru/8.3/MDClasses	MultiLine	8.3.27	platform-property-md-MultiLine
InformationRegisterResource	extendedEdit	http://v8.1c.ru/8.3/MDClasses	ExtendedEdit	8.3.27	platform-property-md-ExtendedEdit
InformationRegisterResource	minValue	http://v8.1c.ru/8.3/MDClasses	MinValue	8.3.27	platform-property-md-MinValue
InformationRegisterResource	maxValue	http://v8.1c.ru/8.3/MDClasses	MaxValue	8.3.27	platform-property-md-MaxValue
InformationRegisterResource	fillFromFillingValue	http://v8.1c.ru/8.3/MDClasses	FillFromFillingValue	8.3.27	platform-property-md-FillFromFillingValue
InformationRegisterResource	fillValue	http://v8.1c.ru/8.3/MDClasses	FillValue	8.3.27	platform-property-md-FillValue
InformationRegisterResource	fillChecking	http://v8.1c.ru/8.3/MDClasses	FillChecking	8.3.27	platform-property-md-FillChecking
InformationRegisterResource	choiceFoldersAndItems	http://v8.1c.ru/8.3/MDClasses	ChoiceFoldersAndItems	8.3.27	platform-property-md-ChoiceFoldersAndItems
InformationRegisterResource	choiceParameterLinks	http://v8.1c.ru/8.3/MDClasses	ChoiceParameterLinks	8.3.27	platform-property-md-ChoiceParameterLinks
InformationRegisterResource	choiceParameters	http://v8.1c.ru/8.3/MDClasses	ChoiceParameters	8.3.27	platform-property-md-ChoiceParameters
InformationRegisterResource	quickChoice	http://v8.1c.ru/8.3/MDClasses	QuickChoice	8.3.27	platform-property-md-QuickChoice
InformationRegisterResource	createOnInput	http://v8.1c.ru/8.3/MDClasses	CreateOnInput	8.3.27	platform-property-md-CreateOnInput
InformationRegisterResource	choiceForm	http://v8.1c.ru/8.3/MDClasses	ChoiceForm	8.3.27	platform-property-md-ChoiceForm
InformationRegisterResource	linkByType	http://v8.1c.ru/8.3/MDClasses	LinkByType	8.3.27	platform-property-md-LinkByType
InformationRegisterResource	choiceHistoryOnInput	http://v8.1c.ru/8.3/MDClasses	ChoiceHistoryOnInput	8.3.27	platform-property-md-ChoiceHistoryOnInput
InformationRegisterResource	indexing	http://v8.1c.ru/8.3/MDClasses	Indexing	8.3.27	platform-property-md-Indexing
InformationRegisterResource	fullTextSearch	http://v8.1c.ru/8.3/MDClasses	FullTextSearch	8.3.27	platform-property-md-FullTextSearch
InformationRegisterResource	dataHistory	http://v8.1c.ru/8.3/MDClasses	DataHistory	8.3.27	platform-property-md-DataHistory
InformationRegisterResource	binaryDataStorageLocationUse	http://v8.1c.ru/8.3/MDClasses	BinaryDataStorageLocationUse	8.3.27	platform-property-md-BinaryDataStorageLocationUse
InformationRegisterResource	binaryDataStorageLocationUseField	http://v8.1c.ru/8.3/MDClasses	BinaryDataStorageLocationUseField	8.3.27	platform-property-md-BinaryDataStorageLocationUseField
InformationRegisterAttribute	name	http://v8.1c.ru/8.3/MDClasses	Name	8.3.27	platform-property-md-Name
InformationRegisterAttribute	synonym	http://v8.1c.ru/8.3/MDClasses	Synonym	8.3.27	platform-property-md-Synonym
InformationRegisterAttribute	comment	http://v8.1c.ru/8.3/MDClasses	Comment	8.3.27	platform-property-md-Comment
InformationRegisterAttribute	objectBelonging	http://v8.1c.ru/8.3/MDClasses	ObjectBelonging	8.3.27	platform-property-md-ObjectBelonging
InformationRegisterAttribute	extendedConfigurationObject	http://v8.1c.ru/8.3/MDClasses	ExtendedConfigurationObject	8.3.27	platform-property-md-ExtendedConfigurationObject
InformationRegisterAttribute	type	http://v8.1c.ru/8.3/MDClasses	Type	8.3.27	platform-property-md-Type
InformationRegisterAttribute	passwordMode	http://v8.1c.ru/8.3/MDClasses	PasswordMode	8.3.27	platform-property-md-PasswordMode
InformationRegisterAttribute	format	http://v8.1c.ru/8.3/MDClasses	Format	8.3.27	platform-property-md-Format
InformationRegisterAttribute	editFormat	http://v8.1c.ru/8.3/MDClasses	EditFormat	8.3.27	platform-property-md-EditFormat
InformationRegisterAttribute	toolTip	http://v8.1c.ru/8.3/MDClasses	ToolTip	8.3.27	platform-property-md-ToolTip
InformationRegisterAttribute	markNegatives	http://v8.1c.ru/8.3/MDClasses	MarkNegatives	8.3.27	platform-property-md-MarkNegatives
InformationRegisterAttribute	mask	http://v8.1c.ru/8.3/MDClasses	Mask	8.3.27	platform-property-md-Mask
InformationRegisterAttribute	multiLine	http://v8.1c.ru/8.3/MDClasses	MultiLine	8.3.27	platform-property-md-MultiLine
InformationRegisterAttribute	extendedEdit	http://v8.1c.ru/8.3/MDClasses	ExtendedEdit	8.3.27	platform-property-md-ExtendedEdit
InformationRegisterAttribute	minValue	http://v8.1c.ru/8.3/MDClasses	MinValue	8.3.27	platform-property-md-MinValue
InformationRegisterAttribute	maxValue	http://v8.1c.ru/8.3/MDClasses	MaxValue	8.3.27	platform-property-md-MaxValue
InformationRegisterAttribute	fillFromFillingValue	http://v8.1c.ru/8.3/MDClasses	FillFromFillingValue	8.3.27	platform-property-md-FillFromFillingValue
InformationRegisterAttribute	fillValue	http://v8.1c.ru/8.3/MDClasses	FillValue	8.3.27	platform-property-md-FillValue
InformationRegisterAttribute	fillChecking	http://v8.1c.ru/8.3/MDClasses	FillChecking	8.3.27	platform-property-md-FillChecking
InformationRegisterAttribute	choiceFoldersAndItems	http://v8.1c.ru/8.3/MDClasses	ChoiceFoldersAndItems	8.3.27	platform-property-md-ChoiceFoldersAndItems
InformationRegisterAttribute	choiceParameterLinks	http://v8.1c.ru/8.3/MDClasses	ChoiceParameterLinks	8.3.27	platform-property-md-ChoiceParameterLinks
InformationRegisterAttribute	choiceParameters	http://v8.1c.ru/8.3/MDClasses	ChoiceParameters	8.3.27	platform-property-md-ChoiceParameters
InformationRegisterAttribute	quickChoice	http://v8.1c.ru/8.3/MDClasses	QuickChoice	8.3.27	platform-property-md-QuickChoice
InformationRegisterAttribute	createOnInput	http://v8.1c.ru/8.3/MDClasses	CreateOnInput	8.3.27	platform-property-md-CreateOnInput
InformationRegisterAttribute	choiceForm	http://v8.1c.ru/8.3/MDClasses	ChoiceForm	8.3.27	platform-property-md-ChoiceForm
InformationRegisterAttribute	linkByType	http://v8.1c.ru/8.3/MDClasses	LinkByType	8.3.27	platform-property-md-LinkByType
InformationRegisterAttribute	choiceHistoryOnInput	http://v8.1c.ru/8.3/MDClasses	ChoiceHistoryOnInput	8.3.27	platform-property-md-ChoiceHistoryOnInput
InformationRegisterAttribute	indexing	http://v8.1c.ru/8.3/MDClasses	Indexing	8.3.27	platform-property-md-Indexing
InformationRegisterAttribute	fullTextSearch	http://v8.1c.ru/8.3/MDClasses	FullTextSearch	8.3.27	platform-property-md-FullTextSearch
InformationRegisterAttribute	dataHistory	http://v8.1c.ru/8.3/MDClasses	DataHistory	8.3.27	platform-property-md-DataHistory
InformationRegisterAttribute	binaryDataStorageLocationUse	http://v8.1c.ru/8.3/MDClasses	BinaryDataStorageLocationUse	8.3.27	platform-property-md-BinaryDataStorageLocationUse
InformationRegisterAttribute	binaryDataStorageLocationUseField	http://v8.1c.ru/8.3/MDClasses	BinaryDataStorageLocationUseField	8.3.27	platform-property-md-BinaryDataStorageLocationUseField
InformationRegisterDimension	name	http://v8.1c.ru/8.3/MDClasses	Name	8.3.27	platform-property-md-Name
InformationRegisterDimension	synonym	http://v8.1c.ru/8.3/MDClasses	Synonym	8.3.27	platform-property-md-Synonym
InformationRegisterDimension	comment	http://v8.1c.ru/8.3/MDClasses	Comment	8.3.27	platform-property-md-Comment
InformationRegisterDimension	objectBelonging	http://v8.1c.ru/8.3/MDClasses	ObjectBelonging	8.3.27	platform-property-md-ObjectBelonging
InformationRegisterDimension	extendedConfigurationObject	http://v8.1c.ru/8.3/MDClasses	ExtendedConfigurationObject	8.3.27	platform-property-md-ExtendedConfigurationObject
InformationRegisterDimension	type	http://v8.1c.ru/8.3/MDClasses	Type	8.3.27	platform-property-md-Type
InformationRegisterDimension	passwordMode	http://v8.1c.ru/8.3/MDClasses	PasswordMode	8.3.27	platform-property-md-PasswordMode
InformationRegisterDimension	format	http://v8.1c.ru/8.3/MDClasses	Format	8.3.27	platform-property-md-Format
InformationRegisterDimension	editFormat	http://v8.1c.ru/8.3/MDClasses	EditFormat	8.3.27	platform-property-md-EditFormat
InformationRegisterDimension	toolTip	http://v8.1c.ru/8.3/MDClasses	ToolTip	8.3.27	platform-property-md-ToolTip
InformationRegisterDimension	markNegatives	http://v8.1c.ru/8.3/MDClasses	MarkNegatives	8.3.27	platform-property-md-MarkNegatives
InformationRegisterDimension	mask	http://v8.1c.ru/8.3/MDClasses	Mask	8.3.27	platform-property-md-Mask
InformationRegisterDimension	multiLine	http://v8.1c.ru/8.3/MDClasses	MultiLine	8.3.27	platform-property-md-MultiLine
InformationRegisterDimension	extendedEdit	http://v8.1c.ru/8.3/MDClasses	ExtendedEdit	8.3.27	platform-property-md-ExtendedEdit
InformationRegisterDimension	minValue	http://v8.1c.ru/8.3/MDClasses	MinValue	8.3.27	platform-property-md-MinValue
InformationRegisterDimension	maxValue	http://v8.1c.ru/8.3/MDClasses	MaxValue	8.3.27	platform-property-md-MaxValue
InformationRegisterDimension	fillFromFillingValue	http://v8.1c.ru/8.3/MDClasses	FillFromFillingValue	8.3.27	platform-property-md-FillFromFillingValue
InformationRegisterDimension	fillValue	http://v8.1c.ru/8.3/MDClasses	FillValue	8.3.27	platform-property-md-FillValue
InformationRegisterDimension	fillChecking	http://v8.1c.ru/8.3/MDClasses	FillChecking	8.3.27	platform-property-md-FillChecking
InformationRegisterDimension	choiceFoldersAndItems	http://v8.1c.ru/8.3/MDClasses	ChoiceFoldersAndItems	8.3.27	platform-property-md-ChoiceFoldersAndItems
InformationRegisterDimension	choiceParameterLinks	http://v8.1c.ru/8.3/MDClasses	ChoiceParameterLinks	8.3.27	platform-property-md-ChoiceParameterLinks
InformationRegisterDimension	choiceParameters	http://v8.1c.ru/8.3/MDClasses	ChoiceParameters	8.3.27	platform-property-md-ChoiceParameters
InformationRegisterDimension	quickChoice	http://v8.1c.ru/8.3/MDClasses	QuickChoice	8.3.27	platform-property-md-QuickChoice
InformationRegisterDimension	createOnInput	http://v8.1c.ru/8.3/MDClasses	CreateOnInput	8.3.27	platform-property-md-CreateOnInput
InformationRegisterDimension	choiceForm	http://v8.1c.ru/8.3/MDClasses	ChoiceForm	8.3.27	platform-property-md-ChoiceForm
InformationRegisterDimension	linkByType	http://v8.1c.ru/8.3/MDClasses	LinkByType	8.3.27	platform-property-md-LinkByType
InformationRegisterDimension	choiceHistoryOnInput	http://v8.1c.ru/8.3/MDClasses	ChoiceHistoryOnInput	8.3.27	platform-property-md-ChoiceHistoryOnInput
InformationRegisterDimension	master	http://v8.1c.ru/8.3/MDClasses	Master	8.3.27	platform-property-md-Master
InformationRegisterDimension	mainFilter	http://v8.1c.ru/8.3/MDClasses	MainFilter	8.3.27	platform-property-md-MainFilter
InformationRegisterDimension	denyIncompleteValues	http://v8.1c.ru/8.3/MDClasses	DenyIncompleteValues	8.3.27	platform-property-md-DenyIncompleteValues
InformationRegisterDimension	indexing	http://v8.1c.ru/8.3/MDClasses	Indexing	8.3.27	platform-property-md-Indexing
InformationRegisterDimension	fullTextSearch	http://v8.1c.ru/8.3/MDClasses	FullTextSearch	8.3.27	platform-property-md-FullTextSearch
InformationRegisterDimension	dataHistory	http://v8.1c.ru/8.3/MDClasses	DataHistory	8.3.27	platform-property-md-DataHistory
InformationRegisterDimension	typeReductionMode	http://v8.1c.ru/8.3/MDClasses	TypeReductionMode	8.3.27	platform-property-md-TypeReductionMode
InformationRegisterForm	name	http://v8.1c.ru/8.3/MDClasses	Name	8.3.27	platform-property-md-Name
InformationRegisterForm	synonym	http://v8.1c.ru/8.3/MDClasses	Synonym	8.3.27	platform-property-md-Synonym
InformationRegisterForm	comment	http://v8.1c.ru/8.3/MDClasses	Comment	8.3.27	platform-property-md-Comment
InformationRegisterForm	objectBelonging	http://v8.1c.ru/8.3/MDClasses	ObjectBelonging	8.3.27	platform-property-md-ObjectBelonging
InformationRegisterForm	extendedConfigurationObject	http://v8.1c.ru/8.3/MDClasses	ExtendedConfigurationObject	8.3.27	platform-property-md-ExtendedConfigurationObject
InformationRegisterForm	formType	http://v8.1c.ru/8.3/MDClasses	FormType	8.3.27	platform-property-md-FormType
InformationRegisterForm	includeHelpInContents	http://v8.1c.ru/8.3/MDClasses	IncludeHelpInContents	8.3.27	platform-property-md-IncludeHelpInContents
InformationRegisterForm	help	http://v8.1c.ru/8.3/MDClasses	Help	8.3.27	platform-property-md-Help
InformationRegisterForm	usePurposes	http://v8.1c.ru/8.3/MDClasses	UsePurposes	8.3.27	platform-property-md-UsePurposes
InformationRegisterForm	useInInterfaceCompatibilityMode	http://v8.1c.ru/8.3/MDClasses	UseInInterfaceCompatibilityMode	8.5.1	platform-property-md-UseInInterfaceCompatibilityMode
InformationRegisterCommand	name	http://v8.1c.ru/8.3/MDClasses	Name	8.3.27	platform-property-md-Name
InformationRegisterCommand	synonym	http://v8.1c.ru/8.3/MDClasses	Synonym	8.3.27	platform-property-md-Synonym
InformationRegisterCommand	comment	http://v8.1c.ru/8.3/MDClasses	Comment	8.3.27	platform-property-md-Comment
InformationRegisterCommand	objectBelonging	http://v8.1c.ru/8.3/MDClasses	ObjectBelonging	8.3.27	platform-property-md-ObjectBelonging
InformationRegisterCommand	extendedConfigurationObject	http://v8.1c.ru/8.3/MDClasses	ExtendedConfigurationObject	8.3.27	platform-property-md-ExtendedConfigurationObject
InformationRegisterCommand	group	http://v8.1c.ru/8.3/MDClasses	Group	8.3.27	platform-property-md-Group
InformationRegisterCommand	commandParameterType	http://v8.1c.ru/8.3/MDClasses	CommandParameterType	8.3.27	platform-property-md-CommandParameterType
InformationRegisterCommand	parameterUseMode	http://v8.1c.ru/8.3/MDClasses	ParameterUseMode	8.3.27	platform-property-md-ParameterUseMode
InformationRegisterCommand	modifiesData	http://v8.1c.ru/8.3/MDClasses	ModifiesData	8.3.27	platform-property-md-ModifiesData
InformationRegisterCommand	representation	http://v8.1c.ru/8.3/MDClasses	Representation	8.3.27	platform-property-md-Representation
InformationRegisterCommand	toolTip	http://v8.1c.ru/8.3/MDClasses	ToolTip	8.3.27	platform-property-md-ToolTip
InformationRegisterCommand	picture	http://v8.1c.ru/8.3/MDClasses	Picture	8.3.27	platform-property-md-Picture
InformationRegisterCommand	shortcut	http://v8.1c.ru/8.3/MDClasses	Shortcut	8.3.27	platform-property-md-Shortcut
InformationRegisterCommand	onMainServerUnavalableBehavior	http://v8.1c.ru/8.3/MDClasses	OnMainServerUnavalableBehavior	8.3.27	platform-property-md-OnMainServerUnavalableBehavior
Interface	name	http://v8.1c.ru/8.3/MDClasses	Name	8.3.27	platform-property-md-Name
Interface	synonym	http://v8.1c.ru/8.3/MDClasses	Synonym	8.3.27	platform-property-md-Synonym
Interface	comment	http://v8.1c.ru/8.3/MDClasses	Comment	8.3.27	platform-property-md-Comment
Interface	objectBelonging	http://v8.1c.ru/8.3/MDClasses	ObjectBelonging	8.3.27	platform-property-md-ObjectBelonging
Interface	extendedConfigurationObject	http://v8.1c.ru/8.3/MDClasses	ExtendedConfigurationObject	8.3.27	platform-property-md-ExtendedConfigurationObject
Style	name	http://v8.1c.ru/8.3/MDClasses	Name	8.3.27	platform-property-md-Name
Style	synonym	http://v8.1c.ru/8.3/MDClasses	Synonym	8.3.27	platform-property-md-Synonym
Style	comment	http://v8.1c.ru/8.3/MDClasses	Comment	8.3.27	platform-property-md-Comment
Style	objectBelonging	http://v8.1c.ru/8.3/MDClasses	ObjectBelonging	8.3.27	platform-property-md-ObjectBelonging
Style	extendedConfigurationObject	http://v8.1c.ru/8.3/MDClasses	ExtendedConfigurationObject	8.3.27	platform-property-md-ExtendedConfigurationObject
Configuration	name	http://v8.1c.ru/8.3/MDClasses	Name	8.3.27	platform-property-md-Name
Configuration	synonym	http://v8.1c.ru/8.3/MDClasses	Synonym	8.3.27	platform-property-md-Synonym
Configuration	comment	http://v8.1c.ru/8.3/MDClasses	Comment	8.3.27	platform-property-md-Comment
Configuration	configurationExtensionPurpose	http://v8.1c.ru/8.3/MDClasses	ConfigurationExtensionPurpose	8.3.27	platform-property-md-ConfigurationExtensionPurpose
Configuration	objectBelonging	http://v8.1c.ru/8.3/MDClasses	ObjectBelonging	8.3.27	platform-property-md-ObjectBelonging
Configuration	extendedConfigurationObject	http://v8.1c.ru/8.3/MDClasses	ExtendedConfigurationObject	8.3.27	platform-property-md-ExtendedConfigurationObject
Configuration	keepMappingToExtendedConfigurationObjectsByIDs	http://v8.1c.ru/8.3/MDClasses	KeepMappingToExtendedConfigurationObjectsByIDs	8.3.27	platform-property-md-KeepMappingToExtendedConfigurationObjectsByIDs
Configuration	namePrefix	http://v8.1c.ru/8.3/MDClasses	NamePrefix	8.3.27	platform-property-md-NamePrefix
Configuration	configurationExtensionCompatibilityMode	http://v8.1c.ru/8.3/MDClasses	ConfigurationExtensionCompatibilityMode	8.3.27	platform-property-md-ConfigurationExtensionCompatibilityMode
Configuration	defaultRunMode	http://v8.1c.ru/8.3/MDClasses	DefaultRunMode	8.3.27	platform-property-md-DefaultRunMode
Configuration	usePurposes	http://v8.1c.ru/8.3/MDClasses	UsePurposes	8.3.27	platform-property-md-UsePurposes
Configuration	scriptVariant	http://v8.1c.ru/8.3/MDClasses	ScriptVariant	8.3.27	platform-property-md-ScriptVariant
Configuration	defaultRole	http://v8.1c.ru/8.3/MDClasses	DefaultRole	8.3.27	platform-property-md-DefaultRole
Configuration	defaultRoles	http://v8.1c.ru/8.3/MDClasses	DefaultRoles	8.3.27	platform-property-md-DefaultRoles
Configuration	vendor	http://v8.1c.ru/8.3/MDClasses	Vendor	8.3.27	platform-property-md-Vendor
Configuration	version	http://v8.1c.ru/8.3/MDClasses	Version	8.3.27	platform-property-md-Version
Configuration	updateCatalogAddress	http://v8.1c.ru/8.3/MDClasses	UpdateCatalogAddress	8.3.27	platform-property-md-UpdateCatalogAddress
Configuration	includeHelpInContents	http://v8.1c.ru/8.3/MDClasses	IncludeHelpInContents	8.3.27	platform-property-md-IncludeHelpInContents
Configuration	help	http://v8.1c.ru/8.3/MDClasses	Help	8.3.27	platform-property-md-Help
Configuration	useManagedFormInOrdinaryApplication	http://v8.1c.ru/8.3/MDClasses	UseManagedFormInOrdinaryApplication	8.3.27	platform-property-md-UseManagedFormInOrdinaryApplication
Configuration	useOrdinaryFormInManagedApplication	http://v8.1c.ru/8.3/MDClasses	UseOrdinaryFormInManagedApplication	8.3.27	platform-property-md-UseOrdinaryFormInManagedApplication
Configuration	additionalFullTextSearchDictionaries	http://v8.1c.ru/8.3/MDClasses	AdditionalFullTextSearchDictionaries	8.3.27	platform-property-md-AdditionalFullTextSearchDictionaries
Configuration	commonSettingsStorage	http://v8.1c.ru/8.3/MDClasses	CommonSettingsStorage	8.3.27	platform-property-md-CommonSettingsStorage
Configuration	reportsUserSettingsStorage	http://v8.1c.ru/8.3/MDClasses	ReportsUserSettingsStorage	8.3.27	platform-property-md-ReportsUserSettingsStorage
Configuration	reportsVariantsStorage	http://v8.1c.ru/8.3/MDClasses	ReportsVariantsStorage	8.3.27	platform-property-md-ReportsVariantsStorage
Configuration	formDataSettingsStorage	http://v8.1c.ru/8.3/MDClasses	FormDataSettingsStorage	8.3.27	platform-property-md-FormDataSettingsStorage
Configuration	dynamicListsUserSettingsStorage	http://v8.1c.ru/8.3/MDClasses	DynamicListsUserSettingsStorage	8.3.27	platform-property-md-DynamicListsUserSettingsStorage
Configuration	urlExternalDataStorage	http://v8.1c.ru/8.3/MDClasses	URLExternalDataStorage	8.3.27	platform-property-md-URLExternalDataStorage
Configuration	defaultReportForm	http://v8.1c.ru/8.3/MDClasses	DefaultReportForm	8.3.27	platform-property-md-DefaultReportForm
Configuration	defaultReportVariantForm	http://v8.1c.ru/8.3/MDClasses	DefaultReportVariantForm	8.3.27	platform-property-md-DefaultReportVariantForm
Configuration	defaultReportSettingsForm	http://v8.1c.ru/8.3/MDClasses	DefaultReportSettingsForm	8.3.27	platform-property-md-DefaultReportSettingsForm
Configuration	defaultReportAppearanceTemplate	http://v8.1c.ru/8.3/MDClasses	DefaultReportAppearanceTemplate	8.3.27	platform-property-md-DefaultReportAppearanceTemplate
Configuration	defaultDynamicListSettingsForm	http://v8.1c.ru/8.3/MDClasses	DefaultDynamicListSettingsForm	8.3.27	platform-property-md-DefaultDynamicListSettingsForm
Configuration	defaultSearchForm	http://v8.1c.ru/8.3/MDClasses	DefaultSearchForm	8.3.27	platform-property-md-DefaultSearchForm
Configuration	defaultDataHistoryChangeHistoryForm	http://v8.1c.ru/8.3/MDClasses	DefaultDataHistoryChangeHistoryForm	8.3.27	platform-property-md-DefaultDataHistoryChangeHistoryForm
Configuration	defaultDataHistoryVersionDataForm	http://v8.1c.ru/8.3/MDClasses	DefaultDataHistoryVersionDataForm	8.3.27	platform-property-md-DefaultDataHistoryVersionDataForm
Configuration	defaultDataHistoryVersionDifferencesForm	http://v8.1c.ru/8.3/MDClasses	DefaultDataHistoryVersionDifferencesForm	8.3.27	platform-property-md-DefaultDataHistoryVersionDifferencesForm
Configuration	defaultCollaborationSystemUsersChoiceForm	http://v8.1c.ru/8.3/MDClasses	DefaultCollaborationSystemUsersChoiceForm	8.3.27	platform-property-md-DefaultCollaborationSystemUsersChoiceForm
Configuration	auxiliaryReportForm	http://v8.1c.ru/8.3/MDClasses	AuxiliaryReportForm	8.5.1	platform-property-md-AuxiliaryReportForm
Configuration	auxiliaryReportVariantForm	http://v8.1c.ru/8.3/MDClasses	AuxiliaryReportVariantForm	8.5.1	platform-property-md-AuxiliaryReportVariantForm
Configuration	auxiliaryReportSettingsForm	http://v8.1c.ru/8.3/MDClasses	AuxiliaryReportSettingsForm	8.5.1	platform-property-md-AuxiliaryReportSettingsForm
Configuration	auxiliaryDynamicListSettingsForm	http://v8.1c.ru/8.3/MDClasses	AuxiliaryDynamicListSettingsForm	8.5.1	platform-property-md-AuxiliaryDynamicListSettingsForm
Configuration	auxiliaryDataHistoryChangeHistoryForm	http://v8.1c.ru/8.3/MDClasses	AuxiliaryDataHistoryChangeHistoryForm	8.5.1	platform-property-md-AuxiliaryDataHistoryChangeHistoryForm
Configuration	auxiliaryDataHistoryVersionDataForm	http://v8.1c.ru/8.3/MDClasses	AuxiliaryDataHistoryVersionDataForm	8.5.1	platform-property-md-AuxiliaryDataHistoryVersionDataForm
Configuration	auxiliaryDataHistoryVersionDifferencesForm	http://v8.1c.ru/8.3/MDClasses	AuxiliaryDataHistoryVersionDifferencesForm	8.5.1	platform-property-md-AuxiliaryDataHistoryVersionDifferencesForm
Configuration	auxiliaryCollaborationSystemUsersChoiceForm	http://v8.1c.ru/8.3/MDClasses	AuxiliaryCollaborationSystemUsersChoiceForm	8.5.1	platform-property-md-AuxiliaryCollaborationSystemUsersChoiceForm
Configuration	requiredMobileApplicationPermissions8315	http://v8.1c.ru/8.3/MDClasses	RequiredMobileApplicationPermissions8315	8.3.27	platform-property-md-RequiredMobileApplicationPermissions8315
Configuration	usedMobileApplicationFunctionalities	http://v8.1c.ru/8.3/MDClasses	UsedMobileApplicationFunctionalities	8.3.27	platform-property-md-UsedMobileApplicationFunctionalities
Configuration	standaloneConfigurationRestrictionRoles	http://v8.1c.ru/8.3/MDClasses	StandaloneConfigurationRestrictionRoles	8.3.27	platform-property-md-StandaloneConfigurationRestrictionRoles
Configuration	mobileApplicationUrls	http://v8.1c.ru/8.3/MDClasses	MobileApplicationURLs	8.3.27	platform-property-md-MobileApplicationURLs
Configuration	allowedIncomingShareRequestTypes	http://v8.1c.ru/8.3/MDClasses	AllowedIncomingShareRequestTypes	8.3.27	platform-property-md-AllowedIncomingShareRequestTypes
Configuration	mainClientApplicationWindowMode	http://v8.1c.ru/8.3/MDClasses	MainClientApplicationWindowMode	8.3.27	platform-property-md-MainClientApplicationWindowMode
Configuration	clientApplicationTheme	http://v8.1c.ru/8.3/MDClasses	ClientApplicationTheme	8.5.1	platform-property-md-ClientApplicationTheme
Configuration	mainClientApplicationWindowInterfaceVariant	http://v8.1c.ru/8.3/MDClasses	MainClientApplicationWindowInterfaceVariant	8.5.1	platform-property-md-MainClientApplicationWindowInterfaceVariant
Configuration	clientApplicationWindowsOpenVariant	http://v8.1c.ru/8.3/MDClasses	ClientApplicationWindowsOpenVariant	8.5.1	platform-property-md-ClientApplicationWindowsOpenVariant
Configuration	mainSectionPicture	http://v8.1c.ru/8.3/MDClasses	MainSectionPicture	8.3.27	platform-property-md-MainSectionPicture
Configuration	defaultInterface	http://v8.1c.ru/8.3/MDClasses	DefaultInterface	8.3.27	platform-property-md-DefaultInterface
Configuration	caption	http://v8.1c.ru/8.3/MDClasses	Caption	8.5.1	platform-property-md-Caption
Configuration	shortCaption	http://v8.1c.ru/8.3/MDClasses	ShortCaption	8.5.1	platform-property-md-ShortCaption
Configuration	defaultStyle	http://v8.1c.ru/8.3/MDClasses	DefaultStyle	8.3.27	platform-property-md-DefaultStyle
Configuration	defaultLanguage	http://v8.1c.ru/8.3/MDClasses	DefaultLanguage	8.3.27	platform-property-md-DefaultLanguage
Configuration	briefInformation	http://v8.1c.ru/8.3/MDClasses	BriefInformation	8.3.27	platform-property-md-BriefInformation
Configuration	detailedInformation	http://v8.1c.ru/8.3/MDClasses	DetailedInformation	8.3.27	platform-property-md-DetailedInformation
Configuration	logo	http://v8.1c.ru/8.3/MDClasses	Logo	8.3.27	platform-property-md-Logo
Configuration	splash	http://v8.1c.ru/8.3/MDClasses	Splash	8.3.27	platform-property-md-Splash
Configuration	copyright	http://v8.1c.ru/8.3/MDClasses	Copyright	8.3.27	platform-property-md-Copyright
Configuration	vendorInformationAddress	http://v8.1c.ru/8.3/MDClasses	VendorInformationAddress	8.3.27	platform-property-md-VendorInformationAddress
Configuration	configurationInformationAddress	http://v8.1c.ru/8.3/MDClasses	ConfigurationInformationAddress	8.3.27	platform-property-md-ConfigurationInformationAddress
Configuration	dataLockControlMode	http://v8.1c.ru/8.3/MDClasses	DataLockControlMode	8.3.27	platform-property-md-DataLockControlMode
Configuration	binaryDataStorageMode	http://v8.1c.ru/8.3/MDClasses	BinaryDataStorageMode	8.3.27	platform-property-md-BinaryDataStorageMode
Configuration	binaryDataBlockStorageUseMode	http://v8.1c.ru/8.3/MDClasses	BinaryDataBlockStorageUseMode	8.3.27	platform-property-md-BinaryDataBlockStorageUseMode
Configuration	objectAutonumerationMode	http://v8.1c.ru/8.3/MDClasses	ObjectAutonumerationMode	8.3.27	platform-property-md-ObjectAutonumerationMode
Configuration	modalityUseMode	http://v8.1c.ru/8.3/MDClasses	ModalityUseMode	8.3.27	platform-property-md-ModalityUseMode
Configuration	synchronousPlatformExtensionAndAddInCallUseMode	http://v8.1c.ru/8.3/MDClasses	SynchronousPlatformExtensionAndAddInCallUseMode	8.3.27	platform-property-md-SynchronousPlatformExtensionAndAddInCallUseMode
Configuration	interfaceCompatibilityMode	http://v8.1c.ru/8.3/MDClasses	InterfaceCompatibilityMode	8.3.27	platform-property-md-InterfaceCompatibilityMode
Configuration	version85InterfaceMigrationMode	http://v8.1c.ru/8.3/MDClasses	Version85InterfaceMigrationMode	8.5.1	platform-property-md-Version85InterfaceMigrationMode
Configuration	databaseTablespacesUseMode	http://v8.1c.ru/8.3/MDClasses	DatabaseTablespacesUseMode	8.3.27	platform-property-md-DatabaseTablespacesUseMode
Configuration	compatibilityMode	http://v8.1c.ru/8.3/MDClasses	CompatibilityMode	8.3.27	platform-property-md-CompatibilityMode
Configuration	defaultConstantsForm	http://v8.1c.ru/8.3/MDClasses	DefaultConstantsForm	8.3.27	platform-property-md-DefaultConstantsForm
StyleItem	name	http://v8.1c.ru/8.3/MDClasses	Name	8.3.27	platform-property-md-Name
StyleItem	synonym	http://v8.1c.ru/8.3/MDClasses	Synonym	8.3.27	platform-property-md-Synonym
StyleItem	comment	http://v8.1c.ru/8.3/MDClasses	Comment	8.3.27	platform-property-md-Comment
StyleItem	objectBelonging	http://v8.1c.ru/8.3/MDClasses	ObjectBelonging	8.3.27	platform-property-md-ObjectBelonging
StyleItem	extendedConfigurationObject	http://v8.1c.ru/8.3/MDClasses	ExtendedConfigurationObject	8.3.27	platform-property-md-ExtendedConfigurationObject
StyleItem	type	http://v8.1c.ru/8.3/MDClasses	Type	8.3.27	platform-property-md-Type
StyleItem	value	http://v8.1c.ru/8.3/MDClasses	Value	8.3.27	platform-property-md-Value
ExchangePlan	name	http://v8.1c.ru/8.3/MDClasses	Name	8.3.27	platform-property-md-Name
ExchangePlan	synonym	http://v8.1c.ru/8.3/MDClasses	Synonym	8.3.27	platform-property-md-Synonym
ExchangePlan	comment	http://v8.1c.ru/8.3/MDClasses	Comment	8.3.27	platform-property-md-Comment
ExchangePlan	objectBelonging	http://v8.1c.ru/8.3/MDClasses	ObjectBelonging	8.3.27	platform-property-md-ObjectBelonging
ExchangePlan	extendedConfigurationObject	http://v8.1c.ru/8.3/MDClasses	ExtendedConfigurationObject	8.3.27	platform-property-md-ExtendedConfigurationObject
ExchangePlan	useStandardCommands	http://v8.1c.ru/8.3/MDClasses	UseStandardCommands	8.3.27	platform-property-md-UseStandardCommands
ExchangePlan	codeLength	http://v8.1c.ru/8.3/MDClasses	CodeLength	8.3.27	platform-property-md-CodeLength
ExchangePlan	codeAllowedLength	http://v8.1c.ru/8.3/MDClasses	CodeAllowedLength	8.3.27	platform-property-md-CodeAllowedLength
ExchangePlan	descriptionLength	http://v8.1c.ru/8.3/MDClasses	DescriptionLength	8.3.27	platform-property-md-DescriptionLength
ExchangePlan	content	http://v8.1c.ru/8.3/MDClasses	Content	8.3.27	platform-property-md-Content
ExchangePlan	defaultPresentation	http://v8.1c.ru/8.3/MDClasses	DefaultPresentation	8.3.27	platform-property-md-DefaultPresentation
ExchangePlan	editType	http://v8.1c.ru/8.3/MDClasses	EditType	8.3.27	platform-property-md-EditType
ExchangePlan	quickChoice	http://v8.1c.ru/8.3/MDClasses	QuickChoice	8.3.27	platform-property-md-QuickChoice
ExchangePlan	choiceMode	http://v8.1c.ru/8.3/MDClasses	ChoiceMode	8.3.27	platform-property-md-ChoiceMode
ExchangePlan	inputByString	http://v8.1c.ru/8.3/MDClasses	InputByString	8.3.27	platform-property-md-InputByString
ExchangePlan	searchStringModeOnInputByString	http://v8.1c.ru/8.3/MDClasses	SearchStringModeOnInputByString	8.3.27	platform-property-md-SearchStringModeOnInputByString
ExchangePlan	fullTextSearchOnInputByString	http://v8.1c.ru/8.3/MDClasses	FullTextSearchOnInputByString	8.3.27	platform-property-md-FullTextSearchOnInputByString
ExchangePlan	choiceDataGetModeOnInputByString	http://v8.1c.ru/8.3/MDClasses	ChoiceDataGetModeOnInputByString	8.3.27	platform-property-md-ChoiceDataGetModeOnInputByString
ExchangePlan	defaultObjectForm	http://v8.1c.ru/8.3/MDClasses	DefaultObjectForm	8.3.27	platform-property-md-DefaultObjectForm
ExchangePlan	defaultListForm	http://v8.1c.ru/8.3/MDClasses	DefaultListForm	8.3.27	platform-property-md-DefaultListForm
ExchangePlan	defaultChoiceForm	http://v8.1c.ru/8.3/MDClasses	DefaultChoiceForm	8.3.27	platform-property-md-DefaultChoiceForm
ExchangePlan	auxiliaryObjectForm	http://v8.1c.ru/8.3/MDClasses	AuxiliaryObjectForm	8.3.27	platform-property-md-AuxiliaryObjectForm
ExchangePlan	auxiliaryListForm	http://v8.1c.ru/8.3/MDClasses	AuxiliaryListForm	8.3.27	platform-property-md-AuxiliaryListForm
ExchangePlan	auxiliaryChoiceForm	http://v8.1c.ru/8.3/MDClasses	AuxiliaryChoiceForm	8.3.27	platform-property-md-AuxiliaryChoiceForm
ExchangePlan	standardAttributes	http://v8.1c.ru/8.3/MDClasses	StandardAttributes	8.3.27	platform-property-md-StandardAttributes
ExchangePlan	characteristics	http://v8.1c.ru/8.3/MDClasses	Characteristics	8.3.27	platform-property-md-Characteristics
ExchangePlan	basedOn	http://v8.1c.ru/8.3/MDClasses	BasedOn	8.3.27	platform-property-md-BasedOn
ExchangePlan	distributedInfoBase	http://v8.1c.ru/8.3/MDClasses	DistributedInfoBase	8.3.27	platform-property-md-DistributedInfoBase
ExchangePlan	includeConfigurationExtensions	http://v8.1c.ru/8.3/MDClasses	IncludeConfigurationExtensions	8.3.27	platform-property-md-IncludeConfigurationExtensions
ExchangePlan	createOnInput	http://v8.1c.ru/8.3/MDClasses	CreateOnInput	8.3.27	platform-property-md-CreateOnInput
ExchangePlan	choiceHistoryOnInput	http://v8.1c.ru/8.3/MDClasses	ChoiceHistoryOnInput	8.3.27	platform-property-md-ChoiceHistoryOnInput
ExchangePlan	includeHelpInContents	http://v8.1c.ru/8.3/MDClasses	IncludeHelpInContents	8.3.27	platform-property-md-IncludeHelpInContents
ExchangePlan	help	http://v8.1c.ru/8.3/MDClasses	Help	8.3.27	platform-property-md-Help
ExchangePlan	dataLockFields	http://v8.1c.ru/8.3/MDClasses	DataLockFields	8.3.27	platform-property-md-DataLockFields
ExchangePlan	dataLockControlMode	http://v8.1c.ru/8.3/MDClasses	DataLockControlMode	8.3.27	platform-property-md-DataLockControlMode
ExchangePlan	fullTextSearch	http://v8.1c.ru/8.3/MDClasses	FullTextSearch	8.3.27	platform-property-md-FullTextSearch
ExchangePlan	objectPresentation	http://v8.1c.ru/8.3/MDClasses	ObjectPresentation	8.3.27	platform-property-md-ObjectPresentation
ExchangePlan	extendedObjectPresentation	http://v8.1c.ru/8.3/MDClasses	ExtendedObjectPresentation	8.3.27	platform-property-md-ExtendedObjectPresentation
ExchangePlan	listPresentation	http://v8.1c.ru/8.3/MDClasses	ListPresentation	8.3.27	platform-property-md-ListPresentation
ExchangePlan	extendedListPresentation	http://v8.1c.ru/8.3/MDClasses	ExtendedListPresentation	8.3.27	platform-property-md-ExtendedListPresentation
ExchangePlan	explanation	http://v8.1c.ru/8.3/MDClasses	Explanation	8.3.27	platform-property-md-Explanation
ExchangePlan	dataHistory	http://v8.1c.ru/8.3/MDClasses	DataHistory	8.3.27	platform-property-md-DataHistory
ExchangePlan	updateDataHistoryImmediatelyAfterWrite	http://v8.1c.ru/8.3/MDClasses	UpdateDataHistoryImmediatelyAfterWrite	8.3.27	platform-property-md-UpdateDataHistoryImmediatelyAfterWrite
ExchangePlan	executeAfterWriteDataHistoryVersionProcessing	http://v8.1c.ru/8.3/MDClasses	ExecuteAfterWriteDataHistoryVersionProcessing	8.3.27	platform-property-md-ExecuteAfterWriteDataHistoryVersionProcessing
ExchangePlanAttribute	name	http://v8.1c.ru/8.3/MDClasses	Name	8.3.27	platform-property-md-Name
ExchangePlanAttribute	synonym	http://v8.1c.ru/8.3/MDClasses	Synonym	8.3.27	platform-property-md-Synonym
ExchangePlanAttribute	comment	http://v8.1c.ru/8.3/MDClasses	Comment	8.3.27	platform-property-md-Comment
ExchangePlanAttribute	objectBelonging	http://v8.1c.ru/8.3/MDClasses	ObjectBelonging	8.3.27	platform-property-md-ObjectBelonging
ExchangePlanAttribute	extendedConfigurationObject	http://v8.1c.ru/8.3/MDClasses	ExtendedConfigurationObject	8.3.27	platform-property-md-ExtendedConfigurationObject
ExchangePlanAttribute	type	http://v8.1c.ru/8.3/MDClasses	Type	8.3.27	platform-property-md-Type
ExchangePlanAttribute	passwordMode	http://v8.1c.ru/8.3/MDClasses	PasswordMode	8.3.27	platform-property-md-PasswordMode
ExchangePlanAttribute	format	http://v8.1c.ru/8.3/MDClasses	Format	8.3.27	platform-property-md-Format
ExchangePlanAttribute	editFormat	http://v8.1c.ru/8.3/MDClasses	EditFormat	8.3.27	platform-property-md-EditFormat
ExchangePlanAttribute	toolTip	http://v8.1c.ru/8.3/MDClasses	ToolTip	8.3.27	platform-property-md-ToolTip
ExchangePlanAttribute	markNegatives	http://v8.1c.ru/8.3/MDClasses	MarkNegatives	8.3.27	platform-property-md-MarkNegatives
ExchangePlanAttribute	mask	http://v8.1c.ru/8.3/MDClasses	Mask	8.3.27	platform-property-md-Mask
ExchangePlanAttribute	multiLine	http://v8.1c.ru/8.3/MDClasses	MultiLine	8.3.27	platform-property-md-MultiLine
ExchangePlanAttribute	extendedEdit	http://v8.1c.ru/8.3/MDClasses	ExtendedEdit	8.3.27	platform-property-md-ExtendedEdit
ExchangePlanAttribute	minValue	http://v8.1c.ru/8.3/MDClasses	MinValue	8.3.27	platform-property-md-MinValue
ExchangePlanAttribute	maxValue	http://v8.1c.ru/8.3/MDClasses	MaxValue	8.3.27	platform-property-md-MaxValue
ExchangePlanAttribute	fillFromFillingValue	http://v8.1c.ru/8.3/MDClasses	FillFromFillingValue	8.3.27	platform-property-md-FillFromFillingValue
ExchangePlanAttribute	fillValue	http://v8.1c.ru/8.3/MDClasses	FillValue	8.3.27	platform-property-md-FillValue
ExchangePlanAttribute	fillChecking	http://v8.1c.ru/8.3/MDClasses	FillChecking	8.3.27	platform-property-md-FillChecking
ExchangePlanAttribute	choiceFoldersAndItems	http://v8.1c.ru/8.3/MDClasses	ChoiceFoldersAndItems	8.3.27	platform-property-md-ChoiceFoldersAndItems
ExchangePlanAttribute	choiceParameterLinks	http://v8.1c.ru/8.3/MDClasses	ChoiceParameterLinks	8.3.27	platform-property-md-ChoiceParameterLinks
ExchangePlanAttribute	choiceParameters	http://v8.1c.ru/8.3/MDClasses	ChoiceParameters	8.3.27	platform-property-md-ChoiceParameters
ExchangePlanAttribute	quickChoice	http://v8.1c.ru/8.3/MDClasses	QuickChoice	8.3.27	platform-property-md-QuickChoice
ExchangePlanAttribute	createOnInput	http://v8.1c.ru/8.3/MDClasses	CreateOnInput	8.3.27	platform-property-md-CreateOnInput
ExchangePlanAttribute	choiceForm	http://v8.1c.ru/8.3/MDClasses	ChoiceForm	8.3.27	platform-property-md-ChoiceForm
ExchangePlanAttribute	linkByType	http://v8.1c.ru/8.3/MDClasses	LinkByType	8.3.27	platform-property-md-LinkByType
ExchangePlanAttribute	choiceHistoryOnInput	http://v8.1c.ru/8.3/MDClasses	ChoiceHistoryOnInput	8.3.27	platform-property-md-ChoiceHistoryOnInput
ExchangePlanAttribute	indexing	http://v8.1c.ru/8.3/MDClasses	Indexing	8.3.27	platform-property-md-Indexing
ExchangePlanAttribute	fullTextSearch	http://v8.1c.ru/8.3/MDClasses	FullTextSearch	8.3.27	platform-property-md-FullTextSearch
ExchangePlanAttribute	dataHistory	http://v8.1c.ru/8.3/MDClasses	DataHistory	8.3.27	platform-property-md-DataHistory
ExchangePlanAttribute	binaryDataStorageLocationUse	http://v8.1c.ru/8.3/MDClasses	BinaryDataStorageLocationUse	8.3.27	platform-property-md-BinaryDataStorageLocationUse
ExchangePlanAttribute	binaryDataStorageLocationUseField	http://v8.1c.ru/8.3/MDClasses	BinaryDataStorageLocationUseField	8.3.27	platform-property-md-BinaryDataStorageLocationUseField
ExchangePlanTabularSection	name	http://v8.1c.ru/8.3/MDClasses	Name	8.3.27	platform-property-md-Name
ExchangePlanTabularSection	synonym	http://v8.1c.ru/8.3/MDClasses	Synonym	8.3.27	platform-property-md-Synonym
ExchangePlanTabularSection	comment	http://v8.1c.ru/8.3/MDClasses	Comment	8.3.27	platform-property-md-Comment
ExchangePlanTabularSection	objectBelonging	http://v8.1c.ru/8.3/MDClasses	ObjectBelonging	8.3.27	platform-property-md-ObjectBelonging
ExchangePlanTabularSection	extendedConfigurationObject	http://v8.1c.ru/8.3/MDClasses	ExtendedConfigurationObject	8.3.27	platform-property-md-ExtendedConfigurationObject
ExchangePlanTabularSection	toolTip	http://v8.1c.ru/8.3/MDClasses	ToolTip	8.3.27	platform-property-md-ToolTip
ExchangePlanTabularSection	fillChecking	http://v8.1c.ru/8.3/MDClasses	FillChecking	8.3.27	platform-property-md-FillChecking
ExchangePlanTabularSection	standardAttributes	http://v8.1c.ru/8.3/MDClasses	StandardAttributes	8.3.27	platform-property-md-StandardAttributes
ExchangePlanTabularSection	lineNumberLength	http://v8.1c.ru/8.3/MDClasses	LineNumberLength	8.3.27	platform-property-md-LineNumberLength
ExchangePlanForm	name	http://v8.1c.ru/8.3/MDClasses	Name	8.3.27	platform-property-md-Name
ExchangePlanForm	synonym	http://v8.1c.ru/8.3/MDClasses	Synonym	8.3.27	platform-property-md-Synonym
ExchangePlanForm	comment	http://v8.1c.ru/8.3/MDClasses	Comment	8.3.27	platform-property-md-Comment
ExchangePlanForm	objectBelonging	http://v8.1c.ru/8.3/MDClasses	ObjectBelonging	8.3.27	platform-property-md-ObjectBelonging
ExchangePlanForm	extendedConfigurationObject	http://v8.1c.ru/8.3/MDClasses	ExtendedConfigurationObject	8.3.27	platform-property-md-ExtendedConfigurationObject
ExchangePlanForm	formType	http://v8.1c.ru/8.3/MDClasses	FormType	8.3.27	platform-property-md-FormType
ExchangePlanForm	includeHelpInContents	http://v8.1c.ru/8.3/MDClasses	IncludeHelpInContents	8.3.27	platform-property-md-IncludeHelpInContents
ExchangePlanForm	help	http://v8.1c.ru/8.3/MDClasses	Help	8.3.27	platform-property-md-Help
ExchangePlanForm	usePurposes	http://v8.1c.ru/8.3/MDClasses	UsePurposes	8.3.27	platform-property-md-UsePurposes
ExchangePlanForm	useInInterfaceCompatibilityMode	http://v8.1c.ru/8.3/MDClasses	UseInInterfaceCompatibilityMode	8.5.1	platform-property-md-UseInInterfaceCompatibilityMode
ExchangePlanCommand	name	http://v8.1c.ru/8.3/MDClasses	Name	8.3.27	platform-property-md-Name
ExchangePlanCommand	synonym	http://v8.1c.ru/8.3/MDClasses	Synonym	8.3.27	platform-property-md-Synonym
ExchangePlanCommand	comment	http://v8.1c.ru/8.3/MDClasses	Comment	8.3.27	platform-property-md-Comment
ExchangePlanCommand	objectBelonging	http://v8.1c.ru/8.3/MDClasses	ObjectBelonging	8.3.27	platform-property-md-ObjectBelonging
ExchangePlanCommand	extendedConfigurationObject	http://v8.1c.ru/8.3/MDClasses	ExtendedConfigurationObject	8.3.27	platform-property-md-ExtendedConfigurationObject
ExchangePlanCommand	group	http://v8.1c.ru/8.3/MDClasses	Group	8.3.27	platform-property-md-Group
ExchangePlanCommand	commandParameterType	http://v8.1c.ru/8.3/MDClasses	CommandParameterType	8.3.27	platform-property-md-CommandParameterType
ExchangePlanCommand	parameterUseMode	http://v8.1c.ru/8.3/MDClasses	ParameterUseMode	8.3.27	platform-property-md-ParameterUseMode
ExchangePlanCommand	modifiesData	http://v8.1c.ru/8.3/MDClasses	ModifiesData	8.3.27	platform-property-md-ModifiesData
ExchangePlanCommand	representation	http://v8.1c.ru/8.3/MDClasses	Representation	8.3.27	platform-property-md-Representation
ExchangePlanCommand	toolTip	http://v8.1c.ru/8.3/MDClasses	ToolTip	8.3.27	platform-property-md-ToolTip
ExchangePlanCommand	picture	http://v8.1c.ru/8.3/MDClasses	Picture	8.3.27	platform-property-md-Picture
ExchangePlanCommand	shortcut	http://v8.1c.ru/8.3/MDClasses	Shortcut	8.3.27	platform-property-md-Shortcut
ExchangePlanCommand	onMainServerUnavalableBehavior	http://v8.1c.ru/8.3/MDClasses	OnMainServerUnavalableBehavior	8.3.27	platform-property-md-OnMainServerUnavalableBehavior
Subsystem	name	http://v8.1c.ru/8.3/MDClasses	Name	8.3.27	platform-property-md-Name
Subsystem	synonym	http://v8.1c.ru/8.3/MDClasses	Synonym	8.3.27	platform-property-md-Synonym
Subsystem	comment	http://v8.1c.ru/8.3/MDClasses	Comment	8.3.27	platform-property-md-Comment
Subsystem	objectBelonging	http://v8.1c.ru/8.3/MDClasses	ObjectBelonging	8.3.27	platform-property-md-ObjectBelonging
Subsystem	extendedConfigurationObject	http://v8.1c.ru/8.3/MDClasses	ExtendedConfigurationObject	8.3.27	platform-property-md-ExtendedConfigurationObject
Subsystem	includeHelpInContents	http://v8.1c.ru/8.3/MDClasses	IncludeHelpInContents	8.3.27	platform-property-md-IncludeHelpInContents
Subsystem	help	http://v8.1c.ru/8.3/MDClasses	Help	8.3.27	platform-property-md-Help
Subsystem	includeInCommandInterface	http://v8.1c.ru/8.3/MDClasses	IncludeInCommandInterface	8.3.27	platform-property-md-IncludeInCommandInterface
Subsystem	useOneCommand	http://v8.1c.ru/8.3/MDClasses	UseOneCommand	8.3.27	platform-property-md-UseOneCommand
Subsystem	explanation	http://v8.1c.ru/8.3/MDClasses	Explanation	8.3.27	platform-property-md-Explanation
Subsystem	picture	http://v8.1c.ru/8.3/MDClasses	Picture	8.3.27	platform-property-md-Picture
Subsystem	content	http://v8.1c.ru/8.3/MDClasses	Content	8.3.27	platform-property-md-Content
WSReference	name	http://v8.1c.ru/8.3/MDClasses	Name	8.3.27	platform-property-md-Name
WSReference	synonym	http://v8.1c.ru/8.3/MDClasses	Synonym	8.3.27	platform-property-md-Synonym
WSReference	comment	http://v8.1c.ru/8.3/MDClasses	Comment	8.3.27	platform-property-md-Comment
WSReference	objectBelonging	http://v8.1c.ru/8.3/MDClasses	ObjectBelonging	8.3.27	platform-property-md-ObjectBelonging
WSReference	extendedConfigurationObject	http://v8.1c.ru/8.3/MDClasses	ExtendedConfigurationObject	8.3.27	platform-property-md-ExtendedConfigurationObject
WSReference	locationURL	http://v8.1c.ru/8.3/MDClasses	LocationURL	8.3.27	platform-property-md-LocationURL
EventSubscription	name	http://v8.1c.ru/8.3/MDClasses	Name	8.3.27	platform-property-md-Name
EventSubscription	synonym	http://v8.1c.ru/8.3/MDClasses	Synonym	8.3.27	platform-property-md-Synonym
EventSubscription	comment	http://v8.1c.ru/8.3/MDClasses	Comment	8.3.27	platform-property-md-Comment
EventSubscription	objectBelonging	http://v8.1c.ru/8.3/MDClasses	ObjectBelonging	8.3.27	platform-property-md-ObjectBelonging
EventSubscription	extendedConfigurationObject	http://v8.1c.ru/8.3/MDClasses	ExtendedConfigurationObject	8.3.27	platform-property-md-ExtendedConfigurationObject
EventSubscription	source	http://v8.1c.ru/8.3/MDClasses	Source	8.3.27	platform-property-md-Source
EventSubscription	event	http://v8.1c.ru/8.3/MDClasses	Event	8.3.27	platform-property-md-Event
EventSubscription	handler	http://v8.1c.ru/8.3/MDClasses	Handler	8.3.27	platform-property-md-Handler
DefinedType	name	http://v8.1c.ru/8.3/MDClasses	Name	8.3.27	platform-property-md-Name
DefinedType	synonym	http://v8.1c.ru/8.3/MDClasses	Synonym	8.3.27	platform-property-md-Synonym
DefinedType	comment	http://v8.1c.ru/8.3/MDClasses	Comment	8.3.27	platform-property-md-Comment
DefinedType	objectBelonging	http://v8.1c.ru/8.3/MDClasses	ObjectBelonging	8.3.27	platform-property-md-ObjectBelonging
DefinedType	extendedConfigurationObject	http://v8.1c.ru/8.3/MDClasses	ExtendedConfigurationObject	8.3.27	platform-property-md-ExtendedConfigurationObject
DefinedType	type	http://v8.1c.ru/8.3/MDClasses	Type	8.3.27	platform-property-md-Type
Constant	name	http://v8.1c.ru/8.3/MDClasses	Name	8.3.27	platform-property-md-Name
Constant	synonym	http://v8.1c.ru/8.3/MDClasses	Synonym	8.3.27	platform-property-md-Synonym
Constant	comment	http://v8.1c.ru/8.3/MDClasses	Comment	8.3.27	platform-property-md-Comment
Constant	objectBelonging	http://v8.1c.ru/8.3/MDClasses	ObjectBelonging	8.3.27	platform-property-md-ObjectBelonging
Constant	extendedConfigurationObject	http://v8.1c.ru/8.3/MDClasses	ExtendedConfigurationObject	8.3.27	platform-property-md-ExtendedConfigurationObject
Constant	type	http://v8.1c.ru/8.3/MDClasses	Type	8.3.27	platform-property-md-Type
Constant	useStandardCommands	http://v8.1c.ru/8.3/MDClasses	UseStandardCommands	8.3.27	platform-property-md-UseStandardCommands
Constant	defaultForm	http://v8.1c.ru/8.3/MDClasses	DefaultForm	8.3.27	platform-property-md-DefaultForm
Constant	extendedPresentation	http://v8.1c.ru/8.3/MDClasses	ExtendedPresentation	8.3.27	platform-property-md-ExtendedPresentation
Constant	explanation	http://v8.1c.ru/8.3/MDClasses	Explanation	8.3.27	platform-property-md-Explanation
Constant	passwordMode	http://v8.1c.ru/8.3/MDClasses	PasswordMode	8.3.27	platform-property-md-PasswordMode
Constant	format	http://v8.1c.ru/8.3/MDClasses	Format	8.3.27	platform-property-md-Format
Constant	editFormat	http://v8.1c.ru/8.3/MDClasses	EditFormat	8.3.27	platform-property-md-EditFormat
Constant	toolTip	http://v8.1c.ru/8.3/MDClasses	ToolTip	8.3.27	platform-property-md-ToolTip
Constant	markNegatives	http://v8.1c.ru/8.3/MDClasses	MarkNegatives	8.3.27	platform-property-md-MarkNegatives
Constant	mask	http://v8.1c.ru/8.3/MDClasses	Mask	8.3.27	platform-property-md-Mask
Constant	multiLine	http://v8.1c.ru/8.3/MDClasses	MultiLine	8.3.27	platform-property-md-MultiLine
Constant	extendedEdit	http://v8.1c.ru/8.3/MDClasses	ExtendedEdit	8.3.27	platform-property-md-ExtendedEdit
Constant	minValue	http://v8.1c.ru/8.3/MDClasses	MinValue	8.3.27	platform-property-md-MinValue
Constant	maxValue	http://v8.1c.ru/8.3/MDClasses	MaxValue	8.3.27	platform-property-md-MaxValue
Constant	fillChecking	http://v8.1c.ru/8.3/MDClasses	FillChecking	8.3.27	platform-property-md-FillChecking
Constant	choiceFoldersAndItems	http://v8.1c.ru/8.3/MDClasses	ChoiceFoldersAndItems	8.3.27	platform-property-md-ChoiceFoldersAndItems
Constant	choiceParameterLinks	http://v8.1c.ru/8.3/MDClasses	ChoiceParameterLinks	8.3.27	platform-property-md-ChoiceParameterLinks
Constant	choiceParameters	http://v8.1c.ru/8.3/MDClasses	ChoiceParameters	8.3.27	platform-property-md-ChoiceParameters
Constant	quickChoice	http://v8.1c.ru/8.3/MDClasses	QuickChoice	8.3.27	platform-property-md-QuickChoice
Constant	choiceForm	http://v8.1c.ru/8.3/MDClasses	ChoiceForm	8.3.27	platform-property-md-ChoiceForm
Constant	linkByType	http://v8.1c.ru/8.3/MDClasses	LinkByType	8.3.27	platform-property-md-LinkByType
Constant	choiceHistoryOnInput	http://v8.1c.ru/8.3/MDClasses	ChoiceHistoryOnInput	8.3.27	platform-property-md-ChoiceHistoryOnInput
Constant	dataLockControlMode	http://v8.1c.ru/8.3/MDClasses	DataLockControlMode	8.3.27	platform-property-md-DataLockControlMode
Constant	dataHistory	http://v8.1c.ru/8.3/MDClasses	DataHistory	8.3.27	platform-property-md-DataHistory
Constant	updateDataHistoryImmediatelyAfterWrite	http://v8.1c.ru/8.3/MDClasses	UpdateDataHistoryImmediatelyAfterWrite	8.3.27	platform-property-md-UpdateDataHistoryImmediatelyAfterWrite
Constant	executeAfterWriteDataHistoryVersionProcessing	http://v8.1c.ru/8.3/MDClasses	ExecuteAfterWriteDataHistoryVersionProcessing	8.3.27	platform-property-md-ExecuteAfterWriteDataHistoryVersionProcessing
Sequence	name	http://v8.1c.ru/8.3/MDClasses	Name	8.3.27	platform-property-md-Name
Sequence	synonym	http://v8.1c.ru/8.3/MDClasses	Synonym	8.3.27	platform-property-md-Synonym
Sequence	comment	http://v8.1c.ru/8.3/MDClasses	Comment	8.3.27	platform-property-md-Comment
Sequence	objectBelonging	http://v8.1c.ru/8.3/MDClasses	ObjectBelonging	8.3.27	platform-property-md-ObjectBelonging
Sequence	extendedConfigurationObject	http://v8.1c.ru/8.3/MDClasses	ExtendedConfigurationObject	8.3.27	platform-property-md-ExtendedConfigurationObject
Sequence	moveBoundaryOnPosting	http://v8.1c.ru/8.3/MDClasses	MoveBoundaryOnPosting	8.3.27	platform-property-md-MoveBoundaryOnPosting
Sequence	documents	http://v8.1c.ru/8.3/MDClasses	Documents	8.3.27	platform-property-md-Documents
Sequence	registerRecords	http://v8.1c.ru/8.3/MDClasses	RegisterRecords	8.3.27	platform-property-md-RegisterRecords
Sequence	dataLockControlMode	http://v8.1c.ru/8.3/MDClasses	DataLockControlMode	8.3.27	platform-property-md-DataLockControlMode
SequenceDimension	name	http://v8.1c.ru/8.3/MDClasses	Name	8.3.27	platform-property-md-Name
SequenceDimension	synonym	http://v8.1c.ru/8.3/MDClasses	Synonym	8.3.27	platform-property-md-Synonym
SequenceDimension	comment	http://v8.1c.ru/8.3/MDClasses	Comment	8.3.27	platform-property-md-Comment
SequenceDimension	objectBelonging	http://v8.1c.ru/8.3/MDClasses	ObjectBelonging	8.3.27	platform-property-md-ObjectBelonging
SequenceDimension	extendedConfigurationObject	http://v8.1c.ru/8.3/MDClasses	ExtendedConfigurationObject	8.3.27	platform-property-md-ExtendedConfigurationObject
SequenceDimension	type	http://v8.1c.ru/8.3/MDClasses	Type	8.3.27	platform-property-md-Type
SequenceDimension	documentMap	http://v8.1c.ru/8.3/MDClasses	DocumentMap	8.3.27	platform-property-md-DocumentMap
SequenceDimension	registerRecordsMap	http://v8.1c.ru/8.3/MDClasses	RegisterRecordsMap	8.3.27	platform-property-md-RegisterRecordsMap
DocumentJournal	name	http://v8.1c.ru/8.3/MDClasses	Name	8.3.27	platform-property-md-Name
DocumentJournal	synonym	http://v8.1c.ru/8.3/MDClasses	Synonym	8.3.27	platform-property-md-Synonym
DocumentJournal	comment	http://v8.1c.ru/8.3/MDClasses	Comment	8.3.27	platform-property-md-Comment
DocumentJournal	objectBelonging	http://v8.1c.ru/8.3/MDClasses	ObjectBelonging	8.3.27	platform-property-md-ObjectBelonging
DocumentJournal	extendedConfigurationObject	http://v8.1c.ru/8.3/MDClasses	ExtendedConfigurationObject	8.3.27	platform-property-md-ExtendedConfigurationObject
DocumentJournal	defaultForm	http://v8.1c.ru/8.3/MDClasses	DefaultForm	8.3.27	platform-property-md-DefaultForm
DocumentJournal	auxiliaryForm	http://v8.1c.ru/8.3/MDClasses	AuxiliaryForm	8.3.27	platform-property-md-AuxiliaryForm
DocumentJournal	useStandardCommands	http://v8.1c.ru/8.3/MDClasses	UseStandardCommands	8.3.27	platform-property-md-UseStandardCommands
DocumentJournal	registeredDocuments	http://v8.1c.ru/8.3/MDClasses	RegisteredDocuments	8.3.27	platform-property-md-RegisteredDocuments
DocumentJournal	includeHelpInContents	http://v8.1c.ru/8.3/MDClasses	IncludeHelpInContents	8.3.27	platform-property-md-IncludeHelpInContents
DocumentJournal	help	http://v8.1c.ru/8.3/MDClasses	Help	8.3.27	platform-property-md-Help
DocumentJournal	standardAttributes	http://v8.1c.ru/8.3/MDClasses	StandardAttributes	8.3.27	platform-property-md-StandardAttributes
DocumentJournal	listPresentation	http://v8.1c.ru/8.3/MDClasses	ListPresentation	8.3.27	platform-property-md-ListPresentation
DocumentJournal	extendedListPresentation	http://v8.1c.ru/8.3/MDClasses	ExtendedListPresentation	8.3.27	platform-property-md-ExtendedListPresentation
DocumentJournal	explanation	http://v8.1c.ru/8.3/MDClasses	Explanation	8.3.27	platform-property-md-Explanation
DocumentJournalForm	name	http://v8.1c.ru/8.3/MDClasses	Name	8.3.27	platform-property-md-Name
DocumentJournalForm	synonym	http://v8.1c.ru/8.3/MDClasses	Synonym	8.3.27	platform-property-md-Synonym
DocumentJournalForm	comment	http://v8.1c.ru/8.3/MDClasses	Comment	8.3.27	platform-property-md-Comment
DocumentJournalForm	objectBelonging	http://v8.1c.ru/8.3/MDClasses	ObjectBelonging	8.3.27	platform-property-md-ObjectBelonging
DocumentJournalForm	extendedConfigurationObject	http://v8.1c.ru/8.3/MDClasses	ExtendedConfigurationObject	8.3.27	platform-property-md-ExtendedConfigurationObject
DocumentJournalForm	formType	http://v8.1c.ru/8.3/MDClasses	FormType	8.3.27	platform-property-md-FormType
DocumentJournalForm	includeHelpInContents	http://v8.1c.ru/8.3/MDClasses	IncludeHelpInContents	8.3.27	platform-property-md-IncludeHelpInContents
DocumentJournalForm	help	http://v8.1c.ru/8.3/MDClasses	Help	8.3.27	platform-property-md-Help
DocumentJournalForm	usePurposes	http://v8.1c.ru/8.3/MDClasses	UsePurposes	8.3.27	platform-property-md-UsePurposes
DocumentJournalForm	useInInterfaceCompatibilityMode	http://v8.1c.ru/8.3/MDClasses	UseInInterfaceCompatibilityMode	8.5.1	platform-property-md-UseInInterfaceCompatibilityMode
Column	name	http://v8.1c.ru/8.3/MDClasses	Name	8.3.27	platform-property-md-Name
Column	synonym	http://v8.1c.ru/8.3/MDClasses	Synonym	8.3.27	platform-property-md-Synonym
Column	comment	http://v8.1c.ru/8.3/MDClasses	Comment	8.3.27	platform-property-md-Comment
Column	objectBelonging	http://v8.1c.ru/8.3/MDClasses	ObjectBelonging	8.3.27	platform-property-md-ObjectBelonging
Column	extendedConfigurationObject	http://v8.1c.ru/8.3/MDClasses	ExtendedConfigurationObject	8.3.27	platform-property-md-ExtendedConfigurationObject
Column	indexing	http://v8.1c.ru/8.3/MDClasses	Indexing	8.3.27	platform-property-md-Indexing
Column	references	http://v8.1c.ru/8.3/MDClasses	References	8.3.27	platform-property-md-References
DocumentJournalCommand	name	http://v8.1c.ru/8.3/MDClasses	Name	8.3.27	platform-property-md-Name
DocumentJournalCommand	synonym	http://v8.1c.ru/8.3/MDClasses	Synonym	8.3.27	platform-property-md-Synonym
DocumentJournalCommand	comment	http://v8.1c.ru/8.3/MDClasses	Comment	8.3.27	platform-property-md-Comment
DocumentJournalCommand	objectBelonging	http://v8.1c.ru/8.3/MDClasses	ObjectBelonging	8.3.27	platform-property-md-ObjectBelonging
DocumentJournalCommand	extendedConfigurationObject	http://v8.1c.ru/8.3/MDClasses	ExtendedConfigurationObject	8.3.27	platform-property-md-ExtendedConfigurationObject
DocumentJournalCommand	group	http://v8.1c.ru/8.3/MDClasses	Group	8.3.27	platform-property-md-Group
DocumentJournalCommand	commandParameterType	http://v8.1c.ru/8.3/MDClasses	CommandParameterType	8.3.27	platform-property-md-CommandParameterType
DocumentJournalCommand	parameterUseMode	http://v8.1c.ru/8.3/MDClasses	ParameterUseMode	8.3.27	platform-property-md-ParameterUseMode
DocumentJournalCommand	modifiesData	http://v8.1c.ru/8.3/MDClasses	ModifiesData	8.3.27	platform-property-md-ModifiesData
DocumentJournalCommand	representation	http://v8.1c.ru/8.3/MDClasses	Representation	8.3.27	platform-property-md-Representation
DocumentJournalCommand	toolTip	http://v8.1c.ru/8.3/MDClasses	ToolTip	8.3.27	platform-property-md-ToolTip
DocumentJournalCommand	picture	http://v8.1c.ru/8.3/MDClasses	Picture	8.3.27	platform-property-md-Picture
DocumentJournalCommand	shortcut	http://v8.1c.ru/8.3/MDClasses	Shortcut	8.3.27	platform-property-md-Shortcut
DocumentJournalCommand	onMainServerUnavalableBehavior	http://v8.1c.ru/8.3/MDClasses	OnMainServerUnavalableBehavior	8.3.27	platform-property-md-OnMainServerUnavalableBehavior
Report	name	http://v8.1c.ru/8.3/MDClasses	Name	8.3.27	platform-property-md-Name
Report	synonym	http://v8.1c.ru/8.3/MDClasses	Synonym	8.3.27	platform-property-md-Synonym
Report	comment	http://v8.1c.ru/8.3/MDClasses	Comment	8.3.27	platform-property-md-Comment
Report	objectBelonging	http://v8.1c.ru/8.3/MDClasses	ObjectBelonging	8.3.27	platform-property-md-ObjectBelonging
Report	extendedConfigurationObject	http://v8.1c.ru/8.3/MDClasses	ExtendedConfigurationObject	8.3.27	platform-property-md-ExtendedConfigurationObject
Report	useStandardCommands	http://v8.1c.ru/8.3/MDClasses	UseStandardCommands	8.3.27	platform-property-md-UseStandardCommands
Report	defaultForm	http://v8.1c.ru/8.3/MDClasses	DefaultForm	8.3.27	platform-property-md-DefaultForm
Report	auxiliaryForm	http://v8.1c.ru/8.3/MDClasses	AuxiliaryForm	8.3.27	platform-property-md-AuxiliaryForm
Report	mainDataCompositionSchema	http://v8.1c.ru/8.3/MDClasses	MainDataCompositionSchema	8.3.27	platform-property-md-MainDataCompositionSchema
Report	defaultSettingsForm	http://v8.1c.ru/8.3/MDClasses	DefaultSettingsForm	8.3.27	platform-property-md-DefaultSettingsForm
Report	auxiliarySettingsForm	http://v8.1c.ru/8.3/MDClasses	AuxiliarySettingsForm	8.3.27	platform-property-md-AuxiliarySettingsForm
Report	defaultVariantForm	http://v8.1c.ru/8.3/MDClasses	DefaultVariantForm	8.3.27	platform-property-md-DefaultVariantForm
Report	auxiliaryVariantForm	http://v8.1c.ru/8.3/MDClasses	AuxiliaryVariantForm	8.5.1	platform-property-md-AuxiliaryVariantForm
Report	variantsStorage	http://v8.1c.ru/8.3/MDClasses	VariantsStorage	8.3.27	platform-property-md-VariantsStorage
Report	settingsStorage	http://v8.1c.ru/8.3/MDClasses	SettingsStorage	8.3.27	platform-property-md-SettingsStorage
Report	includeHelpInContents	http://v8.1c.ru/8.3/MDClasses	IncludeHelpInContents	8.3.27	platform-property-md-IncludeHelpInContents
Report	help	http://v8.1c.ru/8.3/MDClasses	Help	8.3.27	platform-property-md-Help
Report	extendedPresentation	http://v8.1c.ru/8.3/MDClasses	ExtendedPresentation	8.3.27	platform-property-md-ExtendedPresentation
Report	explanation	http://v8.1c.ru/8.3/MDClasses	Explanation	8.3.27	platform-property-md-Explanation
ReportAttribute	name	http://v8.1c.ru/8.3/MDClasses	Name	8.3.27	platform-property-md-Name
ReportAttribute	synonym	http://v8.1c.ru/8.3/MDClasses	Synonym	8.3.27	platform-property-md-Synonym
ReportAttribute	comment	http://v8.1c.ru/8.3/MDClasses	Comment	8.3.27	platform-property-md-Comment
ReportAttribute	objectBelonging	http://v8.1c.ru/8.3/MDClasses	ObjectBelonging	8.3.27	platform-property-md-ObjectBelonging
ReportAttribute	extendedConfigurationObject	http://v8.1c.ru/8.3/MDClasses	ExtendedConfigurationObject	8.3.27	platform-property-md-ExtendedConfigurationObject
ReportAttribute	type	http://v8.1c.ru/8.3/MDClasses	Type	8.3.27	platform-property-md-Type
ReportAttribute	passwordMode	http://v8.1c.ru/8.3/MDClasses	PasswordMode	8.3.27	platform-property-md-PasswordMode
ReportAttribute	format	http://v8.1c.ru/8.3/MDClasses	Format	8.3.27	platform-property-md-Format
ReportAttribute	editFormat	http://v8.1c.ru/8.3/MDClasses	EditFormat	8.3.27	platform-property-md-EditFormat
ReportAttribute	toolTip	http://v8.1c.ru/8.3/MDClasses	ToolTip	8.3.27	platform-property-md-ToolTip
ReportAttribute	markNegatives	http://v8.1c.ru/8.3/MDClasses	MarkNegatives	8.3.27	platform-property-md-MarkNegatives
ReportAttribute	mask	http://v8.1c.ru/8.3/MDClasses	Mask	8.3.27	platform-property-md-Mask
ReportAttribute	multiLine	http://v8.1c.ru/8.3/MDClasses	MultiLine	8.3.27	platform-property-md-MultiLine
ReportAttribute	extendedEdit	http://v8.1c.ru/8.3/MDClasses	ExtendedEdit	8.3.27	platform-property-md-ExtendedEdit
ReportAttribute	minValue	http://v8.1c.ru/8.3/MDClasses	MinValue	8.3.27	platform-property-md-MinValue
ReportAttribute	maxValue	http://v8.1c.ru/8.3/MDClasses	MaxValue	8.3.27	platform-property-md-MaxValue
ReportAttribute	fillChecking	http://v8.1c.ru/8.3/MDClasses	FillChecking	8.3.27	platform-property-md-FillChecking
ReportAttribute	choiceFoldersAndItems	http://v8.1c.ru/8.3/MDClasses	ChoiceFoldersAndItems	8.3.27	platform-property-md-ChoiceFoldersAndItems
ReportAttribute	choiceParameterLinks	http://v8.1c.ru/8.3/MDClasses	ChoiceParameterLinks	8.3.27	platform-property-md-ChoiceParameterLinks
ReportAttribute	choiceParameters	http://v8.1c.ru/8.3/MDClasses	ChoiceParameters	8.3.27	platform-property-md-ChoiceParameters
ReportAttribute	quickChoice	http://v8.1c.ru/8.3/MDClasses	QuickChoice	8.3.27	platform-property-md-QuickChoice
ReportAttribute	createOnInput	http://v8.1c.ru/8.3/MDClasses	CreateOnInput	8.3.27	platform-property-md-CreateOnInput
ReportAttribute	choiceForm	http://v8.1c.ru/8.3/MDClasses	ChoiceForm	8.3.27	platform-property-md-ChoiceForm
ReportAttribute	linkByType	http://v8.1c.ru/8.3/MDClasses	LinkByType	8.3.27	platform-property-md-LinkByType
ReportAttribute	choiceHistoryOnInput	http://v8.1c.ru/8.3/MDClasses	ChoiceHistoryOnInput	8.3.27	platform-property-md-ChoiceHistoryOnInput
ReportTabularSection	name	http://v8.1c.ru/8.3/MDClasses	Name	8.3.27	platform-property-md-Name
ReportTabularSection	synonym	http://v8.1c.ru/8.3/MDClasses	Synonym	8.3.27	platform-property-md-Synonym
ReportTabularSection	comment	http://v8.1c.ru/8.3/MDClasses	Comment	8.3.27	platform-property-md-Comment
ReportTabularSection	objectBelonging	http://v8.1c.ru/8.3/MDClasses	ObjectBelonging	8.3.27	platform-property-md-ObjectBelonging
ReportTabularSection	extendedConfigurationObject	http://v8.1c.ru/8.3/MDClasses	ExtendedConfigurationObject	8.3.27	platform-property-md-ExtendedConfigurationObject
ReportTabularSection	toolTip	http://v8.1c.ru/8.3/MDClasses	ToolTip	8.3.27	platform-property-md-ToolTip
ReportTabularSection	fillChecking	http://v8.1c.ru/8.3/MDClasses	FillChecking	8.3.27	platform-property-md-FillChecking
ReportTabularSection	standardAttributes	http://v8.1c.ru/8.3/MDClasses	StandardAttributes	8.3.27	platform-property-md-StandardAttributes
ReportTabularSectionAttribute	name	http://v8.1c.ru/8.3/MDClasses	Name	8.3.27	platform-property-md-Name
ReportTabularSectionAttribute	synonym	http://v8.1c.ru/8.3/MDClasses	Synonym	8.3.27	platform-property-md-Synonym
ReportTabularSectionAttribute	comment	http://v8.1c.ru/8.3/MDClasses	Comment	8.3.27	platform-property-md-Comment
ReportTabularSectionAttribute	objectBelonging	http://v8.1c.ru/8.3/MDClasses	ObjectBelonging	8.3.27	platform-property-md-ObjectBelonging
ReportTabularSectionAttribute	extendedConfigurationObject	http://v8.1c.ru/8.3/MDClasses	ExtendedConfigurationObject	8.3.27	platform-property-md-ExtendedConfigurationObject
ReportTabularSectionAttribute	type	http://v8.1c.ru/8.3/MDClasses	Type	8.3.27	platform-property-md-Type
ReportTabularSectionAttribute	passwordMode	http://v8.1c.ru/8.3/MDClasses	PasswordMode	8.3.27	platform-property-md-PasswordMode
ReportTabularSectionAttribute	format	http://v8.1c.ru/8.3/MDClasses	Format	8.3.27	platform-property-md-Format
ReportTabularSectionAttribute	editFormat	http://v8.1c.ru/8.3/MDClasses	EditFormat	8.3.27	platform-property-md-EditFormat
ReportTabularSectionAttribute	toolTip	http://v8.1c.ru/8.3/MDClasses	ToolTip	8.3.27	platform-property-md-ToolTip
ReportTabularSectionAttribute	markNegatives	http://v8.1c.ru/8.3/MDClasses	MarkNegatives	8.3.27	platform-property-md-MarkNegatives
ReportTabularSectionAttribute	mask	http://v8.1c.ru/8.3/MDClasses	Mask	8.3.27	platform-property-md-Mask
ReportTabularSectionAttribute	multiLine	http://v8.1c.ru/8.3/MDClasses	MultiLine	8.3.27	platform-property-md-MultiLine
ReportTabularSectionAttribute	extendedEdit	http://v8.1c.ru/8.3/MDClasses	ExtendedEdit	8.3.27	platform-property-md-ExtendedEdit
ReportTabularSectionAttribute	minValue	http://v8.1c.ru/8.3/MDClasses	MinValue	8.3.27	platform-property-md-MinValue
ReportTabularSectionAttribute	maxValue	http://v8.1c.ru/8.3/MDClasses	MaxValue	8.3.27	platform-property-md-MaxValue
ReportTabularSectionAttribute	fillFromFillingValue	http://v8.1c.ru/8.3/MDClasses	FillFromFillingValue	8.3.27	platform-property-md-FillFromFillingValue
ReportTabularSectionAttribute	fillValue	http://v8.1c.ru/8.3/MDClasses	FillValue	8.3.27	platform-property-md-FillValue
ReportTabularSectionAttribute	fillChecking	http://v8.1c.ru/8.3/MDClasses	FillChecking	8.3.27	platform-property-md-FillChecking
ReportTabularSectionAttribute	choiceFoldersAndItems	http://v8.1c.ru/8.3/MDClasses	ChoiceFoldersAndItems	8.3.27	platform-property-md-ChoiceFoldersAndItems
ReportTabularSectionAttribute	choiceParameterLinks	http://v8.1c.ru/8.3/MDClasses	ChoiceParameterLinks	8.3.27	platform-property-md-ChoiceParameterLinks
ReportTabularSectionAttribute	choiceParameters	http://v8.1c.ru/8.3/MDClasses	ChoiceParameters	8.3.27	platform-property-md-ChoiceParameters
ReportTabularSectionAttribute	quickChoice	http://v8.1c.ru/8.3/MDClasses	QuickChoice	8.3.27	platform-property-md-QuickChoice
ReportTabularSectionAttribute	createOnInput	http://v8.1c.ru/8.3/MDClasses	CreateOnInput	8.3.27	platform-property-md-CreateOnInput
ReportTabularSectionAttribute	choiceForm	http://v8.1c.ru/8.3/MDClasses	ChoiceForm	8.3.27	platform-property-md-ChoiceForm
ReportTabularSectionAttribute	linkByType	http://v8.1c.ru/8.3/MDClasses	LinkByType	8.3.27	platform-property-md-LinkByType
ReportTabularSectionAttribute	choiceHistoryOnInput	http://v8.1c.ru/8.3/MDClasses	ChoiceHistoryOnInput	8.3.27	platform-property-md-ChoiceHistoryOnInput
ReportForm	name	http://v8.1c.ru/8.3/MDClasses	Name	8.3.27	platform-property-md-Name
ReportForm	synonym	http://v8.1c.ru/8.3/MDClasses	Synonym	8.3.27	platform-property-md-Synonym
ReportForm	comment	http://v8.1c.ru/8.3/MDClasses	Comment	8.3.27	platform-property-md-Comment
ReportForm	objectBelonging	http://v8.1c.ru/8.3/MDClasses	ObjectBelonging	8.3.27	platform-property-md-ObjectBelonging
ReportForm	extendedConfigurationObject	http://v8.1c.ru/8.3/MDClasses	ExtendedConfigurationObject	8.3.27	platform-property-md-ExtendedConfigurationObject
ReportForm	formType	http://v8.1c.ru/8.3/MDClasses	FormType	8.3.27	platform-property-md-FormType
ReportForm	includeHelpInContents	http://v8.1c.ru/8.3/MDClasses	IncludeHelpInContents	8.3.27	platform-property-md-IncludeHelpInContents
ReportForm	help	http://v8.1c.ru/8.3/MDClasses	Help	8.3.27	platform-property-md-Help
ReportForm	usePurposes	http://v8.1c.ru/8.3/MDClasses	UsePurposes	8.3.27	platform-property-md-UsePurposes
ReportForm	useInInterfaceCompatibilityMode	http://v8.1c.ru/8.3/MDClasses	UseInInterfaceCompatibilityMode	8.5.1	platform-property-md-UseInInterfaceCompatibilityMode
ReportForm	extendedPresentation	http://v8.1c.ru/8.3/MDClasses	ExtendedPresentation	8.3.27	platform-property-md-ExtendedPresentation
ReportCommand	name	http://v8.1c.ru/8.3/MDClasses	Name	8.3.27	platform-property-md-Name
ReportCommand	synonym	http://v8.1c.ru/8.3/MDClasses	Synonym	8.3.27	platform-property-md-Synonym
ReportCommand	comment	http://v8.1c.ru/8.3/MDClasses	Comment	8.3.27	platform-property-md-Comment
ReportCommand	objectBelonging	http://v8.1c.ru/8.3/MDClasses	ObjectBelonging	8.3.27	platform-property-md-ObjectBelonging
ReportCommand	extendedConfigurationObject	http://v8.1c.ru/8.3/MDClasses	ExtendedConfigurationObject	8.3.27	platform-property-md-ExtendedConfigurationObject
ReportCommand	group	http://v8.1c.ru/8.3/MDClasses	Group	8.3.27	platform-property-md-Group
ReportCommand	commandParameterType	http://v8.1c.ru/8.3/MDClasses	CommandParameterType	8.3.27	platform-property-md-CommandParameterType
ReportCommand	parameterUseMode	http://v8.1c.ru/8.3/MDClasses	ParameterUseMode	8.3.27	platform-property-md-ParameterUseMode
ReportCommand	modifiesData	http://v8.1c.ru/8.3/MDClasses	ModifiesData	8.3.27	platform-property-md-ModifiesData
ReportCommand	representation	http://v8.1c.ru/8.3/MDClasses	Representation	8.3.27	platform-property-md-Representation
ReportCommand	toolTip	http://v8.1c.ru/8.3/MDClasses	ToolTip	8.3.27	platform-property-md-ToolTip
ReportCommand	picture	http://v8.1c.ru/8.3/MDClasses	Picture	8.3.27	platform-property-md-Picture
ReportCommand	shortcut	http://v8.1c.ru/8.3/MDClasses	Shortcut	8.3.27	platform-property-md-Shortcut
ReportCommand	onMainServerUnavalableBehavior	http://v8.1c.ru/8.3/MDClasses	OnMainServerUnavalableBehavior	8.3.27	platform-property-md-OnMainServerUnavalableBehavior
ExternalReport	name	http://v8.1c.ru/8.3/MDClasses	Name	8.3.27	platform-property-md-Name
ExternalReport	synonym	http://v8.1c.ru/8.3/MDClasses	Synonym	8.3.27	platform-property-md-Synonym
ExternalReport	comment	http://v8.1c.ru/8.3/MDClasses	Comment	8.3.27	platform-property-md-Comment
ExternalReport	objectBelonging	http://v8.1c.ru/8.3/MDClasses	ObjectBelonging	8.3.27	platform-property-md-ObjectBelonging
ExternalReport	extendedConfigurationObject	http://v8.1c.ru/8.3/MDClasses	ExtendedConfigurationObject	8.3.27	platform-property-md-ExtendedConfigurationObject
ExternalReport	defaultForm	http://v8.1c.ru/8.3/MDClasses	DefaultForm	8.3.27	platform-property-md-DefaultForm
ExternalReport	auxiliaryForm	http://v8.1c.ru/8.3/MDClasses	AuxiliaryForm	8.3.27	platform-property-md-AuxiliaryForm
ExternalReport	mainDataCompositionSchema	http://v8.1c.ru/8.3/MDClasses	MainDataCompositionSchema	8.3.27	platform-property-md-MainDataCompositionSchema
ExternalReport	defaultSettingsForm	http://v8.1c.ru/8.3/MDClasses	DefaultSettingsForm	8.3.27	platform-property-md-DefaultSettingsForm
ExternalReport	auxiliarySettingsForm	http://v8.1c.ru/8.3/MDClasses	AuxiliarySettingsForm	8.3.27	platform-property-md-AuxiliarySettingsForm
ExternalReport	defaultVariantForm	http://v8.1c.ru/8.3/MDClasses	DefaultVariantForm	8.3.27	platform-property-md-DefaultVariantForm
ExternalReport	auxiliaryVariantForm	http://v8.1c.ru/8.3/MDClasses	AuxiliaryVariantForm	8.5.1	platform-property-md-AuxiliaryVariantForm
ExternalReport	variantsStorage	http://v8.1c.ru/8.3/MDClasses	VariantsStorage	8.3.27	platform-property-md-VariantsStorage
ExternalReport	settingsStorage	http://v8.1c.ru/8.3/MDClasses	SettingsStorage	8.3.27	platform-property-md-SettingsStorage
ExternalReport	help	http://v8.1c.ru/8.3/MDClasses	Help	8.3.27	platform-property-md-Help
DataProcessor	name	http://v8.1c.ru/8.3/MDClasses	Name	8.3.27	platform-property-md-Name
DataProcessor	synonym	http://v8.1c.ru/8.3/MDClasses	Synonym	8.3.27	platform-property-md-Synonym
DataProcessor	comment	http://v8.1c.ru/8.3/MDClasses	Comment	8.3.27	platform-property-md-Comment
DataProcessor	objectBelonging	http://v8.1c.ru/8.3/MDClasses	ObjectBelonging	8.3.27	platform-property-md-ObjectBelonging
DataProcessor	extendedConfigurationObject	http://v8.1c.ru/8.3/MDClasses	ExtendedConfigurationObject	8.3.27	platform-property-md-ExtendedConfigurationObject
DataProcessor	useStandardCommands	http://v8.1c.ru/8.3/MDClasses	UseStandardCommands	8.3.27	platform-property-md-UseStandardCommands
DataProcessor	defaultForm	http://v8.1c.ru/8.3/MDClasses	DefaultForm	8.3.27	platform-property-md-DefaultForm
DataProcessor	auxiliaryForm	http://v8.1c.ru/8.3/MDClasses	AuxiliaryForm	8.3.27	platform-property-md-AuxiliaryForm
DataProcessor	includeHelpInContents	http://v8.1c.ru/8.3/MDClasses	IncludeHelpInContents	8.3.27	platform-property-md-IncludeHelpInContents
DataProcessor	help	http://v8.1c.ru/8.3/MDClasses	Help	8.3.27	platform-property-md-Help
DataProcessor	extendedPresentation	http://v8.1c.ru/8.3/MDClasses	ExtendedPresentation	8.3.27	platform-property-md-ExtendedPresentation
DataProcessor	explanation	http://v8.1c.ru/8.3/MDClasses	Explanation	8.3.27	platform-property-md-Explanation
DataProcessorAttribute	name	http://v8.1c.ru/8.3/MDClasses	Name	8.3.27	platform-property-md-Name
DataProcessorAttribute	synonym	http://v8.1c.ru/8.3/MDClasses	Synonym	8.3.27	platform-property-md-Synonym
DataProcessorAttribute	comment	http://v8.1c.ru/8.3/MDClasses	Comment	8.3.27	platform-property-md-Comment
DataProcessorAttribute	objectBelonging	http://v8.1c.ru/8.3/MDClasses	ObjectBelonging	8.3.27	platform-property-md-ObjectBelonging
DataProcessorAttribute	extendedConfigurationObject	http://v8.1c.ru/8.3/MDClasses	ExtendedConfigurationObject	8.3.27	platform-property-md-ExtendedConfigurationObject
DataProcessorAttribute	type	http://v8.1c.ru/8.3/MDClasses	Type	8.3.27	platform-property-md-Type
DataProcessorAttribute	passwordMode	http://v8.1c.ru/8.3/MDClasses	PasswordMode	8.3.27	platform-property-md-PasswordMode
DataProcessorAttribute	format	http://v8.1c.ru/8.3/MDClasses	Format	8.3.27	platform-property-md-Format
DataProcessorAttribute	editFormat	http://v8.1c.ru/8.3/MDClasses	EditFormat	8.3.27	platform-property-md-EditFormat
DataProcessorAttribute	toolTip	http://v8.1c.ru/8.3/MDClasses	ToolTip	8.3.27	platform-property-md-ToolTip
DataProcessorAttribute	markNegatives	http://v8.1c.ru/8.3/MDClasses	MarkNegatives	8.3.27	platform-property-md-MarkNegatives
DataProcessorAttribute	mask	http://v8.1c.ru/8.3/MDClasses	Mask	8.3.27	platform-property-md-Mask
DataProcessorAttribute	multiLine	http://v8.1c.ru/8.3/MDClasses	MultiLine	8.3.27	platform-property-md-MultiLine
DataProcessorAttribute	extendedEdit	http://v8.1c.ru/8.3/MDClasses	ExtendedEdit	8.3.27	platform-property-md-ExtendedEdit
DataProcessorAttribute	minValue	http://v8.1c.ru/8.3/MDClasses	MinValue	8.3.27	platform-property-md-MinValue
DataProcessorAttribute	maxValue	http://v8.1c.ru/8.3/MDClasses	MaxValue	8.3.27	platform-property-md-MaxValue
DataProcessorAttribute	fillChecking	http://v8.1c.ru/8.3/MDClasses	FillChecking	8.3.27	platform-property-md-FillChecking
DataProcessorAttribute	choiceFoldersAndItems	http://v8.1c.ru/8.3/MDClasses	ChoiceFoldersAndItems	8.3.27	platform-property-md-ChoiceFoldersAndItems
DataProcessorAttribute	choiceParameterLinks	http://v8.1c.ru/8.3/MDClasses	ChoiceParameterLinks	8.3.27	platform-property-md-ChoiceParameterLinks
DataProcessorAttribute	choiceParameters	http://v8.1c.ru/8.3/MDClasses	ChoiceParameters	8.3.27	platform-property-md-ChoiceParameters
DataProcessorAttribute	quickChoice	http://v8.1c.ru/8.3/MDClasses	QuickChoice	8.3.27	platform-property-md-QuickChoice
DataProcessorAttribute	createOnInput	http://v8.1c.ru/8.3/MDClasses	CreateOnInput	8.3.27	platform-property-md-CreateOnInput
DataProcessorAttribute	choiceForm	http://v8.1c.ru/8.3/MDClasses	ChoiceForm	8.3.27	platform-property-md-ChoiceForm
DataProcessorAttribute	linkByType	http://v8.1c.ru/8.3/MDClasses	LinkByType	8.3.27	platform-property-md-LinkByType
DataProcessorAttribute	choiceHistoryOnInput	http://v8.1c.ru/8.3/MDClasses	ChoiceHistoryOnInput	8.3.27	platform-property-md-ChoiceHistoryOnInput
DataProcessorTabularSection	name	http://v8.1c.ru/8.3/MDClasses	Name	8.3.27	platform-property-md-Name
DataProcessorTabularSection	synonym	http://v8.1c.ru/8.3/MDClasses	Synonym	8.3.27	platform-property-md-Synonym
DataProcessorTabularSection	comment	http://v8.1c.ru/8.3/MDClasses	Comment	8.3.27	platform-property-md-Comment
DataProcessorTabularSection	objectBelonging	http://v8.1c.ru/8.3/MDClasses	ObjectBelonging	8.3.27	platform-property-md-ObjectBelonging
DataProcessorTabularSection	extendedConfigurationObject	http://v8.1c.ru/8.3/MDClasses	ExtendedConfigurationObject	8.3.27	platform-property-md-ExtendedConfigurationObject
DataProcessorTabularSection	toolTip	http://v8.1c.ru/8.3/MDClasses	ToolTip	8.3.27	platform-property-md-ToolTip
DataProcessorTabularSection	fillChecking	http://v8.1c.ru/8.3/MDClasses	FillChecking	8.3.27	platform-property-md-FillChecking
DataProcessorTabularSection	standardAttributes	http://v8.1c.ru/8.3/MDClasses	StandardAttributes	8.3.27	platform-property-md-StandardAttributes
DataProcessorTabularSectionAttribute	name	http://v8.1c.ru/8.3/MDClasses	Name	8.3.27	platform-property-md-Name
DataProcessorTabularSectionAttribute	synonym	http://v8.1c.ru/8.3/MDClasses	Synonym	8.3.27	platform-property-md-Synonym
DataProcessorTabularSectionAttribute	comment	http://v8.1c.ru/8.3/MDClasses	Comment	8.3.27	platform-property-md-Comment
DataProcessorTabularSectionAttribute	objectBelonging	http://v8.1c.ru/8.3/MDClasses	ObjectBelonging	8.3.27	platform-property-md-ObjectBelonging
DataProcessorTabularSectionAttribute	extendedConfigurationObject	http://v8.1c.ru/8.3/MDClasses	ExtendedConfigurationObject	8.3.27	platform-property-md-ExtendedConfigurationObject
DataProcessorTabularSectionAttribute	type	http://v8.1c.ru/8.3/MDClasses	Type	8.3.27	platform-property-md-Type
DataProcessorTabularSectionAttribute	passwordMode	http://v8.1c.ru/8.3/MDClasses	PasswordMode	8.3.27	platform-property-md-PasswordMode
DataProcessorTabularSectionAttribute	format	http://v8.1c.ru/8.3/MDClasses	Format	8.3.27	platform-property-md-Format
DataProcessorTabularSectionAttribute	editFormat	http://v8.1c.ru/8.3/MDClasses	EditFormat	8.3.27	platform-property-md-EditFormat
DataProcessorTabularSectionAttribute	toolTip	http://v8.1c.ru/8.3/MDClasses	ToolTip	8.3.27	platform-property-md-ToolTip
DataProcessorTabularSectionAttribute	markNegatives	http://v8.1c.ru/8.3/MDClasses	MarkNegatives	8.3.27	platform-property-md-MarkNegatives
DataProcessorTabularSectionAttribute	mask	http://v8.1c.ru/8.3/MDClasses	Mask	8.3.27	platform-property-md-Mask
DataProcessorTabularSectionAttribute	multiLine	http://v8.1c.ru/8.3/MDClasses	MultiLine	8.3.27	platform-property-md-MultiLine
DataProcessorTabularSectionAttribute	extendedEdit	http://v8.1c.ru/8.3/MDClasses	ExtendedEdit	8.3.27	platform-property-md-ExtendedEdit
DataProcessorTabularSectionAttribute	minValue	http://v8.1c.ru/8.3/MDClasses	MinValue	8.3.27	platform-property-md-MinValue
DataProcessorTabularSectionAttribute	maxValue	http://v8.1c.ru/8.3/MDClasses	MaxValue	8.3.27	platform-property-md-MaxValue
DataProcessorTabularSectionAttribute	fillFromFillingValue	http://v8.1c.ru/8.3/MDClasses	FillFromFillingValue	8.3.27	platform-property-md-FillFromFillingValue
DataProcessorTabularSectionAttribute	fillValue	http://v8.1c.ru/8.3/MDClasses	FillValue	8.3.27	platform-property-md-FillValue
DataProcessorTabularSectionAttribute	fillChecking	http://v8.1c.ru/8.3/MDClasses	FillChecking	8.3.27	platform-property-md-FillChecking
DataProcessorTabularSectionAttribute	choiceFoldersAndItems	http://v8.1c.ru/8.3/MDClasses	ChoiceFoldersAndItems	8.3.27	platform-property-md-ChoiceFoldersAndItems
DataProcessorTabularSectionAttribute	choiceParameterLinks	http://v8.1c.ru/8.3/MDClasses	ChoiceParameterLinks	8.3.27	platform-property-md-ChoiceParameterLinks
DataProcessorTabularSectionAttribute	choiceParameters	http://v8.1c.ru/8.3/MDClasses	ChoiceParameters	8.3.27	platform-property-md-ChoiceParameters
DataProcessorTabularSectionAttribute	quickChoice	http://v8.1c.ru/8.3/MDClasses	QuickChoice	8.3.27	platform-property-md-QuickChoice
DataProcessorTabularSectionAttribute	createOnInput	http://v8.1c.ru/8.3/MDClasses	CreateOnInput	8.3.27	platform-property-md-CreateOnInput
DataProcessorTabularSectionAttribute	choiceForm	http://v8.1c.ru/8.3/MDClasses	ChoiceForm	8.3.27	platform-property-md-ChoiceForm
DataProcessorTabularSectionAttribute	linkByType	http://v8.1c.ru/8.3/MDClasses	LinkByType	8.3.27	platform-property-md-LinkByType
DataProcessorTabularSectionAttribute	choiceHistoryOnInput	http://v8.1c.ru/8.3/MDClasses	ChoiceHistoryOnInput	8.3.27	platform-property-md-ChoiceHistoryOnInput
DataProcessorForm	name	http://v8.1c.ru/8.3/MDClasses	Name	8.3.27	platform-property-md-Name
DataProcessorForm	synonym	http://v8.1c.ru/8.3/MDClasses	Synonym	8.3.27	platform-property-md-Synonym
DataProcessorForm	comment	http://v8.1c.ru/8.3/MDClasses	Comment	8.3.27	platform-property-md-Comment
DataProcessorForm	objectBelonging	http://v8.1c.ru/8.3/MDClasses	ObjectBelonging	8.3.27	platform-property-md-ObjectBelonging
DataProcessorForm	extendedConfigurationObject	http://v8.1c.ru/8.3/MDClasses	ExtendedConfigurationObject	8.3.27	platform-property-md-ExtendedConfigurationObject
DataProcessorForm	formType	http://v8.1c.ru/8.3/MDClasses	FormType	8.3.27	platform-property-md-FormType
DataProcessorForm	includeHelpInContents	http://v8.1c.ru/8.3/MDClasses	IncludeHelpInContents	8.3.27	platform-property-md-IncludeHelpInContents
DataProcessorForm	help	http://v8.1c.ru/8.3/MDClasses	Help	8.3.27	platform-property-md-Help
DataProcessorForm	usePurposes	http://v8.1c.ru/8.3/MDClasses	UsePurposes	8.3.27	platform-property-md-UsePurposes
DataProcessorForm	useInInterfaceCompatibilityMode	http://v8.1c.ru/8.3/MDClasses	UseInInterfaceCompatibilityMode	8.5.1	platform-property-md-UseInInterfaceCompatibilityMode
DataProcessorForm	extendedPresentation	http://v8.1c.ru/8.3/MDClasses	ExtendedPresentation	8.3.27	platform-property-md-ExtendedPresentation
DataProcessorCommand	name	http://v8.1c.ru/8.3/MDClasses	Name	8.3.27	platform-property-md-Name
DataProcessorCommand	synonym	http://v8.1c.ru/8.3/MDClasses	Synonym	8.3.27	platform-property-md-Synonym
DataProcessorCommand	comment	http://v8.1c.ru/8.3/MDClasses	Comment	8.3.27	platform-property-md-Comment
DataProcessorCommand	objectBelonging	http://v8.1c.ru/8.3/MDClasses	ObjectBelonging	8.3.27	platform-property-md-ObjectBelonging
DataProcessorCommand	extendedConfigurationObject	http://v8.1c.ru/8.3/MDClasses	ExtendedConfigurationObject	8.3.27	platform-property-md-ExtendedConfigurationObject
DataProcessorCommand	group	http://v8.1c.ru/8.3/MDClasses	Group	8.3.27	platform-property-md-Group
DataProcessorCommand	commandParameterType	http://v8.1c.ru/8.3/MDClasses	CommandParameterType	8.3.27	platform-property-md-CommandParameterType
DataProcessorCommand	parameterUseMode	http://v8.1c.ru/8.3/MDClasses	ParameterUseMode	8.3.27	platform-property-md-ParameterUseMode
DataProcessorCommand	modifiesData	http://v8.1c.ru/8.3/MDClasses	ModifiesData	8.3.27	platform-property-md-ModifiesData
DataProcessorCommand	representation	http://v8.1c.ru/8.3/MDClasses	Representation	8.3.27	platform-property-md-Representation
DataProcessorCommand	toolTip	http://v8.1c.ru/8.3/MDClasses	ToolTip	8.3.27	platform-property-md-ToolTip
DataProcessorCommand	picture	http://v8.1c.ru/8.3/MDClasses	Picture	8.3.27	platform-property-md-Picture
DataProcessorCommand	shortcut	http://v8.1c.ru/8.3/MDClasses	Shortcut	8.3.27	platform-property-md-Shortcut
DataProcessorCommand	onMainServerUnavalableBehavior	http://v8.1c.ru/8.3/MDClasses	OnMainServerUnavalableBehavior	8.3.27	platform-property-md-OnMainServerUnavalableBehavior
ExternalDataProcessor	name	http://v8.1c.ru/8.3/MDClasses	Name	8.3.27	platform-property-md-Name
ExternalDataProcessor	synonym	http://v8.1c.ru/8.3/MDClasses	Synonym	8.3.27	platform-property-md-Synonym
ExternalDataProcessor	comment	http://v8.1c.ru/8.3/MDClasses	Comment	8.3.27	platform-property-md-Comment
ExternalDataProcessor	objectBelonging	http://v8.1c.ru/8.3/MDClasses	ObjectBelonging	8.3.27	platform-property-md-ObjectBelonging
ExternalDataProcessor	extendedConfigurationObject	http://v8.1c.ru/8.3/MDClasses	ExtendedConfigurationObject	8.3.27	platform-property-md-ExtendedConfigurationObject
ExternalDataProcessor	defaultForm	http://v8.1c.ru/8.3/MDClasses	DefaultForm	8.3.27	platform-property-md-DefaultForm
ExternalDataProcessor	auxiliaryForm	http://v8.1c.ru/8.3/MDClasses	AuxiliaryForm	8.3.27	platform-property-md-AuxiliaryForm
ExternalDataProcessor	help	http://v8.1c.ru/8.3/MDClasses	Help	8.3.27	platform-property-md-Help
AccumulationRegister	name	http://v8.1c.ru/8.3/MDClasses	Name	8.3.27	platform-property-md-Name
AccumulationRegister	synonym	http://v8.1c.ru/8.3/MDClasses	Synonym	8.3.27	platform-property-md-Synonym
AccumulationRegister	comment	http://v8.1c.ru/8.3/MDClasses	Comment	8.3.27	platform-property-md-Comment
AccumulationRegister	objectBelonging	http://v8.1c.ru/8.3/MDClasses	ObjectBelonging	8.3.27	platform-property-md-ObjectBelonging
AccumulationRegister	extendedConfigurationObject	http://v8.1c.ru/8.3/MDClasses	ExtendedConfigurationObject	8.3.27	platform-property-md-ExtendedConfigurationObject
AccumulationRegister	useStandardCommands	http://v8.1c.ru/8.3/MDClasses	UseStandardCommands	8.3.27	platform-property-md-UseStandardCommands
AccumulationRegister	defaultListForm	http://v8.1c.ru/8.3/MDClasses	DefaultListForm	8.3.27	platform-property-md-DefaultListForm
AccumulationRegister	auxiliaryListForm	http://v8.1c.ru/8.3/MDClasses	AuxiliaryListForm	8.3.27	platform-property-md-AuxiliaryListForm
AccumulationRegister	registerType	http://v8.1c.ru/8.3/MDClasses	RegisterType	8.3.27	platform-property-md-RegisterType
AccumulationRegister	includeHelpInContents	http://v8.1c.ru/8.3/MDClasses	IncludeHelpInContents	8.3.27	platform-property-md-IncludeHelpInContents
AccumulationRegister	help	http://v8.1c.ru/8.3/MDClasses	Help	8.3.27	platform-property-md-Help
AccumulationRegister	standardAttributes	http://v8.1c.ru/8.3/MDClasses	StandardAttributes	8.3.27	platform-property-md-StandardAttributes
AccumulationRegister	dataLockControlMode	http://v8.1c.ru/8.3/MDClasses	DataLockControlMode	8.3.27	platform-property-md-DataLockControlMode
AccumulationRegister	fullTextSearch	http://v8.1c.ru/8.3/MDClasses	FullTextSearch	8.3.27	platform-property-md-FullTextSearch
AccumulationRegister	enableTotalsSplitting	http://v8.1c.ru/8.3/MDClasses	EnableTotalsSplitting	8.3.27	platform-property-md-EnableTotalsSplitting
AccumulationRegister	aggregates	http://v8.1c.ru/8.3/MDClasses	Aggregates	8.3.27	platform-property-md-Aggregates
AccumulationRegister	listPresentation	http://v8.1c.ru/8.3/MDClasses	ListPresentation	8.3.27	platform-property-md-ListPresentation
AccumulationRegister	extendedListPresentation	http://v8.1c.ru/8.3/MDClasses	ExtendedListPresentation	8.3.27	platform-property-md-ExtendedListPresentation
AccumulationRegister	explanation	http://v8.1c.ru/8.3/MDClasses	Explanation	8.3.27	platform-property-md-Explanation
AccumulationRegisterResource	name	http://v8.1c.ru/8.3/MDClasses	Name	8.3.27	platform-property-md-Name
AccumulationRegisterResource	synonym	http://v8.1c.ru/8.3/MDClasses	Synonym	8.3.27	platform-property-md-Synonym
AccumulationRegisterResource	comment	http://v8.1c.ru/8.3/MDClasses	Comment	8.3.27	platform-property-md-Comment
AccumulationRegisterResource	objectBelonging	http://v8.1c.ru/8.3/MDClasses	ObjectBelonging	8.3.27	platform-property-md-ObjectBelonging
AccumulationRegisterResource	extendedConfigurationObject	http://v8.1c.ru/8.3/MDClasses	ExtendedConfigurationObject	8.3.27	platform-property-md-ExtendedConfigurationObject
AccumulationRegisterResource	type	http://v8.1c.ru/8.3/MDClasses	Type	8.3.27	platform-property-md-Type
AccumulationRegisterResource	passwordMode	http://v8.1c.ru/8.3/MDClasses	PasswordMode	8.3.27	platform-property-md-PasswordMode
AccumulationRegisterResource	format	http://v8.1c.ru/8.3/MDClasses	Format	8.3.27	platform-property-md-Format
AccumulationRegisterResource	editFormat	http://v8.1c.ru/8.3/MDClasses	EditFormat	8.3.27	platform-property-md-EditFormat
AccumulationRegisterResource	toolTip	http://v8.1c.ru/8.3/MDClasses	ToolTip	8.3.27	platform-property-md-ToolTip
AccumulationRegisterResource	markNegatives	http://v8.1c.ru/8.3/MDClasses	MarkNegatives	8.3.27	platform-property-md-MarkNegatives
AccumulationRegisterResource	mask	http://v8.1c.ru/8.3/MDClasses	Mask	8.3.27	platform-property-md-Mask
AccumulationRegisterResource	multiLine	http://v8.1c.ru/8.3/MDClasses	MultiLine	8.3.27	platform-property-md-MultiLine
AccumulationRegisterResource	extendedEdit	http://v8.1c.ru/8.3/MDClasses	ExtendedEdit	8.3.27	platform-property-md-ExtendedEdit
AccumulationRegisterResource	minValue	http://v8.1c.ru/8.3/MDClasses	MinValue	8.3.27	platform-property-md-MinValue
AccumulationRegisterResource	maxValue	http://v8.1c.ru/8.3/MDClasses	MaxValue	8.3.27	platform-property-md-MaxValue
AccumulationRegisterResource	fillChecking	http://v8.1c.ru/8.3/MDClasses	FillChecking	8.3.27	platform-property-md-FillChecking
AccumulationRegisterResource	choiceFoldersAndItems	http://v8.1c.ru/8.3/MDClasses	ChoiceFoldersAndItems	8.3.27	platform-property-md-ChoiceFoldersAndItems
AccumulationRegisterResource	choiceParameterLinks	http://v8.1c.ru/8.3/MDClasses	ChoiceParameterLinks	8.3.27	platform-property-md-ChoiceParameterLinks
AccumulationRegisterResource	choiceParameters	http://v8.1c.ru/8.3/MDClasses	ChoiceParameters	8.3.27	platform-property-md-ChoiceParameters
AccumulationRegisterResource	quickChoice	http://v8.1c.ru/8.3/MDClasses	QuickChoice	8.3.27	platform-property-md-QuickChoice
AccumulationRegisterResource	createOnInput	http://v8.1c.ru/8.3/MDClasses	CreateOnInput	8.3.27	platform-property-md-CreateOnInput
AccumulationRegisterResource	choiceForm	http://v8.1c.ru/8.3/MDClasses	ChoiceForm	8.3.27	platform-property-md-ChoiceForm
AccumulationRegisterResource	linkByType	http://v8.1c.ru/8.3/MDClasses	LinkByType	8.3.27	platform-property-md-LinkByType
AccumulationRegisterResource	choiceHistoryOnInput	http://v8.1c.ru/8.3/MDClasses	ChoiceHistoryOnInput	8.3.27	platform-property-md-ChoiceHistoryOnInput
AccumulationRegisterResource	fullTextSearch	http://v8.1c.ru/8.3/MDClasses	FullTextSearch	8.3.27	platform-property-md-FullTextSearch
AccumulationRegisterAttribute	name	http://v8.1c.ru/8.3/MDClasses	Name	8.3.27	platform-property-md-Name
AccumulationRegisterAttribute	synonym	http://v8.1c.ru/8.3/MDClasses	Synonym	8.3.27	platform-property-md-Synonym
AccumulationRegisterAttribute	comment	http://v8.1c.ru/8.3/MDClasses	Comment	8.3.27	platform-property-md-Comment
AccumulationRegisterAttribute	objectBelonging	http://v8.1c.ru/8.3/MDClasses	ObjectBelonging	8.3.27	platform-property-md-ObjectBelonging
AccumulationRegisterAttribute	extendedConfigurationObject	http://v8.1c.ru/8.3/MDClasses	ExtendedConfigurationObject	8.3.27	platform-property-md-ExtendedConfigurationObject
AccumulationRegisterAttribute	type	http://v8.1c.ru/8.3/MDClasses	Type	8.3.27	platform-property-md-Type
AccumulationRegisterAttribute	passwordMode	http://v8.1c.ru/8.3/MDClasses	PasswordMode	8.3.27	platform-property-md-PasswordMode
AccumulationRegisterAttribute	format	http://v8.1c.ru/8.3/MDClasses	Format	8.3.27	platform-property-md-Format
AccumulationRegisterAttribute	editFormat	http://v8.1c.ru/8.3/MDClasses	EditFormat	8.3.27	platform-property-md-EditFormat
AccumulationRegisterAttribute	toolTip	http://v8.1c.ru/8.3/MDClasses	ToolTip	8.3.27	platform-property-md-ToolTip
AccumulationRegisterAttribute	markNegatives	http://v8.1c.ru/8.3/MDClasses	MarkNegatives	8.3.27	platform-property-md-MarkNegatives
AccumulationRegisterAttribute	mask	http://v8.1c.ru/8.3/MDClasses	Mask	8.3.27	platform-property-md-Mask
AccumulationRegisterAttribute	multiLine	http://v8.1c.ru/8.3/MDClasses	MultiLine	8.3.27	platform-property-md-MultiLine
AccumulationRegisterAttribute	extendedEdit	http://v8.1c.ru/8.3/MDClasses	ExtendedEdit	8.3.27	platform-property-md-ExtendedEdit
AccumulationRegisterAttribute	minValue	http://v8.1c.ru/8.3/MDClasses	MinValue	8.3.27	platform-property-md-MinValue
AccumulationRegisterAttribute	maxValue	http://v8.1c.ru/8.3/MDClasses	MaxValue	8.3.27	platform-property-md-MaxValue
AccumulationRegisterAttribute	fillChecking	http://v8.1c.ru/8.3/MDClasses	FillChecking	8.3.27	platform-property-md-FillChecking
AccumulationRegisterAttribute	choiceFoldersAndItems	http://v8.1c.ru/8.3/MDClasses	ChoiceFoldersAndItems	8.3.27	platform-property-md-ChoiceFoldersAndItems
AccumulationRegisterAttribute	choiceParameterLinks	http://v8.1c.ru/8.3/MDClasses	ChoiceParameterLinks	8.3.27	platform-property-md-ChoiceParameterLinks
AccumulationRegisterAttribute	choiceParameters	http://v8.1c.ru/8.3/MDClasses	ChoiceParameters	8.3.27	platform-property-md-ChoiceParameters
AccumulationRegisterAttribute	quickChoice	http://v8.1c.ru/8.3/MDClasses	QuickChoice	8.3.27	platform-property-md-QuickChoice
AccumulationRegisterAttribute	createOnInput	http://v8.1c.ru/8.3/MDClasses	CreateOnInput	8.3.27	platform-property-md-CreateOnInput
AccumulationRegisterAttribute	choiceForm	http://v8.1c.ru/8.3/MDClasses	ChoiceForm	8.3.27	platform-property-md-ChoiceForm
AccumulationRegisterAttribute	linkByType	http://v8.1c.ru/8.3/MDClasses	LinkByType	8.3.27	platform-property-md-LinkByType
AccumulationRegisterAttribute	choiceHistoryOnInput	http://v8.1c.ru/8.3/MDClasses	ChoiceHistoryOnInput	8.3.27	platform-property-md-ChoiceHistoryOnInput
AccumulationRegisterAttribute	binaryDataStorageLocationUse	http://v8.1c.ru/8.3/MDClasses	BinaryDataStorageLocationUse	8.3.27	platform-property-md-BinaryDataStorageLocationUse
AccumulationRegisterAttribute	binaryDataStorageLocationUseField	http://v8.1c.ru/8.3/MDClasses	BinaryDataStorageLocationUseField	8.3.27	platform-property-md-BinaryDataStorageLocationUseField
AccumulationRegisterAttribute	indexing	http://v8.1c.ru/8.3/MDClasses	Indexing	8.3.27	platform-property-md-Indexing
AccumulationRegisterAttribute	fullTextSearch	http://v8.1c.ru/8.3/MDClasses	FullTextSearch	8.3.27	platform-property-md-FullTextSearch
AccumulationRegisterDimension	name	http://v8.1c.ru/8.3/MDClasses	Name	8.3.27	platform-property-md-Name
AccumulationRegisterDimension	synonym	http://v8.1c.ru/8.3/MDClasses	Synonym	8.3.27	platform-property-md-Synonym
AccumulationRegisterDimension	comment	http://v8.1c.ru/8.3/MDClasses	Comment	8.3.27	platform-property-md-Comment
AccumulationRegisterDimension	objectBelonging	http://v8.1c.ru/8.3/MDClasses	ObjectBelonging	8.3.27	platform-property-md-ObjectBelonging
AccumulationRegisterDimension	extendedConfigurationObject	http://v8.1c.ru/8.3/MDClasses	ExtendedConfigurationObject	8.3.27	platform-property-md-ExtendedConfigurationObject
AccumulationRegisterDimension	type	http://v8.1c.ru/8.3/MDClasses	Type	8.3.27	platform-property-md-Type
AccumulationRegisterDimension	passwordMode	http://v8.1c.ru/8.3/MDClasses	PasswordMode	8.3.27	platform-property-md-PasswordMode
AccumulationRegisterDimension	format	http://v8.1c.ru/8.3/MDClasses	Format	8.3.27	platform-property-md-Format
AccumulationRegisterDimension	editFormat	http://v8.1c.ru/8.3/MDClasses	EditFormat	8.3.27	platform-property-md-EditFormat
AccumulationRegisterDimension	toolTip	http://v8.1c.ru/8.3/MDClasses	ToolTip	8.3.27	platform-property-md-ToolTip
AccumulationRegisterDimension	markNegatives	http://v8.1c.ru/8.3/MDClasses	MarkNegatives	8.3.27	platform-property-md-MarkNegatives
AccumulationRegisterDimension	mask	http://v8.1c.ru/8.3/MDClasses	Mask	8.3.27	platform-property-md-Mask
AccumulationRegisterDimension	multiLine	http://v8.1c.ru/8.3/MDClasses	MultiLine	8.3.27	platform-property-md-MultiLine
AccumulationRegisterDimension	extendedEdit	http://v8.1c.ru/8.3/MDClasses	ExtendedEdit	8.3.27	platform-property-md-ExtendedEdit
AccumulationRegisterDimension	minValue	http://v8.1c.ru/8.3/MDClasses	MinValue	8.3.27	platform-property-md-MinValue
AccumulationRegisterDimension	maxValue	http://v8.1c.ru/8.3/MDClasses	MaxValue	8.3.27	platform-property-md-MaxValue
AccumulationRegisterDimension	fillChecking	http://v8.1c.ru/8.3/MDClasses	FillChecking	8.3.27	platform-property-md-FillChecking
AccumulationRegisterDimension	choiceFoldersAndItems	http://v8.1c.ru/8.3/MDClasses	ChoiceFoldersAndItems	8.3.27	platform-property-md-ChoiceFoldersAndItems
AccumulationRegisterDimension	choiceParameterLinks	http://v8.1c.ru/8.3/MDClasses	ChoiceParameterLinks	8.3.27	platform-property-md-ChoiceParameterLinks
AccumulationRegisterDimension	choiceParameters	http://v8.1c.ru/8.3/MDClasses	ChoiceParameters	8.3.27	platform-property-md-ChoiceParameters
AccumulationRegisterDimension	quickChoice	http://v8.1c.ru/8.3/MDClasses	QuickChoice	8.3.27	platform-property-md-QuickChoice
AccumulationRegisterDimension	createOnInput	http://v8.1c.ru/8.3/MDClasses	CreateOnInput	8.3.27	platform-property-md-CreateOnInput
AccumulationRegisterDimension	choiceForm	http://v8.1c.ru/8.3/MDClasses	ChoiceForm	8.3.27	platform-property-md-ChoiceForm
AccumulationRegisterDimension	linkByType	http://v8.1c.ru/8.3/MDClasses	LinkByType	8.3.27	platform-property-md-LinkByType
AccumulationRegisterDimension	choiceHistoryOnInput	http://v8.1c.ru/8.3/MDClasses	ChoiceHistoryOnInput	8.3.27	platform-property-md-ChoiceHistoryOnInput
AccumulationRegisterDimension	denyIncompleteValues	http://v8.1c.ru/8.3/MDClasses	DenyIncompleteValues	8.3.27	platform-property-md-DenyIncompleteValues
AccumulationRegisterDimension	indexing	http://v8.1c.ru/8.3/MDClasses	Indexing	8.3.27	platform-property-md-Indexing
AccumulationRegisterDimension	fullTextSearch	http://v8.1c.ru/8.3/MDClasses	FullTextSearch	8.3.27	platform-property-md-FullTextSearch
AccumulationRegisterDimension	useInTotals	http://v8.1c.ru/8.3/MDClasses	UseInTotals	8.3.27	platform-property-md-UseInTotals
AccumulationRegisterForm	name	http://v8.1c.ru/8.3/MDClasses	Name	8.3.27	platform-property-md-Name
AccumulationRegisterForm	synonym	http://v8.1c.ru/8.3/MDClasses	Synonym	8.3.27	platform-property-md-Synonym
AccumulationRegisterForm	comment	http://v8.1c.ru/8.3/MDClasses	Comment	8.3.27	platform-property-md-Comment
AccumulationRegisterForm	objectBelonging	http://v8.1c.ru/8.3/MDClasses	ObjectBelonging	8.3.27	platform-property-md-ObjectBelonging
AccumulationRegisterForm	extendedConfigurationObject	http://v8.1c.ru/8.3/MDClasses	ExtendedConfigurationObject	8.3.27	platform-property-md-ExtendedConfigurationObject
AccumulationRegisterForm	formType	http://v8.1c.ru/8.3/MDClasses	FormType	8.3.27	platform-property-md-FormType
AccumulationRegisterForm	includeHelpInContents	http://v8.1c.ru/8.3/MDClasses	IncludeHelpInContents	8.3.27	platform-property-md-IncludeHelpInContents
AccumulationRegisterForm	help	http://v8.1c.ru/8.3/MDClasses	Help	8.3.27	platform-property-md-Help
AccumulationRegisterForm	usePurposes	http://v8.1c.ru/8.3/MDClasses	UsePurposes	8.3.27	platform-property-md-UsePurposes
AccumulationRegisterForm	useInInterfaceCompatibilityMode	http://v8.1c.ru/8.3/MDClasses	UseInInterfaceCompatibilityMode	8.5.1	platform-property-md-UseInInterfaceCompatibilityMode
AccumulationRegisterCommand	name	http://v8.1c.ru/8.3/MDClasses	Name	8.3.27	platform-property-md-Name
AccumulationRegisterCommand	synonym	http://v8.1c.ru/8.3/MDClasses	Synonym	8.3.27	platform-property-md-Synonym
AccumulationRegisterCommand	comment	http://v8.1c.ru/8.3/MDClasses	Comment	8.3.27	platform-property-md-Comment
AccumulationRegisterCommand	objectBelonging	http://v8.1c.ru/8.3/MDClasses	ObjectBelonging	8.3.27	platform-property-md-ObjectBelonging
AccumulationRegisterCommand	extendedConfigurationObject	http://v8.1c.ru/8.3/MDClasses	ExtendedConfigurationObject	8.3.27	platform-property-md-ExtendedConfigurationObject
AccumulationRegisterCommand	group	http://v8.1c.ru/8.3/MDClasses	Group	8.3.27	platform-property-md-Group
AccumulationRegisterCommand	commandParameterType	http://v8.1c.ru/8.3/MDClasses	CommandParameterType	8.3.27	platform-property-md-CommandParameterType
AccumulationRegisterCommand	parameterUseMode	http://v8.1c.ru/8.3/MDClasses	ParameterUseMode	8.3.27	platform-property-md-ParameterUseMode
AccumulationRegisterCommand	modifiesData	http://v8.1c.ru/8.3/MDClasses	ModifiesData	8.3.27	platform-property-md-ModifiesData
AccumulationRegisterCommand	representation	http://v8.1c.ru/8.3/MDClasses	Representation	8.3.27	platform-property-md-Representation
AccumulationRegisterCommand	toolTip	http://v8.1c.ru/8.3/MDClasses	ToolTip	8.3.27	platform-property-md-ToolTip
AccumulationRegisterCommand	picture	http://v8.1c.ru/8.3/MDClasses	Picture	8.3.27	platform-property-md-Picture
AccumulationRegisterCommand	shortcut	http://v8.1c.ru/8.3/MDClasses	Shortcut	8.3.27	platform-property-md-Shortcut
AccumulationRegisterCommand	onMainServerUnavalableBehavior	http://v8.1c.ru/8.3/MDClasses	OnMainServerUnavalableBehavior	8.3.27	platform-property-md-OnMainServerUnavalableBehavior
FunctionalOption	name	http://v8.1c.ru/8.3/MDClasses	Name	8.3.27	platform-property-md-Name
FunctionalOption	synonym	http://v8.1c.ru/8.3/MDClasses	Synonym	8.3.27	platform-property-md-Synonym
FunctionalOption	comment	http://v8.1c.ru/8.3/MDClasses	Comment	8.3.27	platform-property-md-Comment
FunctionalOption	objectBelonging	http://v8.1c.ru/8.3/MDClasses	ObjectBelonging	8.3.27	platform-property-md-ObjectBelonging
FunctionalOption	extendedConfigurationObject	http://v8.1c.ru/8.3/MDClasses	ExtendedConfigurationObject	8.3.27	platform-property-md-ExtendedConfigurationObject
FunctionalOption	location	http://v8.1c.ru/8.3/MDClasses	Location	8.3.27	platform-property-md-Location
FunctionalOption	privilegedGetMode	http://v8.1c.ru/8.3/MDClasses	PrivilegedGetMode	8.3.27	platform-property-md-PrivilegedGetMode
FunctionalOption	content	http://v8.1c.ru/8.3/MDClasses	Content	8.3.27	platform-property-md-Content
BusinessProcess	name	http://v8.1c.ru/8.3/MDClasses	Name	8.3.27	platform-property-md-Name
BusinessProcess	synonym	http://v8.1c.ru/8.3/MDClasses	Synonym	8.3.27	platform-property-md-Synonym
BusinessProcess	comment	http://v8.1c.ru/8.3/MDClasses	Comment	8.3.27	platform-property-md-Comment
BusinessProcess	objectBelonging	http://v8.1c.ru/8.3/MDClasses	ObjectBelonging	8.3.27	platform-property-md-ObjectBelonging
BusinessProcess	extendedConfigurationObject	http://v8.1c.ru/8.3/MDClasses	ExtendedConfigurationObject	8.3.27	platform-property-md-ExtendedConfigurationObject
BusinessProcess	useStandardCommands	http://v8.1c.ru/8.3/MDClasses	UseStandardCommands	8.3.27	platform-property-md-UseStandardCommands
BusinessProcess	editType	http://v8.1c.ru/8.3/MDClasses	EditType	8.3.27	platform-property-md-EditType
BusinessProcess	inputByString	http://v8.1c.ru/8.3/MDClasses	InputByString	8.3.27	platform-property-md-InputByString
BusinessProcess	createOnInput	http://v8.1c.ru/8.3/MDClasses	CreateOnInput	8.3.27	platform-property-md-CreateOnInput
BusinessProcess	searchStringModeOnInputByString	http://v8.1c.ru/8.3/MDClasses	SearchStringModeOnInputByString	8.3.27	platform-property-md-SearchStringModeOnInputByString
BusinessProcess	choiceDataGetModeOnInputByString	http://v8.1c.ru/8.3/MDClasses	ChoiceDataGetModeOnInputByString	8.3.27	platform-property-md-ChoiceDataGetModeOnInputByString
BusinessProcess	fullTextSearchOnInputByString	http://v8.1c.ru/8.3/MDClasses	FullTextSearchOnInputByString	8.3.27	platform-property-md-FullTextSearchOnInputByString
BusinessProcess	defaultObjectForm	http://v8.1c.ru/8.3/MDClasses	DefaultObjectForm	8.3.27	platform-property-md-DefaultObjectForm
BusinessProcess	defaultListForm	http://v8.1c.ru/8.3/MDClasses	DefaultListForm	8.3.27	platform-property-md-DefaultListForm
BusinessProcess	defaultChoiceForm	http://v8.1c.ru/8.3/MDClasses	DefaultChoiceForm	8.3.27	platform-property-md-DefaultChoiceForm
BusinessProcess	auxiliaryObjectForm	http://v8.1c.ru/8.3/MDClasses	AuxiliaryObjectForm	8.3.27	platform-property-md-AuxiliaryObjectForm
BusinessProcess	auxiliaryListForm	http://v8.1c.ru/8.3/MDClasses	AuxiliaryListForm	8.3.27	platform-property-md-AuxiliaryListForm
BusinessProcess	auxiliaryChoiceForm	http://v8.1c.ru/8.3/MDClasses	AuxiliaryChoiceForm	8.3.27	platform-property-md-AuxiliaryChoiceForm
BusinessProcess	choiceHistoryOnInput	http://v8.1c.ru/8.3/MDClasses	ChoiceHistoryOnInput	8.3.27	platform-property-md-ChoiceHistoryOnInput
BusinessProcess	numberType	http://v8.1c.ru/8.3/MDClasses	NumberType	8.3.27	platform-property-md-NumberType
BusinessProcess	numberLength	http://v8.1c.ru/8.3/MDClasses	NumberLength	8.3.27	platform-property-md-NumberLength
BusinessProcess	numberAllowedLength	http://v8.1c.ru/8.3/MDClasses	NumberAllowedLength	8.3.27	platform-property-md-NumberAllowedLength
BusinessProcess	checkUnique	http://v8.1c.ru/8.3/MDClasses	CheckUnique	8.3.27	platform-property-md-CheckUnique
BusinessProcess	standardAttributes	http://v8.1c.ru/8.3/MDClasses	StandardAttributes	8.3.27	platform-property-md-StandardAttributes
BusinessProcess	characteristics	http://v8.1c.ru/8.3/MDClasses	Characteristics	8.3.27	platform-property-md-Characteristics
BusinessProcess	autonumbering	http://v8.1c.ru/8.3/MDClasses	Autonumbering	8.3.27	platform-property-md-Autonumbering
BusinessProcess	basedOn	http://v8.1c.ru/8.3/MDClasses	BasedOn	8.3.27	platform-property-md-BasedOn
BusinessProcess	numberPeriodicity	http://v8.1c.ru/8.3/MDClasses	NumberPeriodicity	8.3.27	platform-property-md-NumberPeriodicity
BusinessProcess	task	http://v8.1c.ru/8.3/MDClasses	Task	8.3.27	platform-property-md-Task
BusinessProcess	createTaskInPrivilegedMode	http://v8.1c.ru/8.3/MDClasses	CreateTaskInPrivilegedMode	8.3.27	platform-property-md-CreateTaskInPrivilegedMode
BusinessProcess	dataLockFields	http://v8.1c.ru/8.3/MDClasses	DataLockFields	8.3.27	platform-property-md-DataLockFields
BusinessProcess	dataLockControlMode	http://v8.1c.ru/8.3/MDClasses	DataLockControlMode	8.3.27	platform-property-md-DataLockControlMode
BusinessProcess	includeHelpInContents	http://v8.1c.ru/8.3/MDClasses	IncludeHelpInContents	8.3.27	platform-property-md-IncludeHelpInContents
BusinessProcess	help	http://v8.1c.ru/8.3/MDClasses	Help	8.3.27	platform-property-md-Help
BusinessProcess	fullTextSearch	http://v8.1c.ru/8.3/MDClasses	FullTextSearch	8.3.27	platform-property-md-FullTextSearch
BusinessProcess	objectPresentation	http://v8.1c.ru/8.3/MDClasses	ObjectPresentation	8.3.27	platform-property-md-ObjectPresentation
BusinessProcess	extendedObjectPresentation	http://v8.1c.ru/8.3/MDClasses	ExtendedObjectPresentation	8.3.27	platform-property-md-ExtendedObjectPresentation
BusinessProcess	listPresentation	http://v8.1c.ru/8.3/MDClasses	ListPresentation	8.3.27	platform-property-md-ListPresentation
BusinessProcess	extendedListPresentation	http://v8.1c.ru/8.3/MDClasses	ExtendedListPresentation	8.3.27	platform-property-md-ExtendedListPresentation
BusinessProcess	explanation	http://v8.1c.ru/8.3/MDClasses	Explanation	8.3.27	platform-property-md-Explanation
BusinessProcess	dataHistory	http://v8.1c.ru/8.3/MDClasses	DataHistory	8.3.27	platform-property-md-DataHistory
BusinessProcess	updateDataHistoryImmediatelyAfterWrite	http://v8.1c.ru/8.3/MDClasses	UpdateDataHistoryImmediatelyAfterWrite	8.3.27	platform-property-md-UpdateDataHistoryImmediatelyAfterWrite
BusinessProcess	executeAfterWriteDataHistoryVersionProcessing	http://v8.1c.ru/8.3/MDClasses	ExecuteAfterWriteDataHistoryVersionProcessing	8.3.27	platform-property-md-ExecuteAfterWriteDataHistoryVersionProcessing
BusinessProcessForm	name	http://v8.1c.ru/8.3/MDClasses	Name	8.3.27	platform-property-md-Name
BusinessProcessForm	synonym	http://v8.1c.ru/8.3/MDClasses	Synonym	8.3.27	platform-property-md-Synonym
BusinessProcessForm	comment	http://v8.1c.ru/8.3/MDClasses	Comment	8.3.27	platform-property-md-Comment
BusinessProcessForm	objectBelonging	http://v8.1c.ru/8.3/MDClasses	ObjectBelonging	8.3.27	platform-property-md-ObjectBelonging
BusinessProcessForm	extendedConfigurationObject	http://v8.1c.ru/8.3/MDClasses	ExtendedConfigurationObject	8.3.27	platform-property-md-ExtendedConfigurationObject
BusinessProcessForm	formType	http://v8.1c.ru/8.3/MDClasses	FormType	8.3.27	platform-property-md-FormType
BusinessProcessForm	includeHelpInContents	http://v8.1c.ru/8.3/MDClasses	IncludeHelpInContents	8.3.27	platform-property-md-IncludeHelpInContents
BusinessProcessForm	help	http://v8.1c.ru/8.3/MDClasses	Help	8.3.27	platform-property-md-Help
BusinessProcessForm	usePurposes	http://v8.1c.ru/8.3/MDClasses	UsePurposes	8.3.27	platform-property-md-UsePurposes
BusinessProcessForm	useInInterfaceCompatibilityMode	http://v8.1c.ru/8.3/MDClasses	UseInInterfaceCompatibilityMode	8.5.1	platform-property-md-UseInInterfaceCompatibilityMode
BusinessProcessCommand	name	http://v8.1c.ru/8.3/MDClasses	Name	8.3.27	platform-property-md-Name
BusinessProcessCommand	synonym	http://v8.1c.ru/8.3/MDClasses	Synonym	8.3.27	platform-property-md-Synonym
BusinessProcessCommand	comment	http://v8.1c.ru/8.3/MDClasses	Comment	8.3.27	platform-property-md-Comment
BusinessProcessCommand	objectBelonging	http://v8.1c.ru/8.3/MDClasses	ObjectBelonging	8.3.27	platform-property-md-ObjectBelonging
BusinessProcessCommand	extendedConfigurationObject	http://v8.1c.ru/8.3/MDClasses	ExtendedConfigurationObject	8.3.27	platform-property-md-ExtendedConfigurationObject
BusinessProcessCommand	group	http://v8.1c.ru/8.3/MDClasses	Group	8.3.27	platform-property-md-Group
BusinessProcessCommand	commandParameterType	http://v8.1c.ru/8.3/MDClasses	CommandParameterType	8.3.27	platform-property-md-CommandParameterType
BusinessProcessCommand	parameterUseMode	http://v8.1c.ru/8.3/MDClasses	ParameterUseMode	8.3.27	platform-property-md-ParameterUseMode
BusinessProcessCommand	modifiesData	http://v8.1c.ru/8.3/MDClasses	ModifiesData	8.3.27	platform-property-md-ModifiesData
BusinessProcessCommand	representation	http://v8.1c.ru/8.3/MDClasses	Representation	8.3.27	platform-property-md-Representation
BusinessProcessCommand	toolTip	http://v8.1c.ru/8.3/MDClasses	ToolTip	8.3.27	platform-property-md-ToolTip
BusinessProcessCommand	picture	http://v8.1c.ru/8.3/MDClasses	Picture	8.3.27	platform-property-md-Picture
BusinessProcessCommand	shortcut	http://v8.1c.ru/8.3/MDClasses	Shortcut	8.3.27	platform-property-md-Shortcut
BusinessProcessCommand	onMainServerUnavalableBehavior	http://v8.1c.ru/8.3/MDClasses	OnMainServerUnavalableBehavior	8.3.27	platform-property-md-OnMainServerUnavalableBehavior
BusinessProcessAttribute	name	http://v8.1c.ru/8.3/MDClasses	Name	8.3.27	platform-property-md-Name
BusinessProcessAttribute	synonym	http://v8.1c.ru/8.3/MDClasses	Synonym	8.3.27	platform-property-md-Synonym
BusinessProcessAttribute	comment	http://v8.1c.ru/8.3/MDClasses	Comment	8.3.27	platform-property-md-Comment
BusinessProcessAttribute	objectBelonging	http://v8.1c.ru/8.3/MDClasses	ObjectBelonging	8.3.27	platform-property-md-ObjectBelonging
BusinessProcessAttribute	extendedConfigurationObject	http://v8.1c.ru/8.3/MDClasses	ExtendedConfigurationObject	8.3.27	platform-property-md-ExtendedConfigurationObject
BusinessProcessAttribute	type	http://v8.1c.ru/8.3/MDClasses	Type	8.3.27	platform-property-md-Type
BusinessProcessAttribute	passwordMode	http://v8.1c.ru/8.3/MDClasses	PasswordMode	8.3.27	platform-property-md-PasswordMode
BusinessProcessAttribute	format	http://v8.1c.ru/8.3/MDClasses	Format	8.3.27	platform-property-md-Format
BusinessProcessAttribute	editFormat	http://v8.1c.ru/8.3/MDClasses	EditFormat	8.3.27	platform-property-md-EditFormat
BusinessProcessAttribute	toolTip	http://v8.1c.ru/8.3/MDClasses	ToolTip	8.3.27	platform-property-md-ToolTip
BusinessProcessAttribute	markNegatives	http://v8.1c.ru/8.3/MDClasses	MarkNegatives	8.3.27	platform-property-md-MarkNegatives
BusinessProcessAttribute	mask	http://v8.1c.ru/8.3/MDClasses	Mask	8.3.27	platform-property-md-Mask
BusinessProcessAttribute	multiLine	http://v8.1c.ru/8.3/MDClasses	MultiLine	8.3.27	platform-property-md-MultiLine
BusinessProcessAttribute	extendedEdit	http://v8.1c.ru/8.3/MDClasses	ExtendedEdit	8.3.27	platform-property-md-ExtendedEdit
BusinessProcessAttribute	minValue	http://v8.1c.ru/8.3/MDClasses	MinValue	8.3.27	platform-property-md-MinValue
BusinessProcessAttribute	maxValue	http://v8.1c.ru/8.3/MDClasses	MaxValue	8.3.27	platform-property-md-MaxValue
BusinessProcessAttribute	fillFromFillingValue	http://v8.1c.ru/8.3/MDClasses	FillFromFillingValue	8.3.27	platform-property-md-FillFromFillingValue
BusinessProcessAttribute	fillValue	http://v8.1c.ru/8.3/MDClasses	FillValue	8.3.27	platform-property-md-FillValue
BusinessProcessAttribute	fillChecking	http://v8.1c.ru/8.3/MDClasses	FillChecking	8.3.27	platform-property-md-FillChecking
BusinessProcessAttribute	choiceFoldersAndItems	http://v8.1c.ru/8.3/MDClasses	ChoiceFoldersAndItems	8.3.27	platform-property-md-ChoiceFoldersAndItems
BusinessProcessAttribute	choiceParameterLinks	http://v8.1c.ru/8.3/MDClasses	ChoiceParameterLinks	8.3.27	platform-property-md-ChoiceParameterLinks
BusinessProcessAttribute	choiceParameters	http://v8.1c.ru/8.3/MDClasses	ChoiceParameters	8.3.27	platform-property-md-ChoiceParameters
BusinessProcessAttribute	quickChoice	http://v8.1c.ru/8.3/MDClasses	QuickChoice	8.3.27	platform-property-md-QuickChoice
BusinessProcessAttribute	createOnInput	http://v8.1c.ru/8.3/MDClasses	CreateOnInput	8.3.27	platform-property-md-CreateOnInput
BusinessProcessAttribute	choiceForm	http://v8.1c.ru/8.3/MDClasses	ChoiceForm	8.3.27	platform-property-md-ChoiceForm
BusinessProcessAttribute	linkByType	http://v8.1c.ru/8.3/MDClasses	LinkByType	8.3.27	platform-property-md-LinkByType
BusinessProcessAttribute	choiceHistoryOnInput	http://v8.1c.ru/8.3/MDClasses	ChoiceHistoryOnInput	8.3.27	platform-property-md-ChoiceHistoryOnInput
BusinessProcessAttribute	indexing	http://v8.1c.ru/8.3/MDClasses	Indexing	8.3.27	platform-property-md-Indexing
BusinessProcessAttribute	fullTextSearch	http://v8.1c.ru/8.3/MDClasses	FullTextSearch	8.3.27	platform-property-md-FullTextSearch
BusinessProcessAttribute	dataHistory	http://v8.1c.ru/8.3/MDClasses	DataHistory	8.3.27	platform-property-md-DataHistory
BusinessProcessAttribute	binaryDataStorageLocationUse	http://v8.1c.ru/8.3/MDClasses	BinaryDataStorageLocationUse	8.3.27	platform-property-md-BinaryDataStorageLocationUse
BusinessProcessAttribute	binaryDataStorageLocationUseField	http://v8.1c.ru/8.3/MDClasses	BinaryDataStorageLocationUseField	8.3.27	platform-property-md-BinaryDataStorageLocationUseField
BusinessProcessTabularSection	name	http://v8.1c.ru/8.3/MDClasses	Name	8.3.27	platform-property-md-Name
BusinessProcessTabularSection	synonym	http://v8.1c.ru/8.3/MDClasses	Synonym	8.3.27	platform-property-md-Synonym
BusinessProcessTabularSection	comment	http://v8.1c.ru/8.3/MDClasses	Comment	8.3.27	platform-property-md-Comment
BusinessProcessTabularSection	objectBelonging	http://v8.1c.ru/8.3/MDClasses	ObjectBelonging	8.3.27	platform-property-md-ObjectBelonging
BusinessProcessTabularSection	extendedConfigurationObject	http://v8.1c.ru/8.3/MDClasses	ExtendedConfigurationObject	8.3.27	platform-property-md-ExtendedConfigurationObject
BusinessProcessTabularSection	toolTip	http://v8.1c.ru/8.3/MDClasses	ToolTip	8.3.27	platform-property-md-ToolTip
BusinessProcessTabularSection	fillChecking	http://v8.1c.ru/8.3/MDClasses	FillChecking	8.3.27	platform-property-md-FillChecking
BusinessProcessTabularSection	standardAttributes	http://v8.1c.ru/8.3/MDClasses	StandardAttributes	8.3.27	platform-property-md-StandardAttributes
BusinessProcessTabularSection	lineNumberLength	http://v8.1c.ru/8.3/MDClasses	LineNumberLength	8.3.27	platform-property-md-LineNumberLength
Task	name	http://v8.1c.ru/8.3/MDClasses	Name	8.3.27	platform-property-md-Name
Task	synonym	http://v8.1c.ru/8.3/MDClasses	Synonym	8.3.27	platform-property-md-Synonym
Task	comment	http://v8.1c.ru/8.3/MDClasses	Comment	8.3.27	platform-property-md-Comment
Task	objectBelonging	http://v8.1c.ru/8.3/MDClasses	ObjectBelonging	8.3.27	platform-property-md-ObjectBelonging
Task	extendedConfigurationObject	http://v8.1c.ru/8.3/MDClasses	ExtendedConfigurationObject	8.3.27	platform-property-md-ExtendedConfigurationObject
Task	useStandardCommands	http://v8.1c.ru/8.3/MDClasses	UseStandardCommands	8.3.27	platform-property-md-UseStandardCommands
Task	numberType	http://v8.1c.ru/8.3/MDClasses	NumberType	8.3.27	platform-property-md-NumberType
Task	numberLength	http://v8.1c.ru/8.3/MDClasses	NumberLength	8.3.27	platform-property-md-NumberLength
Task	numberAllowedLength	http://v8.1c.ru/8.3/MDClasses	NumberAllowedLength	8.3.27	platform-property-md-NumberAllowedLength
Task	checkUnique	http://v8.1c.ru/8.3/MDClasses	CheckUnique	8.3.27	platform-property-md-CheckUnique
Task	autonumbering	http://v8.1c.ru/8.3/MDClasses	Autonumbering	8.3.27	platform-property-md-Autonumbering
Task	taskNumberAutoPrefix	http://v8.1c.ru/8.3/MDClasses	TaskNumberAutoPrefix	8.3.27	platform-property-md-TaskNumberAutoPrefix
Task	descriptionLength	http://v8.1c.ru/8.3/MDClasses	DescriptionLength	8.3.27	platform-property-md-DescriptionLength
Task	addressing	http://v8.1c.ru/8.3/MDClasses	Addressing	8.3.27	platform-property-md-Addressing
Task	mainAddressingAttribute	http://v8.1c.ru/8.3/MDClasses	MainAddressingAttribute	8.3.27	platform-property-md-MainAddressingAttribute
Task	currentPerformer	http://v8.1c.ru/8.3/MDClasses	CurrentPerformer	8.3.27	platform-property-md-CurrentPerformer
Task	basedOn	http://v8.1c.ru/8.3/MDClasses	BasedOn	8.3.27	platform-property-md-BasedOn
Task	standardAttributes	http://v8.1c.ru/8.3/MDClasses	StandardAttributes	8.3.27	platform-property-md-StandardAttributes
Task	characteristics	http://v8.1c.ru/8.3/MDClasses	Characteristics	8.3.27	platform-property-md-Characteristics
Task	defaultPresentation	http://v8.1c.ru/8.3/MDClasses	DefaultPresentation	8.3.27	platform-property-md-DefaultPresentation
Task	editType	http://v8.1c.ru/8.3/MDClasses	EditType	8.3.27	platform-property-md-EditType
Task	inputByString	http://v8.1c.ru/8.3/MDClasses	InputByString	8.3.27	platform-property-md-InputByString
Task	searchStringModeOnInputByString	http://v8.1c.ru/8.3/MDClasses	SearchStringModeOnInputByString	8.3.27	platform-property-md-SearchStringModeOnInputByString
Task	fullTextSearchOnInputByString	http://v8.1c.ru/8.3/MDClasses	FullTextSearchOnInputByString	8.3.27	platform-property-md-FullTextSearchOnInputByString
Task	choiceDataGetModeOnInputByString	http://v8.1c.ru/8.3/MDClasses	ChoiceDataGetModeOnInputByString	8.3.27	platform-property-md-ChoiceDataGetModeOnInputByString
Task	createOnInput	http://v8.1c.ru/8.3/MDClasses	CreateOnInput	8.3.27	platform-property-md-CreateOnInput
Task	defaultObjectForm	http://v8.1c.ru/8.3/MDClasses	DefaultObjectForm	8.3.27	platform-property-md-DefaultObjectForm
Task	defaultListForm	http://v8.1c.ru/8.3/MDClasses	DefaultListForm	8.3.27	platform-property-md-DefaultListForm
Task	defaultChoiceForm	http://v8.1c.ru/8.3/MDClasses	DefaultChoiceForm	8.3.27	platform-property-md-DefaultChoiceForm
Task	auxiliaryObjectForm	http://v8.1c.ru/8.3/MDClasses	AuxiliaryObjectForm	8.3.27	platform-property-md-AuxiliaryObjectForm
Task	auxiliaryListForm	http://v8.1c.ru/8.3/MDClasses	AuxiliaryListForm	8.3.27	platform-property-md-AuxiliaryListForm
Task	auxiliaryChoiceForm	http://v8.1c.ru/8.3/MDClasses	AuxiliaryChoiceForm	8.3.27	platform-property-md-AuxiliaryChoiceForm
Task	choiceHistoryOnInput	http://v8.1c.ru/8.3/MDClasses	ChoiceHistoryOnInput	8.3.27	platform-property-md-ChoiceHistoryOnInput
Task	includeHelpInContents	http://v8.1c.ru/8.3/MDClasses	IncludeHelpInContents	8.3.27	platform-property-md-IncludeHelpInContents
Task	help	http://v8.1c.ru/8.3/MDClasses	Help	8.3.27	platform-property-md-Help
Task	dataLockFields	http://v8.1c.ru/8.3/MDClasses	DataLockFields	8.3.27	platform-property-md-DataLockFields
Task	dataLockControlMode	http://v8.1c.ru/8.3/MDClasses	DataLockControlMode	8.3.27	platform-property-md-DataLockControlMode
Task	fullTextSearch	http://v8.1c.ru/8.3/MDClasses	FullTextSearch	8.3.27	platform-property-md-FullTextSearch
Task	objectPresentation	http://v8.1c.ru/8.3/MDClasses	ObjectPresentation	8.3.27	platform-property-md-ObjectPresentation
Task	extendedObjectPresentation	http://v8.1c.ru/8.3/MDClasses	ExtendedObjectPresentation	8.3.27	platform-property-md-ExtendedObjectPresentation
Task	listPresentation	http://v8.1c.ru/8.3/MDClasses	ListPresentation	8.3.27	platform-property-md-ListPresentation
Task	extendedListPresentation	http://v8.1c.ru/8.3/MDClasses	ExtendedListPresentation	8.3.27	platform-property-md-ExtendedListPresentation
Task	explanation	http://v8.1c.ru/8.3/MDClasses	Explanation	8.3.27	platform-property-md-Explanation
Task	dataHistory	http://v8.1c.ru/8.3/MDClasses	DataHistory	8.3.27	platform-property-md-DataHistory
Task	updateDataHistoryImmediatelyAfterWrite	http://v8.1c.ru/8.3/MDClasses	UpdateDataHistoryImmediatelyAfterWrite	8.3.27	platform-property-md-UpdateDataHistoryImmediatelyAfterWrite
Task	executeAfterWriteDataHistoryVersionProcessing	http://v8.1c.ru/8.3/MDClasses	ExecuteAfterWriteDataHistoryVersionProcessing	8.3.27	platform-property-md-ExecuteAfterWriteDataHistoryVersionProcessing
TaskCommand	name	http://v8.1c.ru/8.3/MDClasses	Name	8.3.27	platform-property-md-Name
TaskCommand	synonym	http://v8.1c.ru/8.3/MDClasses	Synonym	8.3.27	platform-property-md-Synonym
TaskCommand	comment	http://v8.1c.ru/8.3/MDClasses	Comment	8.3.27	platform-property-md-Comment
TaskCommand	objectBelonging	http://v8.1c.ru/8.3/MDClasses	ObjectBelonging	8.3.27	platform-property-md-ObjectBelonging
TaskCommand	extendedConfigurationObject	http://v8.1c.ru/8.3/MDClasses	ExtendedConfigurationObject	8.3.27	platform-property-md-ExtendedConfigurationObject
TaskCommand	group	http://v8.1c.ru/8.3/MDClasses	Group	8.3.27	platform-property-md-Group
TaskCommand	commandParameterType	http://v8.1c.ru/8.3/MDClasses	CommandParameterType	8.3.27	platform-property-md-CommandParameterType
TaskCommand	parameterUseMode	http://v8.1c.ru/8.3/MDClasses	ParameterUseMode	8.3.27	platform-property-md-ParameterUseMode
TaskCommand	modifiesData	http://v8.1c.ru/8.3/MDClasses	ModifiesData	8.3.27	platform-property-md-ModifiesData
TaskCommand	representation	http://v8.1c.ru/8.3/MDClasses	Representation	8.3.27	platform-property-md-Representation
TaskCommand	toolTip	http://v8.1c.ru/8.3/MDClasses	ToolTip	8.3.27	platform-property-md-ToolTip
TaskCommand	picture	http://v8.1c.ru/8.3/MDClasses	Picture	8.3.27	platform-property-md-Picture
TaskCommand	shortcut	http://v8.1c.ru/8.3/MDClasses	Shortcut	8.3.27	platform-property-md-Shortcut
TaskCommand	onMainServerUnavalableBehavior	http://v8.1c.ru/8.3/MDClasses	OnMainServerUnavalableBehavior	8.3.27	platform-property-md-OnMainServerUnavalableBehavior
TaskForm	name	http://v8.1c.ru/8.3/MDClasses	Name	8.3.27	platform-property-md-Name
TaskForm	synonym	http://v8.1c.ru/8.3/MDClasses	Synonym	8.3.27	platform-property-md-Synonym
TaskForm	comment	http://v8.1c.ru/8.3/MDClasses	Comment	8.3.27	platform-property-md-Comment
TaskForm	objectBelonging	http://v8.1c.ru/8.3/MDClasses	ObjectBelonging	8.3.27	platform-property-md-ObjectBelonging
TaskForm	extendedConfigurationObject	http://v8.1c.ru/8.3/MDClasses	ExtendedConfigurationObject	8.3.27	platform-property-md-ExtendedConfigurationObject
TaskForm	formType	http://v8.1c.ru/8.3/MDClasses	FormType	8.3.27	platform-property-md-FormType
TaskForm	includeHelpInContents	http://v8.1c.ru/8.3/MDClasses	IncludeHelpInContents	8.3.27	platform-property-md-IncludeHelpInContents
TaskForm	help	http://v8.1c.ru/8.3/MDClasses	Help	8.3.27	platform-property-md-Help
TaskForm	usePurposes	http://v8.1c.ru/8.3/MDClasses	UsePurposes	8.3.27	platform-property-md-UsePurposes
TaskForm	useInInterfaceCompatibilityMode	http://v8.1c.ru/8.3/MDClasses	UseInInterfaceCompatibilityMode	8.5.1	platform-property-md-UseInInterfaceCompatibilityMode
TaskAttribute	name	http://v8.1c.ru/8.3/MDClasses	Name	8.3.27	platform-property-md-Name
TaskAttribute	synonym	http://v8.1c.ru/8.3/MDClasses	Synonym	8.3.27	platform-property-md-Synonym
TaskAttribute	comment	http://v8.1c.ru/8.3/MDClasses	Comment	8.3.27	platform-property-md-Comment
TaskAttribute	objectBelonging	http://v8.1c.ru/8.3/MDClasses	ObjectBelonging	8.3.27	platform-property-md-ObjectBelonging
TaskAttribute	extendedConfigurationObject	http://v8.1c.ru/8.3/MDClasses	ExtendedConfigurationObject	8.3.27	platform-property-md-ExtendedConfigurationObject
TaskAttribute	type	http://v8.1c.ru/8.3/MDClasses	Type	8.3.27	platform-property-md-Type
TaskAttribute	passwordMode	http://v8.1c.ru/8.3/MDClasses	PasswordMode	8.3.27	platform-property-md-PasswordMode
TaskAttribute	format	http://v8.1c.ru/8.3/MDClasses	Format	8.3.27	platform-property-md-Format
TaskAttribute	editFormat	http://v8.1c.ru/8.3/MDClasses	EditFormat	8.3.27	platform-property-md-EditFormat
TaskAttribute	toolTip	http://v8.1c.ru/8.3/MDClasses	ToolTip	8.3.27	platform-property-md-ToolTip
TaskAttribute	markNegatives	http://v8.1c.ru/8.3/MDClasses	MarkNegatives	8.3.27	platform-property-md-MarkNegatives
TaskAttribute	mask	http://v8.1c.ru/8.3/MDClasses	Mask	8.3.27	platform-property-md-Mask
TaskAttribute	multiLine	http://v8.1c.ru/8.3/MDClasses	MultiLine	8.3.27	platform-property-md-MultiLine
TaskAttribute	extendedEdit	http://v8.1c.ru/8.3/MDClasses	ExtendedEdit	8.3.27	platform-property-md-ExtendedEdit
TaskAttribute	minValue	http://v8.1c.ru/8.3/MDClasses	MinValue	8.3.27	platform-property-md-MinValue
TaskAttribute	maxValue	http://v8.1c.ru/8.3/MDClasses	MaxValue	8.3.27	platform-property-md-MaxValue
TaskAttribute	fillFromFillingValue	http://v8.1c.ru/8.3/MDClasses	FillFromFillingValue	8.3.27	platform-property-md-FillFromFillingValue
TaskAttribute	fillValue	http://v8.1c.ru/8.3/MDClasses	FillValue	8.3.27	platform-property-md-FillValue
TaskAttribute	fillChecking	http://v8.1c.ru/8.3/MDClasses	FillChecking	8.3.27	platform-property-md-FillChecking
TaskAttribute	choiceFoldersAndItems	http://v8.1c.ru/8.3/MDClasses	ChoiceFoldersAndItems	8.3.27	platform-property-md-ChoiceFoldersAndItems
TaskAttribute	choiceParameterLinks	http://v8.1c.ru/8.3/MDClasses	ChoiceParameterLinks	8.3.27	platform-property-md-ChoiceParameterLinks
TaskAttribute	choiceParameters	http://v8.1c.ru/8.3/MDClasses	ChoiceParameters	8.3.27	platform-property-md-ChoiceParameters
TaskAttribute	quickChoice	http://v8.1c.ru/8.3/MDClasses	QuickChoice	8.3.27	platform-property-md-QuickChoice
TaskAttribute	createOnInput	http://v8.1c.ru/8.3/MDClasses	CreateOnInput	8.3.27	platform-property-md-CreateOnInput
TaskAttribute	choiceForm	http://v8.1c.ru/8.3/MDClasses	ChoiceForm	8.3.27	platform-property-md-ChoiceForm
TaskAttribute	linkByType	http://v8.1c.ru/8.3/MDClasses	LinkByType	8.3.27	platform-property-md-LinkByType
TaskAttribute	choiceHistoryOnInput	http://v8.1c.ru/8.3/MDClasses	ChoiceHistoryOnInput	8.3.27	platform-property-md-ChoiceHistoryOnInput
TaskAttribute	indexing	http://v8.1c.ru/8.3/MDClasses	Indexing	8.3.27	platform-property-md-Indexing
TaskAttribute	fullTextSearch	http://v8.1c.ru/8.3/MDClasses	FullTextSearch	8.3.27	platform-property-md-FullTextSearch
TaskAttribute	dataHistory	http://v8.1c.ru/8.3/MDClasses	DataHistory	8.3.27	platform-property-md-DataHistory
TaskAttribute	binaryDataStorageLocationUse	http://v8.1c.ru/8.3/MDClasses	BinaryDataStorageLocationUse	8.3.27	platform-property-md-BinaryDataStorageLocationUse
TaskAttribute	binaryDataStorageLocationUseField	http://v8.1c.ru/8.3/MDClasses	BinaryDataStorageLocationUseField	8.3.27	platform-property-md-BinaryDataStorageLocationUseField
TaskTabularSection	name	http://v8.1c.ru/8.3/MDClasses	Name	8.3.27	platform-property-md-Name
TaskTabularSection	synonym	http://v8.1c.ru/8.3/MDClasses	Synonym	8.3.27	platform-property-md-Synonym
TaskTabularSection	comment	http://v8.1c.ru/8.3/MDClasses	Comment	8.3.27	platform-property-md-Comment
TaskTabularSection	objectBelonging	http://v8.1c.ru/8.3/MDClasses	ObjectBelonging	8.3.27	platform-property-md-ObjectBelonging
TaskTabularSection	extendedConfigurationObject	http://v8.1c.ru/8.3/MDClasses	ExtendedConfigurationObject	8.3.27	platform-property-md-ExtendedConfigurationObject
TaskTabularSection	toolTip	http://v8.1c.ru/8.3/MDClasses	ToolTip	8.3.27	platform-property-md-ToolTip
TaskTabularSection	fillChecking	http://v8.1c.ru/8.3/MDClasses	FillChecking	8.3.27	platform-property-md-FillChecking
TaskTabularSection	standardAttributes	http://v8.1c.ru/8.3/MDClasses	StandardAttributes	8.3.27	platform-property-md-StandardAttributes
TaskTabularSection	lineNumberLength	http://v8.1c.ru/8.3/MDClasses	LineNumberLength	8.3.27	platform-property-md-LineNumberLength
AddressingAttribute	name	http://v8.1c.ru/8.3/MDClasses	Name	8.3.27	platform-property-md-Name
AddressingAttribute	synonym	http://v8.1c.ru/8.3/MDClasses	Synonym	8.3.27	platform-property-md-Synonym
AddressingAttribute	comment	http://v8.1c.ru/8.3/MDClasses	Comment	8.3.27	platform-property-md-Comment
AddressingAttribute	objectBelonging	http://v8.1c.ru/8.3/MDClasses	ObjectBelonging	8.3.27	platform-property-md-ObjectBelonging
AddressingAttribute	extendedConfigurationObject	http://v8.1c.ru/8.3/MDClasses	ExtendedConfigurationObject	8.3.27	platform-property-md-ExtendedConfigurationObject
AddressingAttribute	type	http://v8.1c.ru/8.3/MDClasses	Type	8.3.27	platform-property-md-Type
AddressingAttribute	passwordMode	http://v8.1c.ru/8.3/MDClasses	PasswordMode	8.3.27	platform-property-md-PasswordMode
AddressingAttribute	format	http://v8.1c.ru/8.3/MDClasses	Format	8.3.27	platform-property-md-Format
AddressingAttribute	editFormat	http://v8.1c.ru/8.3/MDClasses	EditFormat	8.3.27	platform-property-md-EditFormat
AddressingAttribute	toolTip	http://v8.1c.ru/8.3/MDClasses	ToolTip	8.3.27	platform-property-md-ToolTip
AddressingAttribute	markNegatives	http://v8.1c.ru/8.3/MDClasses	MarkNegatives	8.3.27	platform-property-md-MarkNegatives
AddressingAttribute	mask	http://v8.1c.ru/8.3/MDClasses	Mask	8.3.27	platform-property-md-Mask
AddressingAttribute	multiLine	http://v8.1c.ru/8.3/MDClasses	MultiLine	8.3.27	platform-property-md-MultiLine
AddressingAttribute	extendedEdit	http://v8.1c.ru/8.3/MDClasses	ExtendedEdit	8.3.27	platform-property-md-ExtendedEdit
AddressingAttribute	minValue	http://v8.1c.ru/8.3/MDClasses	MinValue	8.3.27	platform-property-md-MinValue
AddressingAttribute	maxValue	http://v8.1c.ru/8.3/MDClasses	MaxValue	8.3.27	platform-property-md-MaxValue
AddressingAttribute	fillFromFillingValue	http://v8.1c.ru/8.3/MDClasses	FillFromFillingValue	8.3.27	platform-property-md-FillFromFillingValue
AddressingAttribute	fillValue	http://v8.1c.ru/8.3/MDClasses	FillValue	8.3.27	platform-property-md-FillValue
AddressingAttribute	fillChecking	http://v8.1c.ru/8.3/MDClasses	FillChecking	8.3.27	platform-property-md-FillChecking
AddressingAttribute	choiceFoldersAndItems	http://v8.1c.ru/8.3/MDClasses	ChoiceFoldersAndItems	8.3.27	platform-property-md-ChoiceFoldersAndItems
AddressingAttribute	choiceParameterLinks	http://v8.1c.ru/8.3/MDClasses	ChoiceParameterLinks	8.3.27	platform-property-md-ChoiceParameterLinks
AddressingAttribute	choiceParameters	http://v8.1c.ru/8.3/MDClasses	ChoiceParameters	8.3.27	platform-property-md-ChoiceParameters
AddressingAttribute	quickChoice	http://v8.1c.ru/8.3/MDClasses	QuickChoice	8.3.27	platform-property-md-QuickChoice
AddressingAttribute	createOnInput	http://v8.1c.ru/8.3/MDClasses	CreateOnInput	8.3.27	platform-property-md-CreateOnInput
AddressingAttribute	choiceForm	http://v8.1c.ru/8.3/MDClasses	ChoiceForm	8.3.27	platform-property-md-ChoiceForm
AddressingAttribute	linkByType	http://v8.1c.ru/8.3/MDClasses	LinkByType	8.3.27	platform-property-md-LinkByType
AddressingAttribute	choiceHistoryOnInput	http://v8.1c.ru/8.3/MDClasses	ChoiceHistoryOnInput	8.3.27	platform-property-md-ChoiceHistoryOnInput
AddressingAttribute	indexing	http://v8.1c.ru/8.3/MDClasses	Indexing	8.3.27	platform-property-md-Indexing
AddressingAttribute	addressingDimension	http://v8.1c.ru/8.3/MDClasses	AddressingDimension	8.3.27	platform-property-md-AddressingDimension
AddressingAttribute	fullTextSearch	http://v8.1c.ru/8.3/MDClasses	FullTextSearch	8.3.27	platform-property-md-FullTextSearch
AddressingAttribute	dataHistory	http://v8.1c.ru/8.3/MDClasses	DataHistory	8.3.27	platform-property-md-DataHistory
ScheduledJob	name	http://v8.1c.ru/8.3/MDClasses	Name	8.3.27	platform-property-md-Name
ScheduledJob	synonym	http://v8.1c.ru/8.3/MDClasses	Synonym	8.3.27	platform-property-md-Synonym
ScheduledJob	comment	http://v8.1c.ru/8.3/MDClasses	Comment	8.3.27	platform-property-md-Comment
ScheduledJob	objectBelonging	http://v8.1c.ru/8.3/MDClasses	ObjectBelonging	8.3.27	platform-property-md-ObjectBelonging
ScheduledJob	extendedConfigurationObject	http://v8.1c.ru/8.3/MDClasses	ExtendedConfigurationObject	8.3.27	platform-property-md-ExtendedConfigurationObject
ScheduledJob	methodName	http://v8.1c.ru/8.3/MDClasses	MethodName	8.3.27	platform-property-md-MethodName
ScheduledJob	description	http://v8.1c.ru/8.3/MDClasses	Description	8.3.27	platform-property-md-Description
ScheduledJob	key	http://v8.1c.ru/8.3/MDClasses	Key	8.3.27	platform-property-md-Key
ScheduledJob	use	http://v8.1c.ru/8.3/MDClasses	Use	8.3.27	platform-property-md-Use
ScheduledJob	predefined	http://v8.1c.ru/8.3/MDClasses	Predefined	8.3.27	platform-property-md-Predefined
ScheduledJob	restartCountOnFailure	http://v8.1c.ru/8.3/MDClasses	RestartCountOnFailure	8.3.27	platform-property-md-RestartCountOnFailure
ScheduledJob	restartIntervalOnFailure	http://v8.1c.ru/8.3/MDClasses	RestartIntervalOnFailure	8.3.27	platform-property-md-RestartIntervalOnFailure
FunctionalOptionsParameter	name	http://v8.1c.ru/8.3/MDClasses	Name	8.3.27	platform-property-md-Name
FunctionalOptionsParameter	synonym	http://v8.1c.ru/8.3/MDClasses	Synonym	8.3.27	platform-property-md-Synonym
FunctionalOptionsParameter	comment	http://v8.1c.ru/8.3/MDClasses	Comment	8.3.27	platform-property-md-Comment
FunctionalOptionsParameter	objectBelonging	http://v8.1c.ru/8.3/MDClasses	ObjectBelonging	8.3.27	platform-property-md-ObjectBelonging
FunctionalOptionsParameter	extendedConfigurationObject	http://v8.1c.ru/8.3/MDClasses	ExtendedConfigurationObject	8.3.27	platform-property-md-ExtendedConfigurationObject
FunctionalOptionsParameter	use	http://v8.1c.ru/8.3/MDClasses	Use	8.3.27	platform-property-md-Use
FilterCriterion	name	http://v8.1c.ru/8.3/MDClasses	Name	8.3.27	platform-property-md-Name
FilterCriterion	synonym	http://v8.1c.ru/8.3/MDClasses	Synonym	8.3.27	platform-property-md-Synonym
FilterCriterion	comment	http://v8.1c.ru/8.3/MDClasses	Comment	8.3.27	platform-property-md-Comment
FilterCriterion	objectBelonging	http://v8.1c.ru/8.3/MDClasses	ObjectBelonging	8.3.27	platform-property-md-ObjectBelonging
FilterCriterion	extendedConfigurationObject	http://v8.1c.ru/8.3/MDClasses	ExtendedConfigurationObject	8.3.27	platform-property-md-ExtendedConfigurationObject
FilterCriterion	type	http://v8.1c.ru/8.3/MDClasses	Type	8.3.27	platform-property-md-Type
FilterCriterion	useStandardCommands	http://v8.1c.ru/8.3/MDClasses	UseStandardCommands	8.3.27	platform-property-md-UseStandardCommands
FilterCriterion	content	http://v8.1c.ru/8.3/MDClasses	Content	8.3.27	platform-property-md-Content
FilterCriterion	defaultForm	http://v8.1c.ru/8.3/MDClasses	DefaultForm	8.3.27	platform-property-md-DefaultForm
FilterCriterion	auxiliaryForm	http://v8.1c.ru/8.3/MDClasses	AuxiliaryForm	8.3.27	platform-property-md-AuxiliaryForm
FilterCriterion	listPresentation	http://v8.1c.ru/8.3/MDClasses	ListPresentation	8.3.27	platform-property-md-ListPresentation
FilterCriterion	extendedListPresentation	http://v8.1c.ru/8.3/MDClasses	ExtendedListPresentation	8.3.27	platform-property-md-ExtendedListPresentation
FilterCriterion	explanation	http://v8.1c.ru/8.3/MDClasses	Explanation	8.3.27	platform-property-md-Explanation
FilterCriterionCommand	name	http://v8.1c.ru/8.3/MDClasses	Name	8.3.27	platform-property-md-Name
FilterCriterionCommand	synonym	http://v8.1c.ru/8.3/MDClasses	Synonym	8.3.27	platform-property-md-Synonym
FilterCriterionCommand	comment	http://v8.1c.ru/8.3/MDClasses	Comment	8.3.27	platform-property-md-Comment
FilterCriterionCommand	objectBelonging	http://v8.1c.ru/8.3/MDClasses	ObjectBelonging	8.3.27	platform-property-md-ObjectBelonging
FilterCriterionCommand	extendedConfigurationObject	http://v8.1c.ru/8.3/MDClasses	ExtendedConfigurationObject	8.3.27	platform-property-md-ExtendedConfigurationObject
FilterCriterionCommand	group	http://v8.1c.ru/8.3/MDClasses	Group	8.3.27	platform-property-md-Group
FilterCriterionCommand	commandParameterType	http://v8.1c.ru/8.3/MDClasses	CommandParameterType	8.3.27	platform-property-md-CommandParameterType
FilterCriterionCommand	parameterUseMode	http://v8.1c.ru/8.3/MDClasses	ParameterUseMode	8.3.27	platform-property-md-ParameterUseMode
FilterCriterionCommand	modifiesData	http://v8.1c.ru/8.3/MDClasses	ModifiesData	8.3.27	platform-property-md-ModifiesData
FilterCriterionCommand	representation	http://v8.1c.ru/8.3/MDClasses	Representation	8.3.27	platform-property-md-Representation
FilterCriterionCommand	toolTip	http://v8.1c.ru/8.3/MDClasses	ToolTip	8.3.27	platform-property-md-ToolTip
FilterCriterionCommand	picture	http://v8.1c.ru/8.3/MDClasses	Picture	8.3.27	platform-property-md-Picture
FilterCriterionCommand	shortcut	http://v8.1c.ru/8.3/MDClasses	Shortcut	8.3.27	platform-property-md-Shortcut
FilterCriterionCommand	onMainServerUnavalableBehavior	http://v8.1c.ru/8.3/MDClasses	OnMainServerUnavalableBehavior	8.3.27	platform-property-md-OnMainServerUnavalableBehavior
FilterCriterionForm	name	http://v8.1c.ru/8.3/MDClasses	Name	8.3.27	platform-property-md-Name
FilterCriterionForm	synonym	http://v8.1c.ru/8.3/MDClasses	Synonym	8.3.27	platform-property-md-Synonym
FilterCriterionForm	comment	http://v8.1c.ru/8.3/MDClasses	Comment	8.3.27	platform-property-md-Comment
FilterCriterionForm	objectBelonging	http://v8.1c.ru/8.3/MDClasses	ObjectBelonging	8.3.27	platform-property-md-ObjectBelonging
FilterCriterionForm	extendedConfigurationObject	http://v8.1c.ru/8.3/MDClasses	ExtendedConfigurationObject	8.3.27	platform-property-md-ExtendedConfigurationObject
FilterCriterionForm	formType	http://v8.1c.ru/8.3/MDClasses	FormType	8.3.27	platform-property-md-FormType
FilterCriterionForm	includeHelpInContents	http://v8.1c.ru/8.3/MDClasses	IncludeHelpInContents	8.3.27	platform-property-md-IncludeHelpInContents
FilterCriterionForm	help	http://v8.1c.ru/8.3/MDClasses	Help	8.3.27	platform-property-md-Help
FilterCriterionForm	usePurposes	http://v8.1c.ru/8.3/MDClasses	UsePurposes	8.3.27	platform-property-md-UsePurposes
FilterCriterionForm	useInInterfaceCompatibilityMode	http://v8.1c.ru/8.3/MDClasses	UseInInterfaceCompatibilityMode	8.5.1	platform-property-md-UseInInterfaceCompatibilityMode
SettingsStorage	name	http://v8.1c.ru/8.3/MDClasses	Name	8.3.27	platform-property-md-Name
SettingsStorage	synonym	http://v8.1c.ru/8.3/MDClasses	Synonym	8.3.27	platform-property-md-Synonym
SettingsStorage	comment	http://v8.1c.ru/8.3/MDClasses	Comment	8.3.27	platform-property-md-Comment
SettingsStorage	objectBelonging	http://v8.1c.ru/8.3/MDClasses	ObjectBelonging	8.3.27	platform-property-md-ObjectBelonging
SettingsStorage	extendedConfigurationObject	http://v8.1c.ru/8.3/MDClasses	ExtendedConfigurationObject	8.3.27	platform-property-md-ExtendedConfigurationObject
SettingsStorage	defaultSaveForm	http://v8.1c.ru/8.3/MDClasses	DefaultSaveForm	8.3.27	platform-property-md-DefaultSaveForm
SettingsStorage	defaultLoadForm	http://v8.1c.ru/8.3/MDClasses	DefaultLoadForm	8.3.27	platform-property-md-DefaultLoadForm
SettingsStorage	auxiliarySaveForm	http://v8.1c.ru/8.3/MDClasses	AuxiliarySaveForm	8.3.27	platform-property-md-AuxiliarySaveForm
SettingsStorage	auxiliaryLoadForm	http://v8.1c.ru/8.3/MDClasses	AuxiliaryLoadForm	8.3.27	platform-property-md-AuxiliaryLoadForm
SettingsStorageForm	name	http://v8.1c.ru/8.3/MDClasses	Name	8.3.27	platform-property-md-Name
SettingsStorageForm	synonym	http://v8.1c.ru/8.3/MDClasses	Synonym	8.3.27	platform-property-md-Synonym
SettingsStorageForm	comment	http://v8.1c.ru/8.3/MDClasses	Comment	8.3.27	platform-property-md-Comment
SettingsStorageForm	objectBelonging	http://v8.1c.ru/8.3/MDClasses	ObjectBelonging	8.3.27	platform-property-md-ObjectBelonging
SettingsStorageForm	extendedConfigurationObject	http://v8.1c.ru/8.3/MDClasses	ExtendedConfigurationObject	8.3.27	platform-property-md-ExtendedConfigurationObject
SettingsStorageForm	formType	http://v8.1c.ru/8.3/MDClasses	FormType	8.3.27	platform-property-md-FormType
SettingsStorageForm	includeHelpInContents	http://v8.1c.ru/8.3/MDClasses	IncludeHelpInContents	8.3.27	platform-property-md-IncludeHelpInContents
SettingsStorageForm	help	http://v8.1c.ru/8.3/MDClasses	Help	8.3.27	platform-property-md-Help
SettingsStorageForm	usePurposes	http://v8.1c.ru/8.3/MDClasses	UsePurposes	8.3.27	platform-property-md-UsePurposes
SettingsStorageForm	useInInterfaceCompatibilityMode	http://v8.1c.ru/8.3/MDClasses	UseInInterfaceCompatibilityMode	8.5.1	platform-property-md-UseInInterfaceCompatibilityMode
XDTOPackage	name	http://v8.1c.ru/8.3/MDClasses	Name	8.3.27	platform-property-md-Name
XDTOPackage	synonym	http://v8.1c.ru/8.3/MDClasses	Synonym	8.3.27	platform-property-md-Synonym
XDTOPackage	comment	http://v8.1c.ru/8.3/MDClasses	Comment	8.3.27	platform-property-md-Comment
XDTOPackage	objectBelonging	http://v8.1c.ru/8.3/MDClasses	ObjectBelonging	8.3.27	platform-property-md-ObjectBelonging
XDTOPackage	extendedConfigurationObject	http://v8.1c.ru/8.3/MDClasses	ExtendedConfigurationObject	8.3.27	platform-property-md-ExtendedConfigurationObject
XDTOPackage	namespace	http://v8.1c.ru/8.3/MDClasses	Namespace	8.3.27	platform-property-md-Namespace
WebService	name	http://v8.1c.ru/8.3/MDClasses	Name	8.3.27	platform-property-md-Name
WebService	synonym	http://v8.1c.ru/8.3/MDClasses	Synonym	8.3.27	platform-property-md-Synonym
WebService	comment	http://v8.1c.ru/8.3/MDClasses	Comment	8.3.27	platform-property-md-Comment
WebService	objectBelonging	http://v8.1c.ru/8.3/MDClasses	ObjectBelonging	8.3.27	platform-property-md-ObjectBelonging
WebService	extendedConfigurationObject	http://v8.1c.ru/8.3/MDClasses	ExtendedConfigurationObject	8.3.27	platform-property-md-ExtendedConfigurationObject
WebService	namespace	http://v8.1c.ru/8.3/MDClasses	Namespace	8.3.27	platform-property-md-Namespace
WebService	xdtoPackages	http://v8.1c.ru/8.3/MDClasses	XDTOPackages	8.3.27	platform-property-md-XDTOPackages
WebService	descriptorFileName	http://v8.1c.ru/8.3/MDClasses	DescriptorFileName	8.3.27	platform-property-md-DescriptorFileName
WebService	reuseSessions	http://v8.1c.ru/8.3/MDClasses	ReuseSessions	8.3.27	platform-property-md-ReuseSessions
WebService	sessionMaxAge	http://v8.1c.ru/8.3/MDClasses	SessionMaxAge	8.3.27	platform-property-md-SessionMaxAge
Operation	name	http://v8.1c.ru/8.3/MDClasses	Name	8.3.27	platform-property-md-Name
Operation	synonym	http://v8.1c.ru/8.3/MDClasses	Synonym	8.3.27	platform-property-md-Synonym
Operation	comment	http://v8.1c.ru/8.3/MDClasses	Comment	8.3.27	platform-property-md-Comment
Operation	objectBelonging	http://v8.1c.ru/8.3/MDClasses	ObjectBelonging	8.3.27	platform-property-md-ObjectBelonging
Operation	extendedConfigurationObject	http://v8.1c.ru/8.3/MDClasses	ExtendedConfigurationObject	8.3.27	platform-property-md-ExtendedConfigurationObject
Operation	xdtoReturningValueType	http://v8.1c.ru/8.3/MDClasses	XDTOReturningValueType	8.3.27	platform-property-md-XDTOReturningValueType
Operation	nillable	http://v8.1c.ru/8.3/MDClasses	Nillable	8.3.27	platform-property-md-Nillable
Operation	transactioned	http://v8.1c.ru/8.3/MDClasses	Transactioned	8.3.27	platform-property-md-Transactioned
Operation	procedureName	http://v8.1c.ru/8.3/MDClasses	ProcedureName	8.3.27	platform-property-md-ProcedureName
Operation	dataLockControlMode	http://v8.1c.ru/8.3/MDClasses	DataLockControlMode	8.3.27	platform-property-md-DataLockControlMode
Parameter	name	http://v8.1c.ru/8.3/MDClasses	Name	8.3.27	platform-property-md-Name
Parameter	synonym	http://v8.1c.ru/8.3/MDClasses	Synonym	8.3.27	platform-property-md-Synonym
Parameter	comment	http://v8.1c.ru/8.3/MDClasses	Comment	8.3.27	platform-property-md-Comment
Parameter	objectBelonging	http://v8.1c.ru/8.3/MDClasses	ObjectBelonging	8.3.27	platform-property-md-ObjectBelonging
Parameter	extendedConfigurationObject	http://v8.1c.ru/8.3/MDClasses	ExtendedConfigurationObject	8.3.27	platform-property-md-ExtendedConfigurationObject
Parameter	xdtoValueType	http://v8.1c.ru/8.3/MDClasses	XDTOValueType	8.3.27	platform-property-md-XDTOValueType
Parameter	nillable	http://v8.1c.ru/8.3/MDClasses	Nillable	8.3.27	platform-property-md-Nillable
Parameter	transferDirection	http://v8.1c.ru/8.3/MDClasses	TransferDirection	8.3.27	platform-property-md-TransferDirection
HTTPService	name	http://v8.1c.ru/8.3/MDClasses	Name	8.3.27	platform-property-md-Name
HTTPService	synonym	http://v8.1c.ru/8.3/MDClasses	Synonym	8.3.27	platform-property-md-Synonym
HTTPService	comment	http://v8.1c.ru/8.3/MDClasses	Comment	8.3.27	platform-property-md-Comment
HTTPService	objectBelonging	http://v8.1c.ru/8.3/MDClasses	ObjectBelonging	8.3.27	platform-property-md-ObjectBelonging
HTTPService	extendedConfigurationObject	http://v8.1c.ru/8.3/MDClasses	ExtendedConfigurationObject	8.3.27	platform-property-md-ExtendedConfigurationObject
HTTPService	rootURL	http://v8.1c.ru/8.3/MDClasses	RootURL	8.3.27	platform-property-md-RootURL
HTTPService	reuseSessions	http://v8.1c.ru/8.3/MDClasses	ReuseSessions	8.3.27	platform-property-md-ReuseSessions
HTTPService	sessionMaxAge	http://v8.1c.ru/8.3/MDClasses	SessionMaxAge	8.3.27	platform-property-md-SessionMaxAge
URLTemplate	name	http://v8.1c.ru/8.3/MDClasses	Name	8.3.27	platform-property-md-Name
URLTemplate	synonym	http://v8.1c.ru/8.3/MDClasses	Synonym	8.3.27	platform-property-md-Synonym
URLTemplate	comment	http://v8.1c.ru/8.3/MDClasses	Comment	8.3.27	platform-property-md-Comment
URLTemplate	objectBelonging	http://v8.1c.ru/8.3/MDClasses	ObjectBelonging	8.3.27	platform-property-md-ObjectBelonging
URLTemplate	extendedConfigurationObject	http://v8.1c.ru/8.3/MDClasses	ExtendedConfigurationObject	8.3.27	platform-property-md-ExtendedConfigurationObject
URLTemplate	template	http://v8.1c.ru/8.3/MDClasses	Template	8.3.27	platform-property-md-Template
Method	name	http://v8.1c.ru/8.3/MDClasses	Name	8.3.27	platform-property-md-Name
Method	synonym	http://v8.1c.ru/8.3/MDClasses	Synonym	8.3.27	platform-property-md-Synonym
Method	comment	http://v8.1c.ru/8.3/MDClasses	Comment	8.3.27	platform-property-md-Comment
Method	objectBelonging	http://v8.1c.ru/8.3/MDClasses	ObjectBelonging	8.3.27	platform-property-md-ObjectBelonging
Method	extendedConfigurationObject	http://v8.1c.ru/8.3/MDClasses	ExtendedConfigurationObject	8.3.27	platform-property-md-ExtendedConfigurationObject
Method	httpMethod	http://v8.1c.ru/8.3/MDClasses	HTTPMethod	8.3.27	platform-property-md-HTTPMethod
Method	handler	http://v8.1c.ru/8.3/MDClasses	Handler	8.3.27	platform-property-md-Handler
ExternalDataSource	name	http://v8.1c.ru/8.3/MDClasses	Name	8.3.27	platform-property-md-Name
ExternalDataSource	synonym	http://v8.1c.ru/8.3/MDClasses	Synonym	8.3.27	platform-property-md-Synonym
ExternalDataSource	comment	http://v8.1c.ru/8.3/MDClasses	Comment	8.3.27	platform-property-md-Comment
ExternalDataSource	objectBelonging	http://v8.1c.ru/8.3/MDClasses	ObjectBelonging	8.3.27	platform-property-md-ObjectBelonging
ExternalDataSource	extendedConfigurationObject	http://v8.1c.ru/8.3/MDClasses	ExtendedConfigurationObject	8.3.27	platform-property-md-ExtendedConfigurationObject
ExternalDataSource	dataLockControlMode	http://v8.1c.ru/8.3/MDClasses	DataLockControlMode	8.3.27	platform-property-md-DataLockControlMode
Table	name	http://v8.1c.ru/8.3/MDClasses	Name	8.3.27	platform-property-md-Name
Table	synonym	http://v8.1c.ru/8.3/MDClasses	Synonym	8.3.27	platform-property-md-Synonym
Table	comment	http://v8.1c.ru/8.3/MDClasses	Comment	8.3.27	platform-property-md-Comment
Table	objectBelonging	http://v8.1c.ru/8.3/MDClasses	ObjectBelonging	8.3.27	platform-property-md-ObjectBelonging
Table	extendedConfigurationObject	http://v8.1c.ru/8.3/MDClasses	ExtendedConfigurationObject	8.3.27	platform-property-md-ExtendedConfigurationObject
Table	tableType	http://v8.1c.ru/8.3/MDClasses	TableType	8.3.27	platform-property-md-TableType
Table	nameInDataSource	http://v8.1c.ru/8.3/MDClasses	NameInDataSource	8.3.27	platform-property-md-NameInDataSource
Table	expressionInDataSource	http://v8.1c.ru/8.3/MDClasses	ExpressionInDataSource	8.3.27	platform-property-md-ExpressionInDataSource
Table	tableDataType	http://v8.1c.ru/8.3/MDClasses	TableDataType	8.3.27	platform-property-md-TableDataType
Table	keyFields	http://v8.1c.ru/8.3/MDClasses	KeyFields	8.3.27	platform-property-md-KeyFields
Table	presentationField	http://v8.1c.ru/8.3/MDClasses	PresentationField	8.3.27	platform-property-md-PresentationField
Table	parentField	http://v8.1c.ru/8.3/MDClasses	ParentField	8.3.27	platform-property-md-ParentField
Table	unfilledParentValue	http://v8.1c.ru/8.3/MDClasses	UnfilledParentValue	8.3.27	platform-property-md-UnfilledParentValue
Table	characteristics	http://v8.1c.ru/8.3/MDClasses	Characteristics	8.3.27	platform-property-md-Characteristics
Table	useStandardCommands	http://v8.1c.ru/8.3/MDClasses	UseStandardCommands	8.3.27	platform-property-md-UseStandardCommands
Table	quickChoice	http://v8.1c.ru/8.3/MDClasses	QuickChoice	8.3.27	platform-property-md-QuickChoice
Table	inputByString	http://v8.1c.ru/8.3/MDClasses	InputByString	8.3.27	platform-property-md-InputByString
Table	createOnInput	http://v8.1c.ru/8.3/MDClasses	CreateOnInput	8.3.27	platform-property-md-CreateOnInput
Table	searchStringModeOnInputByString	http://v8.1c.ru/8.3/MDClasses	SearchStringModeOnInputByString	8.3.27	platform-property-md-SearchStringModeOnInputByString
Table	choiceHistoryOnInput	http://v8.1c.ru/8.3/MDClasses	ChoiceHistoryOnInput	8.3.27	platform-property-md-ChoiceHistoryOnInput
Table	defaultObjectForm	http://v8.1c.ru/8.3/MDClasses	DefaultObjectForm	8.3.27	platform-property-md-DefaultObjectForm
Table	defaultRecordForm	http://v8.1c.ru/8.3/MDClasses	DefaultRecordForm	8.3.27	platform-property-md-DefaultRecordForm
Table	defaultListForm	http://v8.1c.ru/8.3/MDClasses	DefaultListForm	8.3.27	platform-property-md-DefaultListForm
Table	defaultChoiceForm	http://v8.1c.ru/8.3/MDClasses	DefaultChoiceForm	8.3.27	platform-property-md-DefaultChoiceForm
Table	objectPresentation	http://v8.1c.ru/8.3/MDClasses	ObjectPresentation	8.3.27	platform-property-md-ObjectPresentation
Table	extendedObjectPresentation	http://v8.1c.ru/8.3/MDClasses	ExtendedObjectPresentation	8.3.27	platform-property-md-ExtendedObjectPresentation
Table	recordPresentation	http://v8.1c.ru/8.3/MDClasses	RecordPresentation	8.3.27	platform-property-md-RecordPresentation
Table	extendedRecordPresentation	http://v8.1c.ru/8.3/MDClasses	ExtendedRecordPresentation	8.3.27	platform-property-md-ExtendedRecordPresentation
Table	listPresentation	http://v8.1c.ru/8.3/MDClasses	ListPresentation	8.3.27	platform-property-md-ListPresentation
Table	extendedListPresentation	http://v8.1c.ru/8.3/MDClasses	ExtendedListPresentation	8.3.27	platform-property-md-ExtendedListPresentation
Table	explanation	http://v8.1c.ru/8.3/MDClasses	Explanation	8.3.27	platform-property-md-Explanation
Table	includeHelpInContents	http://v8.1c.ru/8.3/MDClasses	IncludeHelpInContents	8.3.27	platform-property-md-IncludeHelpInContents
Table	help	http://v8.1c.ru/8.3/MDClasses	Help	8.3.27	platform-property-md-Help
Table	readOnly	http://v8.1c.ru/8.3/MDClasses	ReadOnly	8.3.27	platform-property-md-ReadOnly
Table	transactionsIsolationLevel	http://v8.1c.ru/8.3/MDClasses	TransactionsIsolationLevel	8.3.27	platform-property-md-TransactionsIsolationLevel
Table	dataVersionField	http://v8.1c.ru/8.3/MDClasses	DataVersionField	8.3.27	platform-property-md-DataVersionField
Table	editType	http://v8.1c.ru/8.3/MDClasses	EditType	8.3.27	platform-property-md-EditType
Table	basedOn	http://v8.1c.ru/8.3/MDClasses	BasedOn	8.3.27	platform-property-md-BasedOn
Table	dataLockFields	http://v8.1c.ru/8.3/MDClasses	DataLockFields	8.3.27	platform-property-md-DataLockFields
Table	dataLockControlMode	http://v8.1c.ru/8.3/MDClasses	DataLockControlMode	8.3.27	platform-property-md-DataLockControlMode
TableForm	name	http://v8.1c.ru/8.3/MDClasses	Name	8.3.27	platform-property-md-Name
TableForm	synonym	http://v8.1c.ru/8.3/MDClasses	Synonym	8.3.27	platform-property-md-Synonym
TableForm	comment	http://v8.1c.ru/8.3/MDClasses	Comment	8.3.27	platform-property-md-Comment
TableForm	objectBelonging	http://v8.1c.ru/8.3/MDClasses	ObjectBelonging	8.3.27	platform-property-md-ObjectBelonging
TableForm	extendedConfigurationObject	http://v8.1c.ru/8.3/MDClasses	ExtendedConfigurationObject	8.3.27	platform-property-md-ExtendedConfigurationObject
TableForm	formType	http://v8.1c.ru/8.3/MDClasses	FormType	8.3.27	platform-property-md-FormType
TableForm	includeHelpInContents	http://v8.1c.ru/8.3/MDClasses	IncludeHelpInContents	8.3.27	platform-property-md-IncludeHelpInContents
TableForm	help	http://v8.1c.ru/8.3/MDClasses	Help	8.3.27	platform-property-md-Help
TableForm	usePurposes	http://v8.1c.ru/8.3/MDClasses	UsePurposes	8.3.27	platform-property-md-UsePurposes
TableForm	useInInterfaceCompatibilityMode	http://v8.1c.ru/8.3/MDClasses	UseInInterfaceCompatibilityMode	8.5.1	platform-property-md-UseInInterfaceCompatibilityMode
TableCommand	name	http://v8.1c.ru/8.3/MDClasses	Name	8.3.27	platform-property-md-Name
TableCommand	synonym	http://v8.1c.ru/8.3/MDClasses	Synonym	8.3.27	platform-property-md-Synonym
TableCommand	comment	http://v8.1c.ru/8.3/MDClasses	Comment	8.3.27	platform-property-md-Comment
TableCommand	objectBelonging	http://v8.1c.ru/8.3/MDClasses	ObjectBelonging	8.3.27	platform-property-md-ObjectBelonging
TableCommand	extendedConfigurationObject	http://v8.1c.ru/8.3/MDClasses	ExtendedConfigurationObject	8.3.27	platform-property-md-ExtendedConfigurationObject
TableCommand	group	http://v8.1c.ru/8.3/MDClasses	Group	8.3.27	platform-property-md-Group
TableCommand	commandParameterType	http://v8.1c.ru/8.3/MDClasses	CommandParameterType	8.3.27	platform-property-md-CommandParameterType
TableCommand	parameterUseMode	http://v8.1c.ru/8.3/MDClasses	ParameterUseMode	8.3.27	platform-property-md-ParameterUseMode
TableCommand	modifiesData	http://v8.1c.ru/8.3/MDClasses	ModifiesData	8.3.27	platform-property-md-ModifiesData
TableCommand	representation	http://v8.1c.ru/8.3/MDClasses	Representation	8.3.27	platform-property-md-Representation
TableCommand	toolTip	http://v8.1c.ru/8.3/MDClasses	ToolTip	8.3.27	platform-property-md-ToolTip
TableCommand	picture	http://v8.1c.ru/8.3/MDClasses	Picture	8.3.27	platform-property-md-Picture
TableCommand	shortcut	http://v8.1c.ru/8.3/MDClasses	Shortcut	8.3.27	platform-property-md-Shortcut
TableCommand	onMainServerUnavalableBehavior	http://v8.1c.ru/8.3/MDClasses	OnMainServerUnavalableBehavior	8.3.27	platform-property-md-OnMainServerUnavalableBehavior
Field	name	http://v8.1c.ru/8.3/MDClasses	Name	8.3.27	platform-property-md-Name
Field	synonym	http://v8.1c.ru/8.3/MDClasses	Synonym	8.3.27	platform-property-md-Synonym
Field	comment	http://v8.1c.ru/8.3/MDClasses	Comment	8.3.27	platform-property-md-Comment
Field	objectBelonging	http://v8.1c.ru/8.3/MDClasses	ObjectBelonging	8.3.27	platform-property-md-ObjectBelonging
Field	extendedConfigurationObject	http://v8.1c.ru/8.3/MDClasses	ExtendedConfigurationObject	8.3.27	platform-property-md-ExtendedConfigurationObject
Field	type	http://v8.1c.ru/8.3/MDClasses	Type	8.3.27	platform-property-md-Type
Field	passwordMode	http://v8.1c.ru/8.3/MDClasses	PasswordMode	8.3.27	platform-property-md-PasswordMode
Field	format	http://v8.1c.ru/8.3/MDClasses	Format	8.3.27	platform-property-md-Format
Field	editFormat	http://v8.1c.ru/8.3/MDClasses	EditFormat	8.3.27	platform-property-md-EditFormat
Field	toolTip	http://v8.1c.ru/8.3/MDClasses	ToolTip	8.3.27	platform-property-md-ToolTip
Field	markNegatives	http://v8.1c.ru/8.3/MDClasses	MarkNegatives	8.3.27	platform-property-md-MarkNegatives
Field	mask	http://v8.1c.ru/8.3/MDClasses	Mask	8.3.27	platform-property-md-Mask
Field	multiLine	http://v8.1c.ru/8.3/MDClasses	MultiLine	8.3.27	platform-property-md-MultiLine
Field	extendedEdit	http://v8.1c.ru/8.3/MDClasses	ExtendedEdit	8.3.27	platform-property-md-ExtendedEdit
Field	minValue	http://v8.1c.ru/8.3/MDClasses	MinValue	8.3.27	platform-property-md-MinValue
Field	maxValue	http://v8.1c.ru/8.3/MDClasses	MaxValue	8.3.27	platform-property-md-MaxValue
Field	fillFromFillingValue	http://v8.1c.ru/8.3/MDClasses	FillFromFillingValue	8.3.27	platform-property-md-FillFromFillingValue
Field	fillValue	http://v8.1c.ru/8.3/MDClasses	FillValue	8.3.27	platform-property-md-FillValue
Field	fillChecking	http://v8.1c.ru/8.3/MDClasses	FillChecking	8.3.27	platform-property-md-FillChecking
Field	choiceParameterLinks	http://v8.1c.ru/8.3/MDClasses	ChoiceParameterLinks	8.3.27	platform-property-md-ChoiceParameterLinks
Field	choiceParameters	http://v8.1c.ru/8.3/MDClasses	ChoiceParameters	8.3.27	platform-property-md-ChoiceParameters
Field	quickChoice	http://v8.1c.ru/8.3/MDClasses	QuickChoice	8.3.27	platform-property-md-QuickChoice
Field	createOnInput	http://v8.1c.ru/8.3/MDClasses	CreateOnInput	8.3.27	platform-property-md-CreateOnInput
Field	choiceHistoryOnInput	http://v8.1c.ru/8.3/MDClasses	ChoiceHistoryOnInput	8.3.27	platform-property-md-ChoiceHistoryOnInput
Field	choiceForm	http://v8.1c.ru/8.3/MDClasses	ChoiceForm	8.3.27	platform-property-md-ChoiceForm
Field	nameInDataSource	http://v8.1c.ru/8.3/MDClasses	NameInDataSource	8.3.27	platform-property-md-NameInDataSource
Field	readOnly	http://v8.1c.ru/8.3/MDClasses	ReadOnly	8.3.27	platform-property-md-ReadOnly
Field	allowNull	http://v8.1c.ru/8.3/MDClasses	AllowNull	8.3.27	platform-property-md-AllowNull
Cube	name	http://v8.1c.ru/8.3/MDClasses	Name	8.3.27	platform-property-md-Name
Cube	synonym	http://v8.1c.ru/8.3/MDClasses	Synonym	8.3.27	platform-property-md-Synonym
Cube	comment	http://v8.1c.ru/8.3/MDClasses	Comment	8.3.27	platform-property-md-Comment
Cube	objectBelonging	http://v8.1c.ru/8.3/MDClasses	ObjectBelonging	8.3.27	platform-property-md-ObjectBelonging
Cube	extendedConfigurationObject	http://v8.1c.ru/8.3/MDClasses	ExtendedConfigurationObject	8.3.27	platform-property-md-ExtendedConfigurationObject
Cube	nameInDataSource	http://v8.1c.ru/8.3/MDClasses	NameInDataSource	8.3.27	platform-property-md-NameInDataSource
Cube	characteristics	http://v8.1c.ru/8.3/MDClasses	Characteristics	8.3.27	platform-property-md-Characteristics
Cube	useStandardCommands	http://v8.1c.ru/8.3/MDClasses	UseStandardCommands	8.3.27	platform-property-md-UseStandardCommands
Cube	defaultRecordForm	http://v8.1c.ru/8.3/MDClasses	DefaultRecordForm	8.3.27	platform-property-md-DefaultRecordForm
Cube	defaultListForm	http://v8.1c.ru/8.3/MDClasses	DefaultListForm	8.3.27	platform-property-md-DefaultListForm
Cube	recordPresentation	http://v8.1c.ru/8.3/MDClasses	RecordPresentation	8.3.27	platform-property-md-RecordPresentation
Cube	extendedRecordPresentation	http://v8.1c.ru/8.3/MDClasses	ExtendedRecordPresentation	8.3.27	platform-property-md-ExtendedRecordPresentation
Cube	listPresentation	http://v8.1c.ru/8.3/MDClasses	ListPresentation	8.3.27	platform-property-md-ListPresentation
Cube	extendedListPresentation	http://v8.1c.ru/8.3/MDClasses	ExtendedListPresentation	8.3.27	platform-property-md-ExtendedListPresentation
Cube	explanation	http://v8.1c.ru/8.3/MDClasses	Explanation	8.3.27	platform-property-md-Explanation
Cube	includeHelpInContents	http://v8.1c.ru/8.3/MDClasses	IncludeHelpInContents	8.3.27	platform-property-md-IncludeHelpInContents
Cube	help	http://v8.1c.ru/8.3/MDClasses	Help	8.3.27	platform-property-md-Help
DimensionTable	name	http://v8.1c.ru/8.3/MDClasses	Name	8.3.27	platform-property-md-Name
DimensionTable	synonym	http://v8.1c.ru/8.3/MDClasses	Synonym	8.3.27	platform-property-md-Synonym
DimensionTable	comment	http://v8.1c.ru/8.3/MDClasses	Comment	8.3.27	platform-property-md-Comment
DimensionTable	objectBelonging	http://v8.1c.ru/8.3/MDClasses	ObjectBelonging	8.3.27	platform-property-md-ObjectBelonging
DimensionTable	extendedConfigurationObject	http://v8.1c.ru/8.3/MDClasses	ExtendedConfigurationObject	8.3.27	platform-property-md-ExtendedConfigurationObject
DimensionTable	nameInDataSource	http://v8.1c.ru/8.3/MDClasses	NameInDataSource	8.3.27	platform-property-md-NameInDataSource
DimensionTable	presentationField	http://v8.1c.ru/8.3/MDClasses	PresentationField	8.3.27	platform-property-md-PresentationField
DimensionTable	hierarchyNameInDataSource	http://v8.1c.ru/8.3/MDClasses	HierarchyNameInDataSource	8.3.27	platform-property-md-HierarchyNameInDataSource
DimensionTable	levelNumber	http://v8.1c.ru/8.3/MDClasses	LevelNumber	8.3.27	platform-property-md-LevelNumber
DimensionTable	hierarchical	http://v8.1c.ru/8.3/MDClasses	Hierarchical	8.3.27	platform-property-md-Hierarchical
DimensionTable	unfilledParentValue	http://v8.1c.ru/8.3/MDClasses	UnfilledParentValue	8.3.27	platform-property-md-UnfilledParentValue
DimensionTable	useStandardCommands	http://v8.1c.ru/8.3/MDClasses	UseStandardCommands	8.3.27	platform-property-md-UseStandardCommands
DimensionTable	quickChoice	http://v8.1c.ru/8.3/MDClasses	QuickChoice	8.3.27	platform-property-md-QuickChoice
DimensionTable	defaultObjectForm	http://v8.1c.ru/8.3/MDClasses	DefaultObjectForm	8.3.27	platform-property-md-DefaultObjectForm
DimensionTable	defaultListForm	http://v8.1c.ru/8.3/MDClasses	DefaultListForm	8.3.27	platform-property-md-DefaultListForm
DimensionTable	defaultChoiceForm	http://v8.1c.ru/8.3/MDClasses	DefaultChoiceForm	8.3.27	platform-property-md-DefaultChoiceForm
DimensionTable	objectPresentation	http://v8.1c.ru/8.3/MDClasses	ObjectPresentation	8.3.27	platform-property-md-ObjectPresentation
DimensionTable	extendedObjectPresentation	http://v8.1c.ru/8.3/MDClasses	ExtendedObjectPresentation	8.3.27	platform-property-md-ExtendedObjectPresentation
DimensionTable	listPresentation	http://v8.1c.ru/8.3/MDClasses	ListPresentation	8.3.27	platform-property-md-ListPresentation
DimensionTable	extendedListPresentation	http://v8.1c.ru/8.3/MDClasses	ExtendedListPresentation	8.3.27	platform-property-md-ExtendedListPresentation
DimensionTable	explanation	http://v8.1c.ru/8.3/MDClasses	Explanation	8.3.27	platform-property-md-Explanation
DimensionTable	help	http://v8.1c.ru/8.3/MDClasses	Help	8.3.27	platform-property-md-Help
DimensionTableForm	name	http://v8.1c.ru/8.3/MDClasses	Name	8.3.27	platform-property-md-Name
DimensionTableForm	synonym	http://v8.1c.ru/8.3/MDClasses	Synonym	8.3.27	platform-property-md-Synonym
DimensionTableForm	comment	http://v8.1c.ru/8.3/MDClasses	Comment	8.3.27	platform-property-md-Comment
DimensionTableForm	objectBelonging	http://v8.1c.ru/8.3/MDClasses	ObjectBelonging	8.3.27	platform-property-md-ObjectBelonging
DimensionTableForm	extendedConfigurationObject	http://v8.1c.ru/8.3/MDClasses	ExtendedConfigurationObject	8.3.27	platform-property-md-ExtendedConfigurationObject
DimensionTableForm	formType	http://v8.1c.ru/8.3/MDClasses	FormType	8.3.27	platform-property-md-FormType
DimensionTableForm	includeHelpInContents	http://v8.1c.ru/8.3/MDClasses	IncludeHelpInContents	8.3.27	platform-property-md-IncludeHelpInContents
DimensionTableForm	help	http://v8.1c.ru/8.3/MDClasses	Help	8.3.27	platform-property-md-Help
DimensionTableForm	usePurposes	http://v8.1c.ru/8.3/MDClasses	UsePurposes	8.3.27	platform-property-md-UsePurposes
DimensionTableForm	useInInterfaceCompatibilityMode	http://v8.1c.ru/8.3/MDClasses	UseInInterfaceCompatibilityMode	8.5.1	platform-property-md-UseInInterfaceCompatibilityMode
DimensionTableCommand	name	http://v8.1c.ru/8.3/MDClasses	Name	8.3.27	platform-property-md-Name
DimensionTableCommand	synonym	http://v8.1c.ru/8.3/MDClasses	Synonym	8.3.27	platform-property-md-Synonym
DimensionTableCommand	comment	http://v8.1c.ru/8.3/MDClasses	Comment	8.3.27	platform-property-md-Comment
DimensionTableCommand	objectBelonging	http://v8.1c.ru/8.3/MDClasses	ObjectBelonging	8.3.27	platform-property-md-ObjectBelonging
DimensionTableCommand	extendedConfigurationObject	http://v8.1c.ru/8.3/MDClasses	ExtendedConfigurationObject	8.3.27	platform-property-md-ExtendedConfigurationObject
DimensionTableCommand	group	http://v8.1c.ru/8.3/MDClasses	Group	8.3.27	platform-property-md-Group
DimensionTableCommand	commandParameterType	http://v8.1c.ru/8.3/MDClasses	CommandParameterType	8.3.27	platform-property-md-CommandParameterType
DimensionTableCommand	parameterUseMode	http://v8.1c.ru/8.3/MDClasses	ParameterUseMode	8.3.27	platform-property-md-ParameterUseMode
DimensionTableCommand	modifiesData	http://v8.1c.ru/8.3/MDClasses	ModifiesData	8.3.27	platform-property-md-ModifiesData
DimensionTableCommand	representation	http://v8.1c.ru/8.3/MDClasses	Representation	8.3.27	platform-property-md-Representation
DimensionTableCommand	toolTip	http://v8.1c.ru/8.3/MDClasses	ToolTip	8.3.27	platform-property-md-ToolTip
DimensionTableCommand	picture	http://v8.1c.ru/8.3/MDClasses	Picture	8.3.27	platform-property-md-Picture
DimensionTableCommand	shortcut	http://v8.1c.ru/8.3/MDClasses	Shortcut	8.3.27	platform-property-md-Shortcut
DimensionTableCommand	onMainServerUnavalableBehavior	http://v8.1c.ru/8.3/MDClasses	OnMainServerUnavalableBehavior	8.3.27	platform-property-md-OnMainServerUnavalableBehavior
Dimension	name	http://v8.1c.ru/8.3/MDClasses	Name	8.3.27	platform-property-md-Name
Dimension	synonym	http://v8.1c.ru/8.3/MDClasses	Synonym	8.3.27	platform-property-md-Synonym
Dimension	comment	http://v8.1c.ru/8.3/MDClasses	Comment	8.3.27	platform-property-md-Comment
Dimension	objectBelonging	http://v8.1c.ru/8.3/MDClasses	ObjectBelonging	8.3.27	platform-property-md-ObjectBelonging
Dimension	extendedConfigurationObject	http://v8.1c.ru/8.3/MDClasses	ExtendedConfigurationObject	8.3.27	platform-property-md-ExtendedConfigurationObject
Dimension	type	http://v8.1c.ru/8.3/MDClasses	Type	8.3.27	platform-property-md-Type
Dimension	passwordMode	http://v8.1c.ru/8.3/MDClasses	PasswordMode	8.3.27	platform-property-md-PasswordMode
Dimension	format	http://v8.1c.ru/8.3/MDClasses	Format	8.3.27	platform-property-md-Format
Dimension	editFormat	http://v8.1c.ru/8.3/MDClasses	EditFormat	8.3.27	platform-property-md-EditFormat
Dimension	toolTip	http://v8.1c.ru/8.3/MDClasses	ToolTip	8.3.27	platform-property-md-ToolTip
Dimension	markNegatives	http://v8.1c.ru/8.3/MDClasses	MarkNegatives	8.3.27	platform-property-md-MarkNegatives
Dimension	mask	http://v8.1c.ru/8.3/MDClasses	Mask	8.3.27	platform-property-md-Mask
Dimension	multiLine	http://v8.1c.ru/8.3/MDClasses	MultiLine	8.3.27	platform-property-md-MultiLine
Dimension	extendedEdit	http://v8.1c.ru/8.3/MDClasses	ExtendedEdit	8.3.27	platform-property-md-ExtendedEdit
Dimension	minValue	http://v8.1c.ru/8.3/MDClasses	MinValue	8.3.27	platform-property-md-MinValue
Dimension	maxValue	http://v8.1c.ru/8.3/MDClasses	MaxValue	8.3.27	platform-property-md-MaxValue
Dimension	fillChecking	http://v8.1c.ru/8.3/MDClasses	FillChecking	8.3.27	platform-property-md-FillChecking
Dimension	choiceFoldersAndItems	http://v8.1c.ru/8.3/MDClasses	ChoiceFoldersAndItems	8.3.27	platform-property-md-ChoiceFoldersAndItems
Dimension	choiceParameterLinks	http://v8.1c.ru/8.3/MDClasses	ChoiceParameterLinks	8.3.27	platform-property-md-ChoiceParameterLinks
Dimension	choiceParameters	http://v8.1c.ru/8.3/MDClasses	ChoiceParameters	8.3.27	platform-property-md-ChoiceParameters
Dimension	quickChoice	http://v8.1c.ru/8.3/MDClasses	QuickChoice	8.3.27	platform-property-md-QuickChoice
Dimension	createOnInput	http://v8.1c.ru/8.3/MDClasses	CreateOnInput	8.3.27	platform-property-md-CreateOnInput
Dimension	choiceForm	http://v8.1c.ru/8.3/MDClasses	ChoiceForm	8.3.27	platform-property-md-ChoiceForm
Dimension	linkByType	http://v8.1c.ru/8.3/MDClasses	LinkByType	8.3.27	platform-property-md-LinkByType
Dimension	choiceHistoryOnInput	http://v8.1c.ru/8.3/MDClasses	ChoiceHistoryOnInput	8.3.27	platform-property-md-ChoiceHistoryOnInput
Resource	name	http://v8.1c.ru/8.3/MDClasses	Name	8.3.27	platform-property-md-Name
Resource	synonym	http://v8.1c.ru/8.3/MDClasses	Synonym	8.3.27	platform-property-md-Synonym
Resource	comment	http://v8.1c.ru/8.3/MDClasses	Comment	8.3.27	platform-property-md-Comment
Resource	objectBelonging	http://v8.1c.ru/8.3/MDClasses	ObjectBelonging	8.3.27	platform-property-md-ObjectBelonging
Resource	extendedConfigurationObject	http://v8.1c.ru/8.3/MDClasses	ExtendedConfigurationObject	8.3.27	platform-property-md-ExtendedConfigurationObject
Resource	type	http://v8.1c.ru/8.3/MDClasses	Type	8.3.27	platform-property-md-Type
Resource	passwordMode	http://v8.1c.ru/8.3/MDClasses	PasswordMode	8.3.27	platform-property-md-PasswordMode
Resource	format	http://v8.1c.ru/8.3/MDClasses	Format	8.3.27	platform-property-md-Format
Resource	editFormat	http://v8.1c.ru/8.3/MDClasses	EditFormat	8.3.27	platform-property-md-EditFormat
Resource	toolTip	http://v8.1c.ru/8.3/MDClasses	ToolTip	8.3.27	platform-property-md-ToolTip
Resource	markNegatives	http://v8.1c.ru/8.3/MDClasses	MarkNegatives	8.3.27	platform-property-md-MarkNegatives
Resource	mask	http://v8.1c.ru/8.3/MDClasses	Mask	8.3.27	platform-property-md-Mask
Resource	multiLine	http://v8.1c.ru/8.3/MDClasses	MultiLine	8.3.27	platform-property-md-MultiLine
Resource	choiceParameterLinks	http://v8.1c.ru/8.3/MDClasses	ChoiceParameterLinks	8.3.27	platform-property-md-ChoiceParameterLinks
Resource	choiceParameters	http://v8.1c.ru/8.3/MDClasses	ChoiceParameters	8.3.27	platform-property-md-ChoiceParameters
Resource	quickChoice	http://v8.1c.ru/8.3/MDClasses	QuickChoice	8.3.27	platform-property-md-QuickChoice
Resource	choiceForm	http://v8.1c.ru/8.3/MDClasses	ChoiceForm	8.3.27	platform-property-md-ChoiceForm
Resource	extendedEdit	http://v8.1c.ru/8.3/MDClasses	ExtendedEdit	8.3.27	platform-property-md-ExtendedEdit
Resource	nameInDataSource	http://v8.1c.ru/8.3/MDClasses	NameInDataSource	8.3.27	platform-property-md-NameInDataSource
CubeForm	name	http://v8.1c.ru/8.3/MDClasses	Name	8.3.27	platform-property-md-Name
CubeForm	synonym	http://v8.1c.ru/8.3/MDClasses	Synonym	8.3.27	platform-property-md-Synonym
CubeForm	comment	http://v8.1c.ru/8.3/MDClasses	Comment	8.3.27	platform-property-md-Comment
CubeForm	objectBelonging	http://v8.1c.ru/8.3/MDClasses	ObjectBelonging	8.3.27	platform-property-md-ObjectBelonging
CubeForm	extendedConfigurationObject	http://v8.1c.ru/8.3/MDClasses	ExtendedConfigurationObject	8.3.27	platform-property-md-ExtendedConfigurationObject
CubeForm	formType	http://v8.1c.ru/8.3/MDClasses	FormType	8.3.27	platform-property-md-FormType
CubeForm	includeHelpInContents	http://v8.1c.ru/8.3/MDClasses	IncludeHelpInContents	8.3.27	platform-property-md-IncludeHelpInContents
CubeForm	help	http://v8.1c.ru/8.3/MDClasses	Help	8.3.27	platform-property-md-Help
CubeForm	usePurposes	http://v8.1c.ru/8.3/MDClasses	UsePurposes	8.3.27	platform-property-md-UsePurposes
CubeForm	useInInterfaceCompatibilityMode	http://v8.1c.ru/8.3/MDClasses	UseInInterfaceCompatibilityMode	8.5.1	platform-property-md-UseInInterfaceCompatibilityMode
CubeCommand	name	http://v8.1c.ru/8.3/MDClasses	Name	8.3.27	platform-property-md-Name
CubeCommand	synonym	http://v8.1c.ru/8.3/MDClasses	Synonym	8.3.27	platform-property-md-Synonym
CubeCommand	comment	http://v8.1c.ru/8.3/MDClasses	Comment	8.3.27	platform-property-md-Comment
CubeCommand	objectBelonging	http://v8.1c.ru/8.3/MDClasses	ObjectBelonging	8.3.27	platform-property-md-ObjectBelonging
CubeCommand	extendedConfigurationObject	http://v8.1c.ru/8.3/MDClasses	ExtendedConfigurationObject	8.3.27	platform-property-md-ExtendedConfigurationObject
CubeCommand	group	http://v8.1c.ru/8.3/MDClasses	Group	8.3.27	platform-property-md-Group
CubeCommand	commandParameterType	http://v8.1c.ru/8.3/MDClasses	CommandParameterType	8.3.27	platform-property-md-CommandParameterType
CubeCommand	parameterUseMode	http://v8.1c.ru/8.3/MDClasses	ParameterUseMode	8.3.27	platform-property-md-ParameterUseMode
CubeCommand	modifiesData	http://v8.1c.ru/8.3/MDClasses	ModifiesData	8.3.27	platform-property-md-ModifiesData
CubeCommand	representation	http://v8.1c.ru/8.3/MDClasses	Representation	8.3.27	platform-property-md-Representation
CubeCommand	toolTip	http://v8.1c.ru/8.3/MDClasses	ToolTip	8.3.27	platform-property-md-ToolTip
CubeCommand	picture	http://v8.1c.ru/8.3/MDClasses	Picture	8.3.27	platform-property-md-Picture
CubeCommand	shortcut	http://v8.1c.ru/8.3/MDClasses	Shortcut	8.3.27	platform-property-md-Shortcut
CubeCommand	onMainServerUnavalableBehavior	http://v8.1c.ru/8.3/MDClasses	OnMainServerUnavalableBehavior	8.3.27	platform-property-md-OnMainServerUnavalableBehavior
Function	name	http://v8.1c.ru/8.3/MDClasses	Name	8.3.27	platform-property-md-Name
Function	synonym	http://v8.1c.ru/8.3/MDClasses	Synonym	8.3.27	platform-property-md-Synonym
Function	comment	http://v8.1c.ru/8.3/MDClasses	Comment	8.3.27	platform-property-md-Comment
Function	objectBelonging	http://v8.1c.ru/8.3/MDClasses	ObjectBelonging	8.3.27	platform-property-md-ObjectBelonging
Function	extendedConfigurationObject	http://v8.1c.ru/8.3/MDClasses	ExtendedConfigurationObject	8.3.27	platform-property-md-ExtendedConfigurationObject
Function	returnValue	http://v8.1c.ru/8.3/MDClasses	ReturnValue	8.3.27	platform-property-md-ReturnValue
Function	type	http://v8.1c.ru/8.3/MDClasses	Type	8.3.27	platform-property-md-Type
Function	expressionInDataSource	http://v8.1c.ru/8.3/MDClasses	ExpressionInDataSource	8.3.27	platform-property-md-ExpressionInDataSource
ChartOfAccounts	name	http://v8.1c.ru/8.3/MDClasses	Name	8.3.27	platform-property-md-Name
ChartOfAccounts	synonym	http://v8.1c.ru/8.3/MDClasses	Synonym	8.3.27	platform-property-md-Synonym
ChartOfAccounts	comment	http://v8.1c.ru/8.3/MDClasses	Comment	8.3.27	platform-property-md-Comment
ChartOfAccounts	objectBelonging	http://v8.1c.ru/8.3/MDClasses	ObjectBelonging	8.3.27	platform-property-md-ObjectBelonging
ChartOfAccounts	extendedConfigurationObject	http://v8.1c.ru/8.3/MDClasses	ExtendedConfigurationObject	8.3.27	platform-property-md-ExtendedConfigurationObject
ChartOfAccounts	useStandardCommands	http://v8.1c.ru/8.3/MDClasses	UseStandardCommands	8.3.27	platform-property-md-UseStandardCommands
ChartOfAccounts	includeHelpInContents	http://v8.1c.ru/8.3/MDClasses	IncludeHelpInContents	8.3.27	platform-property-md-IncludeHelpInContents
ChartOfAccounts	help	http://v8.1c.ru/8.3/MDClasses	Help	8.3.27	platform-property-md-Help
ChartOfAccounts	basedOn	http://v8.1c.ru/8.3/MDClasses	BasedOn	8.3.27	platform-property-md-BasedOn
ChartOfAccounts	extDimensionTypes	http://v8.1c.ru/8.3/MDClasses	ExtDimensionTypes	8.3.27	platform-property-md-ExtDimensionTypes
ChartOfAccounts	maxExtDimensionCount	http://v8.1c.ru/8.3/MDClasses	MaxExtDimensionCount	8.3.27	platform-property-md-MaxExtDimensionCount
ChartOfAccounts	codeMask	http://v8.1c.ru/8.3/MDClasses	CodeMask	8.3.27	platform-property-md-CodeMask
ChartOfAccounts	codeLength	http://v8.1c.ru/8.3/MDClasses	CodeLength	8.3.27	platform-property-md-CodeLength
ChartOfAccounts	descriptionLength	http://v8.1c.ru/8.3/MDClasses	DescriptionLength	8.3.27	platform-property-md-DescriptionLength
ChartOfAccounts	codeSeries	http://v8.1c.ru/8.3/MDClasses	CodeSeries	8.3.27	platform-property-md-CodeSeries
ChartOfAccounts	checkUnique	http://v8.1c.ru/8.3/MDClasses	CheckUnique	8.3.27	platform-property-md-CheckUnique
ChartOfAccounts	defaultPresentation	http://v8.1c.ru/8.3/MDClasses	DefaultPresentation	8.3.27	platform-property-md-DefaultPresentation
ChartOfAccounts	standardAttributes	http://v8.1c.ru/8.3/MDClasses	StandardAttributes	8.3.27	platform-property-md-StandardAttributes
ChartOfAccounts	characteristics	http://v8.1c.ru/8.3/MDClasses	Characteristics	8.3.27	platform-property-md-Characteristics
ChartOfAccounts	standardTabularSections	http://v8.1c.ru/8.3/MDClasses	StandardTabularSections	8.3.27	platform-property-md-StandardTabularSections
ChartOfAccounts	predefined	http://v8.1c.ru/8.3/MDClasses	Predefined	8.3.27	platform-property-md-Predefined
ChartOfAccounts	predefinedDataUpdate	http://v8.1c.ru/8.3/MDClasses	PredefinedDataUpdate	8.3.27	platform-property-md-PredefinedDataUpdate
ChartOfAccounts	editType	http://v8.1c.ru/8.3/MDClasses	EditType	8.3.27	platform-property-md-EditType
ChartOfAccounts	quickChoice	http://v8.1c.ru/8.3/MDClasses	QuickChoice	8.3.27	platform-property-md-QuickChoice
ChartOfAccounts	choiceMode	http://v8.1c.ru/8.3/MDClasses	ChoiceMode	8.3.27	platform-property-md-ChoiceMode
ChartOfAccounts	inputByString	http://v8.1c.ru/8.3/MDClasses	InputByString	8.3.27	platform-property-md-InputByString
ChartOfAccounts	searchStringModeOnInputByString	http://v8.1c.ru/8.3/MDClasses	SearchStringModeOnInputByString	8.3.27	platform-property-md-SearchStringModeOnInputByString
ChartOfAccounts	fullTextSearchOnInputByString	http://v8.1c.ru/8.3/MDClasses	FullTextSearchOnInputByString	8.3.27	platform-property-md-FullTextSearchOnInputByString
ChartOfAccounts	choiceDataGetModeOnInputByString	http://v8.1c.ru/8.3/MDClasses	ChoiceDataGetModeOnInputByString	8.3.27	platform-property-md-ChoiceDataGetModeOnInputByString
ChartOfAccounts	createOnInput	http://v8.1c.ru/8.3/MDClasses	CreateOnInput	8.3.27	platform-property-md-CreateOnInput
ChartOfAccounts	choiceHistoryOnInput	http://v8.1c.ru/8.3/MDClasses	ChoiceHistoryOnInput	8.3.27	platform-property-md-ChoiceHistoryOnInput
ChartOfAccounts	defaultObjectForm	http://v8.1c.ru/8.3/MDClasses	DefaultObjectForm	8.3.27	platform-property-md-DefaultObjectForm
ChartOfAccounts	defaultListForm	http://v8.1c.ru/8.3/MDClasses	DefaultListForm	8.3.27	platform-property-md-DefaultListForm
ChartOfAccounts	defaultChoiceForm	http://v8.1c.ru/8.3/MDClasses	DefaultChoiceForm	8.3.27	platform-property-md-DefaultChoiceForm
ChartOfAccounts	auxiliaryObjectForm	http://v8.1c.ru/8.3/MDClasses	AuxiliaryObjectForm	8.3.27	platform-property-md-AuxiliaryObjectForm
ChartOfAccounts	auxiliaryListForm	http://v8.1c.ru/8.3/MDClasses	AuxiliaryListForm	8.3.27	platform-property-md-AuxiliaryListForm
ChartOfAccounts	auxiliaryChoiceForm	http://v8.1c.ru/8.3/MDClasses	AuxiliaryChoiceForm	8.3.27	platform-property-md-AuxiliaryChoiceForm
ChartOfAccounts	autoOrderByCode	http://v8.1c.ru/8.3/MDClasses	AutoOrderByCode	8.3.27	platform-property-md-AutoOrderByCode
ChartOfAccounts	orderLength	http://v8.1c.ru/8.3/MDClasses	OrderLength	8.3.27	platform-property-md-OrderLength
ChartOfAccounts	dataLockFields	http://v8.1c.ru/8.3/MDClasses	DataLockFields	8.3.27	platform-property-md-DataLockFields
ChartOfAccounts	dataLockControlMode	http://v8.1c.ru/8.3/MDClasses	DataLockControlMode	8.3.27	platform-property-md-DataLockControlMode
ChartOfAccounts	fullTextSearch	http://v8.1c.ru/8.3/MDClasses	FullTextSearch	8.3.27	platform-property-md-FullTextSearch
ChartOfAccounts	dataHistory	http://v8.1c.ru/8.3/MDClasses	DataHistory	8.3.27	platform-property-md-DataHistory
ChartOfAccounts	objectPresentation	http://v8.1c.ru/8.3/MDClasses	ObjectPresentation	8.3.27	platform-property-md-ObjectPresentation
ChartOfAccounts	extendedObjectPresentation	http://v8.1c.ru/8.3/MDClasses	ExtendedObjectPresentation	8.3.27	platform-property-md-ExtendedObjectPresentation
ChartOfAccounts	listPresentation	http://v8.1c.ru/8.3/MDClasses	ListPresentation	8.3.27	platform-property-md-ListPresentation
ChartOfAccounts	extendedListPresentation	http://v8.1c.ru/8.3/MDClasses	ExtendedListPresentation	8.3.27	platform-property-md-ExtendedListPresentation
ChartOfAccounts	explanation	http://v8.1c.ru/8.3/MDClasses	Explanation	8.3.27	platform-property-md-Explanation
ChartOfAccounts	updateDataHistoryImmediatelyAfterWrite	http://v8.1c.ru/8.3/MDClasses	UpdateDataHistoryImmediatelyAfterWrite	8.3.27	platform-property-md-UpdateDataHistoryImmediatelyAfterWrite
ChartOfAccounts	executeAfterWriteDataHistoryVersionProcessing	http://v8.1c.ru/8.3/MDClasses	ExecuteAfterWriteDataHistoryVersionProcessing	8.3.27	platform-property-md-ExecuteAfterWriteDataHistoryVersionProcessing
ChartOfAccountsAttribute	name	http://v8.1c.ru/8.3/MDClasses	Name	8.3.27	platform-property-md-Name
ChartOfAccountsAttribute	synonym	http://v8.1c.ru/8.3/MDClasses	Synonym	8.3.27	platform-property-md-Synonym
ChartOfAccountsAttribute	comment	http://v8.1c.ru/8.3/MDClasses	Comment	8.3.27	platform-property-md-Comment
ChartOfAccountsAttribute	objectBelonging	http://v8.1c.ru/8.3/MDClasses	ObjectBelonging	8.3.27	platform-property-md-ObjectBelonging
ChartOfAccountsAttribute	extendedConfigurationObject	http://v8.1c.ru/8.3/MDClasses	ExtendedConfigurationObject	8.3.27	platform-property-md-ExtendedConfigurationObject
ChartOfAccountsAttribute	type	http://v8.1c.ru/8.3/MDClasses	Type	8.3.27	platform-property-md-Type
ChartOfAccountsAttribute	passwordMode	http://v8.1c.ru/8.3/MDClasses	PasswordMode	8.3.27	platform-property-md-PasswordMode
ChartOfAccountsAttribute	format	http://v8.1c.ru/8.3/MDClasses	Format	8.3.27	platform-property-md-Format
ChartOfAccountsAttribute	editFormat	http://v8.1c.ru/8.3/MDClasses	EditFormat	8.3.27	platform-property-md-EditFormat
ChartOfAccountsAttribute	toolTip	http://v8.1c.ru/8.3/MDClasses	ToolTip	8.3.27	platform-property-md-ToolTip
ChartOfAccountsAttribute	markNegatives	http://v8.1c.ru/8.3/MDClasses	MarkNegatives	8.3.27	platform-property-md-MarkNegatives
ChartOfAccountsAttribute	mask	http://v8.1c.ru/8.3/MDClasses	Mask	8.3.27	platform-property-md-Mask
ChartOfAccountsAttribute	multiLine	http://v8.1c.ru/8.3/MDClasses	MultiLine	8.3.27	platform-property-md-MultiLine
ChartOfAccountsAttribute	extendedEdit	http://v8.1c.ru/8.3/MDClasses	ExtendedEdit	8.3.27	platform-property-md-ExtendedEdit
ChartOfAccountsAttribute	minValue	http://v8.1c.ru/8.3/MDClasses	MinValue	8.3.27	platform-property-md-MinValue
ChartOfAccountsAttribute	maxValue	http://v8.1c.ru/8.3/MDClasses	MaxValue	8.3.27	platform-property-md-MaxValue
ChartOfAccountsAttribute	fillFromFillingValue	http://v8.1c.ru/8.3/MDClasses	FillFromFillingValue	8.3.27	platform-property-md-FillFromFillingValue
ChartOfAccountsAttribute	fillValue	http://v8.1c.ru/8.3/MDClasses	FillValue	8.3.27	platform-property-md-FillValue
ChartOfAccountsAttribute	fillChecking	http://v8.1c.ru/8.3/MDClasses	FillChecking	8.3.27	platform-property-md-FillChecking
ChartOfAccountsAttribute	choiceFoldersAndItems	http://v8.1c.ru/8.3/MDClasses	ChoiceFoldersAndItems	8.3.27	platform-property-md-ChoiceFoldersAndItems
ChartOfAccountsAttribute	choiceParameterLinks	http://v8.1c.ru/8.3/MDClasses	ChoiceParameterLinks	8.3.27	platform-property-md-ChoiceParameterLinks
ChartOfAccountsAttribute	choiceParameters	http://v8.1c.ru/8.3/MDClasses	ChoiceParameters	8.3.27	platform-property-md-ChoiceParameters
ChartOfAccountsAttribute	quickChoice	http://v8.1c.ru/8.3/MDClasses	QuickChoice	8.3.27	platform-property-md-QuickChoice
ChartOfAccountsAttribute	createOnInput	http://v8.1c.ru/8.3/MDClasses	CreateOnInput	8.3.27	platform-property-md-CreateOnInput
ChartOfAccountsAttribute	choiceForm	http://v8.1c.ru/8.3/MDClasses	ChoiceForm	8.3.27	platform-property-md-ChoiceForm
ChartOfAccountsAttribute	linkByType	http://v8.1c.ru/8.3/MDClasses	LinkByType	8.3.27	platform-property-md-LinkByType
ChartOfAccountsAttribute	choiceHistoryOnInput	http://v8.1c.ru/8.3/MDClasses	ChoiceHistoryOnInput	8.3.27	platform-property-md-ChoiceHistoryOnInput
ChartOfAccountsAttribute	binaryDataStorageLocationUse	http://v8.1c.ru/8.3/MDClasses	BinaryDataStorageLocationUse	8.3.27	platform-property-md-BinaryDataStorageLocationUse
ChartOfAccountsAttribute	binaryDataStorageLocationUseField	http://v8.1c.ru/8.3/MDClasses	BinaryDataStorageLocationUseField	8.3.27	platform-property-md-BinaryDataStorageLocationUseField
ChartOfAccountsAttribute	indexing	http://v8.1c.ru/8.3/MDClasses	Indexing	8.3.27	platform-property-md-Indexing
ChartOfAccountsAttribute	fullTextSearch	http://v8.1c.ru/8.3/MDClasses	FullTextSearch	8.3.27	platform-property-md-FullTextSearch
ChartOfAccountsAttribute	dataHistory	http://v8.1c.ru/8.3/MDClasses	DataHistory	8.3.27	platform-property-md-DataHistory
ChartOfAccountsTabularSection	name	http://v8.1c.ru/8.3/MDClasses	Name	8.3.27	platform-property-md-Name
ChartOfAccountsTabularSection	synonym	http://v8.1c.ru/8.3/MDClasses	Synonym	8.3.27	platform-property-md-Synonym
ChartOfAccountsTabularSection	comment	http://v8.1c.ru/8.3/MDClasses	Comment	8.3.27	platform-property-md-Comment
ChartOfAccountsTabularSection	objectBelonging	http://v8.1c.ru/8.3/MDClasses	ObjectBelonging	8.3.27	platform-property-md-ObjectBelonging
ChartOfAccountsTabularSection	extendedConfigurationObject	http://v8.1c.ru/8.3/MDClasses	ExtendedConfigurationObject	8.3.27	platform-property-md-ExtendedConfigurationObject
ChartOfAccountsTabularSection	toolTip	http://v8.1c.ru/8.3/MDClasses	ToolTip	8.3.27	platform-property-md-ToolTip
ChartOfAccountsTabularSection	fillChecking	http://v8.1c.ru/8.3/MDClasses	FillChecking	8.3.27	platform-property-md-FillChecking
ChartOfAccountsTabularSection	standardAttributes	http://v8.1c.ru/8.3/MDClasses	StandardAttributes	8.3.27	platform-property-md-StandardAttributes
ChartOfAccountsTabularSection	lineNumberLength	http://v8.1c.ru/8.3/MDClasses	LineNumberLength	8.3.27	platform-property-md-LineNumberLength
AccountingFlag	name	http://v8.1c.ru/8.3/MDClasses	Name	8.3.27	platform-property-md-Name
AccountingFlag	synonym	http://v8.1c.ru/8.3/MDClasses	Synonym	8.3.27	platform-property-md-Synonym
AccountingFlag	comment	http://v8.1c.ru/8.3/MDClasses	Comment	8.3.27	platform-property-md-Comment
AccountingFlag	objectBelonging	http://v8.1c.ru/8.3/MDClasses	ObjectBelonging	8.3.27	platform-property-md-ObjectBelonging
AccountingFlag	extendedConfigurationObject	http://v8.1c.ru/8.3/MDClasses	ExtendedConfigurationObject	8.3.27	platform-property-md-ExtendedConfigurationObject
AccountingFlag	type	http://v8.1c.ru/8.3/MDClasses	Type	8.3.27	platform-property-md-Type
AccountingFlag	passwordMode	http://v8.1c.ru/8.3/MDClasses	PasswordMode	8.3.27	platform-property-md-PasswordMode
AccountingFlag	format	http://v8.1c.ru/8.3/MDClasses	Format	8.3.27	platform-property-md-Format
AccountingFlag	editFormat	http://v8.1c.ru/8.3/MDClasses	EditFormat	8.3.27	platform-property-md-EditFormat
AccountingFlag	toolTip	http://v8.1c.ru/8.3/MDClasses	ToolTip	8.3.27	platform-property-md-ToolTip
AccountingFlag	markNegatives	http://v8.1c.ru/8.3/MDClasses	MarkNegatives	8.3.27	platform-property-md-MarkNegatives
AccountingFlag	mask	http://v8.1c.ru/8.3/MDClasses	Mask	8.3.27	platform-property-md-Mask
AccountingFlag	multiLine	http://v8.1c.ru/8.3/MDClasses	MultiLine	8.3.27	platform-property-md-MultiLine
AccountingFlag	extendedEdit	http://v8.1c.ru/8.3/MDClasses	ExtendedEdit	8.3.27	platform-property-md-ExtendedEdit
AccountingFlag	minValue	http://v8.1c.ru/8.3/MDClasses	MinValue	8.3.27	platform-property-md-MinValue
AccountingFlag	maxValue	http://v8.1c.ru/8.3/MDClasses	MaxValue	8.3.27	platform-property-md-MaxValue
AccountingFlag	fillFromFillingValue	http://v8.1c.ru/8.3/MDClasses	FillFromFillingValue	8.3.27	platform-property-md-FillFromFillingValue
AccountingFlag	fillValue	http://v8.1c.ru/8.3/MDClasses	FillValue	8.3.27	platform-property-md-FillValue
AccountingFlag	fillChecking	http://v8.1c.ru/8.3/MDClasses	FillChecking	8.3.27	platform-property-md-FillChecking
AccountingFlag	choiceFoldersAndItems	http://v8.1c.ru/8.3/MDClasses	ChoiceFoldersAndItems	8.3.27	platform-property-md-ChoiceFoldersAndItems
AccountingFlag	choiceParameterLinks	http://v8.1c.ru/8.3/MDClasses	ChoiceParameterLinks	8.3.27	platform-property-md-ChoiceParameterLinks
AccountingFlag	choiceParameters	http://v8.1c.ru/8.3/MDClasses	ChoiceParameters	8.3.27	platform-property-md-ChoiceParameters
AccountingFlag	quickChoice	http://v8.1c.ru/8.3/MDClasses	QuickChoice	8.3.27	platform-property-md-QuickChoice
AccountingFlag	createOnInput	http://v8.1c.ru/8.3/MDClasses	CreateOnInput	8.3.27	platform-property-md-CreateOnInput
AccountingFlag	choiceForm	http://v8.1c.ru/8.3/MDClasses	ChoiceForm	8.3.27	platform-property-md-ChoiceForm
AccountingFlag	linkByType	http://v8.1c.ru/8.3/MDClasses	LinkByType	8.3.27	platform-property-md-LinkByType
AccountingFlag	choiceHistoryOnInput	http://v8.1c.ru/8.3/MDClasses	ChoiceHistoryOnInput	8.3.27	platform-property-md-ChoiceHistoryOnInput
AccountingFlag	dataHistory	http://v8.1c.ru/8.3/MDClasses	DataHistory	8.3.27	platform-property-md-DataHistory
ExtDimensionAccountingFlag	name	http://v8.1c.ru/8.3/MDClasses	Name	8.3.27	platform-property-md-Name
ExtDimensionAccountingFlag	synonym	http://v8.1c.ru/8.3/MDClasses	Synonym	8.3.27	platform-property-md-Synonym
ExtDimensionAccountingFlag	comment	http://v8.1c.ru/8.3/MDClasses	Comment	8.3.27	platform-property-md-Comment
ExtDimensionAccountingFlag	objectBelonging	http://v8.1c.ru/8.3/MDClasses	ObjectBelonging	8.3.27	platform-property-md-ObjectBelonging
ExtDimensionAccountingFlag	extendedConfigurationObject	http://v8.1c.ru/8.3/MDClasses	ExtendedConfigurationObject	8.3.27	platform-property-md-ExtendedConfigurationObject
ExtDimensionAccountingFlag	type	http://v8.1c.ru/8.3/MDClasses	Type	8.3.27	platform-property-md-Type
ExtDimensionAccountingFlag	passwordMode	http://v8.1c.ru/8.3/MDClasses	PasswordMode	8.3.27	platform-property-md-PasswordMode
ExtDimensionAccountingFlag	format	http://v8.1c.ru/8.3/MDClasses	Format	8.3.27	platform-property-md-Format
ExtDimensionAccountingFlag	editFormat	http://v8.1c.ru/8.3/MDClasses	EditFormat	8.3.27	platform-property-md-EditFormat
ExtDimensionAccountingFlag	toolTip	http://v8.1c.ru/8.3/MDClasses	ToolTip	8.3.27	platform-property-md-ToolTip
ExtDimensionAccountingFlag	markNegatives	http://v8.1c.ru/8.3/MDClasses	MarkNegatives	8.3.27	platform-property-md-MarkNegatives
ExtDimensionAccountingFlag	mask	http://v8.1c.ru/8.3/MDClasses	Mask	8.3.27	platform-property-md-Mask
ExtDimensionAccountingFlag	multiLine	http://v8.1c.ru/8.3/MDClasses	MultiLine	8.3.27	platform-property-md-MultiLine
ExtDimensionAccountingFlag	extendedEdit	http://v8.1c.ru/8.3/MDClasses	ExtendedEdit	8.3.27	platform-property-md-ExtendedEdit
ExtDimensionAccountingFlag	minValue	http://v8.1c.ru/8.3/MDClasses	MinValue	8.3.27	platform-property-md-MinValue
ExtDimensionAccountingFlag	maxValue	http://v8.1c.ru/8.3/MDClasses	MaxValue	8.3.27	platform-property-md-MaxValue
ExtDimensionAccountingFlag	fillFromFillingValue	http://v8.1c.ru/8.3/MDClasses	FillFromFillingValue	8.3.27	platform-property-md-FillFromFillingValue
ExtDimensionAccountingFlag	fillValue	http://v8.1c.ru/8.3/MDClasses	FillValue	8.3.27	platform-property-md-FillValue
ExtDimensionAccountingFlag	fillChecking	http://v8.1c.ru/8.3/MDClasses	FillChecking	8.3.27	platform-property-md-FillChecking
ExtDimensionAccountingFlag	choiceFoldersAndItems	http://v8.1c.ru/8.3/MDClasses	ChoiceFoldersAndItems	8.3.27	platform-property-md-ChoiceFoldersAndItems
ExtDimensionAccountingFlag	choiceParameterLinks	http://v8.1c.ru/8.3/MDClasses	ChoiceParameterLinks	8.3.27	platform-property-md-ChoiceParameterLinks
ExtDimensionAccountingFlag	choiceParameters	http://v8.1c.ru/8.3/MDClasses	ChoiceParameters	8.3.27	platform-property-md-ChoiceParameters
ExtDimensionAccountingFlag	quickChoice	http://v8.1c.ru/8.3/MDClasses	QuickChoice	8.3.27	platform-property-md-QuickChoice
ExtDimensionAccountingFlag	createOnInput	http://v8.1c.ru/8.3/MDClasses	CreateOnInput	8.3.27	platform-property-md-CreateOnInput
ExtDimensionAccountingFlag	choiceForm	http://v8.1c.ru/8.3/MDClasses	ChoiceForm	8.3.27	platform-property-md-ChoiceForm
ExtDimensionAccountingFlag	linkByType	http://v8.1c.ru/8.3/MDClasses	LinkByType	8.3.27	platform-property-md-LinkByType
ExtDimensionAccountingFlag	choiceHistoryOnInput	http://v8.1c.ru/8.3/MDClasses	ChoiceHistoryOnInput	8.3.27	platform-property-md-ChoiceHistoryOnInput
ExtDimensionAccountingFlag	dataHistory	http://v8.1c.ru/8.3/MDClasses	DataHistory	8.3.27	platform-property-md-DataHistory
ChartOfAccountsCommand	name	http://v8.1c.ru/8.3/MDClasses	Name	8.3.27	platform-property-md-Name
ChartOfAccountsCommand	synonym	http://v8.1c.ru/8.3/MDClasses	Synonym	8.3.27	platform-property-md-Synonym
ChartOfAccountsCommand	comment	http://v8.1c.ru/8.3/MDClasses	Comment	8.3.27	platform-property-md-Comment
ChartOfAccountsCommand	objectBelonging	http://v8.1c.ru/8.3/MDClasses	ObjectBelonging	8.3.27	platform-property-md-ObjectBelonging
ChartOfAccountsCommand	extendedConfigurationObject	http://v8.1c.ru/8.3/MDClasses	ExtendedConfigurationObject	8.3.27	platform-property-md-ExtendedConfigurationObject
ChartOfAccountsCommand	group	http://v8.1c.ru/8.3/MDClasses	Group	8.3.27	platform-property-md-Group
ChartOfAccountsCommand	commandParameterType	http://v8.1c.ru/8.3/MDClasses	CommandParameterType	8.3.27	platform-property-md-CommandParameterType
ChartOfAccountsCommand	parameterUseMode	http://v8.1c.ru/8.3/MDClasses	ParameterUseMode	8.3.27	platform-property-md-ParameterUseMode
ChartOfAccountsCommand	modifiesData	http://v8.1c.ru/8.3/MDClasses	ModifiesData	8.3.27	platform-property-md-ModifiesData
ChartOfAccountsCommand	representation	http://v8.1c.ru/8.3/MDClasses	Representation	8.3.27	platform-property-md-Representation
ChartOfAccountsCommand	toolTip	http://v8.1c.ru/8.3/MDClasses	ToolTip	8.3.27	platform-property-md-ToolTip
ChartOfAccountsCommand	picture	http://v8.1c.ru/8.3/MDClasses	Picture	8.3.27	platform-property-md-Picture
ChartOfAccountsCommand	shortcut	http://v8.1c.ru/8.3/MDClasses	Shortcut	8.3.27	platform-property-md-Shortcut
ChartOfAccountsCommand	onMainServerUnavalableBehavior	http://v8.1c.ru/8.3/MDClasses	OnMainServerUnavalableBehavior	8.3.27	platform-property-md-OnMainServerUnavalableBehavior
ChartOfAccountsForm	name	http://v8.1c.ru/8.3/MDClasses	Name	8.3.27	platform-property-md-Name
ChartOfAccountsForm	synonym	http://v8.1c.ru/8.3/MDClasses	Synonym	8.3.27	platform-property-md-Synonym
ChartOfAccountsForm	comment	http://v8.1c.ru/8.3/MDClasses	Comment	8.3.27	platform-property-md-Comment
ChartOfAccountsForm	objectBelonging	http://v8.1c.ru/8.3/MDClasses	ObjectBelonging	8.3.27	platform-property-md-ObjectBelonging
ChartOfAccountsForm	extendedConfigurationObject	http://v8.1c.ru/8.3/MDClasses	ExtendedConfigurationObject	8.3.27	platform-property-md-ExtendedConfigurationObject
ChartOfAccountsForm	formType	http://v8.1c.ru/8.3/MDClasses	FormType	8.3.27	platform-property-md-FormType
ChartOfAccountsForm	includeHelpInContents	http://v8.1c.ru/8.3/MDClasses	IncludeHelpInContents	8.3.27	platform-property-md-IncludeHelpInContents
ChartOfAccountsForm	help	http://v8.1c.ru/8.3/MDClasses	Help	8.3.27	platform-property-md-Help
ChartOfAccountsForm	usePurposes	http://v8.1c.ru/8.3/MDClasses	UsePurposes	8.3.27	platform-property-md-UsePurposes
ChartOfAccountsForm	useInInterfaceCompatibilityMode	http://v8.1c.ru/8.3/MDClasses	UseInInterfaceCompatibilityMode	8.5.1	platform-property-md-UseInInterfaceCompatibilityMode
ChartOfCalculationTypes	name	http://v8.1c.ru/8.3/MDClasses	Name	8.3.27	platform-property-md-Name
ChartOfCalculationTypes	synonym	http://v8.1c.ru/8.3/MDClasses	Synonym	8.3.27	platform-property-md-Synonym
ChartOfCalculationTypes	comment	http://v8.1c.ru/8.3/MDClasses	Comment	8.3.27	platform-property-md-Comment
ChartOfCalculationTypes	objectBelonging	http://v8.1c.ru/8.3/MDClasses	ObjectBelonging	8.3.27	platform-property-md-ObjectBelonging
ChartOfCalculationTypes	extendedConfigurationObject	http://v8.1c.ru/8.3/MDClasses	ExtendedConfigurationObject	8.3.27	platform-property-md-ExtendedConfigurationObject
ChartOfCalculationTypes	useStandardCommands	http://v8.1c.ru/8.3/MDClasses	UseStandardCommands	8.3.27	platform-property-md-UseStandardCommands
ChartOfCalculationTypes	codeLength	http://v8.1c.ru/8.3/MDClasses	CodeLength	8.3.27	platform-property-md-CodeLength
ChartOfCalculationTypes	descriptionLength	http://v8.1c.ru/8.3/MDClasses	DescriptionLength	8.3.27	platform-property-md-DescriptionLength
ChartOfCalculationTypes	codeType	http://v8.1c.ru/8.3/MDClasses	CodeType	8.3.27	platform-property-md-CodeType
ChartOfCalculationTypes	codeAllowedLength	http://v8.1c.ru/8.3/MDClasses	CodeAllowedLength	8.3.27	platform-property-md-CodeAllowedLength
ChartOfCalculationTypes	defaultPresentation	http://v8.1c.ru/8.3/MDClasses	DefaultPresentation	8.3.27	platform-property-md-DefaultPresentation
ChartOfCalculationTypes	editType	http://v8.1c.ru/8.3/MDClasses	EditType	8.3.27	platform-property-md-EditType
ChartOfCalculationTypes	quickChoice	http://v8.1c.ru/8.3/MDClasses	QuickChoice	8.3.27	platform-property-md-QuickChoice
ChartOfCalculationTypes	choiceMode	http://v8.1c.ru/8.3/MDClasses	ChoiceMode	8.3.27	platform-property-md-ChoiceMode
ChartOfCalculationTypes	inputByString	http://v8.1c.ru/8.3/MDClasses	InputByString	8.3.27	platform-property-md-InputByString
ChartOfCalculationTypes	searchStringModeOnInputByString	http://v8.1c.ru/8.3/MDClasses	SearchStringModeOnInputByString	8.3.27	platform-property-md-SearchStringModeOnInputByString
ChartOfCalculationTypes	fullTextSearchOnInputByString	http://v8.1c.ru/8.3/MDClasses	FullTextSearchOnInputByString	8.3.27	platform-property-md-FullTextSearchOnInputByString
ChartOfCalculationTypes	choiceDataGetModeOnInputByString	http://v8.1c.ru/8.3/MDClasses	ChoiceDataGetModeOnInputByString	8.3.27	platform-property-md-ChoiceDataGetModeOnInputByString
ChartOfCalculationTypes	createOnInput	http://v8.1c.ru/8.3/MDClasses	CreateOnInput	8.3.27	platform-property-md-CreateOnInput
ChartOfCalculationTypes	choiceHistoryOnInput	http://v8.1c.ru/8.3/MDClasses	ChoiceHistoryOnInput	8.3.27	platform-property-md-ChoiceHistoryOnInput
ChartOfCalculationTypes	defaultObjectForm	http://v8.1c.ru/8.3/MDClasses	DefaultObjectForm	8.3.27	platform-property-md-DefaultObjectForm
ChartOfCalculationTypes	defaultListForm	http://v8.1c.ru/8.3/MDClasses	DefaultListForm	8.3.27	platform-property-md-DefaultListForm
ChartOfCalculationTypes	defaultChoiceForm	http://v8.1c.ru/8.3/MDClasses	DefaultChoiceForm	8.3.27	platform-property-md-DefaultChoiceForm
ChartOfCalculationTypes	auxiliaryObjectForm	http://v8.1c.ru/8.3/MDClasses	AuxiliaryObjectForm	8.3.27	platform-property-md-AuxiliaryObjectForm
ChartOfCalculationTypes	auxiliaryListForm	http://v8.1c.ru/8.3/MDClasses	AuxiliaryListForm	8.3.27	platform-property-md-AuxiliaryListForm
ChartOfCalculationTypes	auxiliaryChoiceForm	http://v8.1c.ru/8.3/MDClasses	AuxiliaryChoiceForm	8.3.27	platform-property-md-AuxiliaryChoiceForm
ChartOfCalculationTypes	basedOn	http://v8.1c.ru/8.3/MDClasses	BasedOn	8.3.27	platform-property-md-BasedOn
ChartOfCalculationTypes	dependenceOnCalculationTypes	http://v8.1c.ru/8.3/MDClasses	DependenceOnCalculationTypes	8.3.27	platform-property-md-DependenceOnCalculationTypes
ChartOfCalculationTypes	baseCalculationTypes	http://v8.1c.ru/8.3/MDClasses	BaseCalculationTypes	8.3.27	platform-property-md-BaseCalculationTypes
ChartOfCalculationTypes	actionPeriodUse	http://v8.1c.ru/8.3/MDClasses	ActionPeriodUse	8.3.27	platform-property-md-ActionPeriodUse
ChartOfCalculationTypes	standardAttributes	http://v8.1c.ru/8.3/MDClasses	StandardAttributes	8.3.27	platform-property-md-StandardAttributes
ChartOfCalculationTypes	characteristics	http://v8.1c.ru/8.3/MDClasses	Characteristics	8.3.27	platform-property-md-Characteristics
ChartOfCalculationTypes	standardTabularSections	http://v8.1c.ru/8.3/MDClasses	StandardTabularSections	8.3.27	platform-property-md-StandardTabularSections
ChartOfCalculationTypes	predefined	http://v8.1c.ru/8.3/MDClasses	Predefined	8.3.27	platform-property-md-Predefined
ChartOfCalculationTypes	predefinedDataUpdate	http://v8.1c.ru/8.3/MDClasses	PredefinedDataUpdate	8.3.27	platform-property-md-PredefinedDataUpdate
ChartOfCalculationTypes	includeHelpInContents	http://v8.1c.ru/8.3/MDClasses	IncludeHelpInContents	8.3.27	platform-property-md-IncludeHelpInContents
ChartOfCalculationTypes	help	http://v8.1c.ru/8.3/MDClasses	Help	8.3.27	platform-property-md-Help
ChartOfCalculationTypes	dataLockFields	http://v8.1c.ru/8.3/MDClasses	DataLockFields	8.3.27	platform-property-md-DataLockFields
ChartOfCalculationTypes	dataLockControlMode	http://v8.1c.ru/8.3/MDClasses	DataLockControlMode	8.3.27	platform-property-md-DataLockControlMode
ChartOfCalculationTypes	fullTextSearch	http://v8.1c.ru/8.3/MDClasses	FullTextSearch	8.3.27	platform-property-md-FullTextSearch
ChartOfCalculationTypes	objectPresentation	http://v8.1c.ru/8.3/MDClasses	ObjectPresentation	8.3.27	platform-property-md-ObjectPresentation
ChartOfCalculationTypes	extendedObjectPresentation	http://v8.1c.ru/8.3/MDClasses	ExtendedObjectPresentation	8.3.27	platform-property-md-ExtendedObjectPresentation
ChartOfCalculationTypes	listPresentation	http://v8.1c.ru/8.3/MDClasses	ListPresentation	8.3.27	platform-property-md-ListPresentation
ChartOfCalculationTypes	extendedListPresentation	http://v8.1c.ru/8.3/MDClasses	ExtendedListPresentation	8.3.27	platform-property-md-ExtendedListPresentation
ChartOfCalculationTypes	explanation	http://v8.1c.ru/8.3/MDClasses	Explanation	8.3.27	platform-property-md-Explanation
ChartOfCalculationTypes	dataHistory	http://v8.1c.ru/8.3/MDClasses	DataHistory	8.3.27	platform-property-md-DataHistory
ChartOfCalculationTypes	updateDataHistoryImmediatelyAfterWrite	http://v8.1c.ru/8.3/MDClasses	UpdateDataHistoryImmediatelyAfterWrite	8.3.27	platform-property-md-UpdateDataHistoryImmediatelyAfterWrite
ChartOfCalculationTypes	executeAfterWriteDataHistoryVersionProcessing	http://v8.1c.ru/8.3/MDClasses	ExecuteAfterWriteDataHistoryVersionProcessing	8.3.27	platform-property-md-ExecuteAfterWriteDataHistoryVersionProcessing
ChartOfCalculationTypesAttribute	name	http://v8.1c.ru/8.3/MDClasses	Name	8.3.27	platform-property-md-Name
ChartOfCalculationTypesAttribute	synonym	http://v8.1c.ru/8.3/MDClasses	Synonym	8.3.27	platform-property-md-Synonym
ChartOfCalculationTypesAttribute	comment	http://v8.1c.ru/8.3/MDClasses	Comment	8.3.27	platform-property-md-Comment
ChartOfCalculationTypesAttribute	objectBelonging	http://v8.1c.ru/8.3/MDClasses	ObjectBelonging	8.3.27	platform-property-md-ObjectBelonging
ChartOfCalculationTypesAttribute	extendedConfigurationObject	http://v8.1c.ru/8.3/MDClasses	ExtendedConfigurationObject	8.3.27	platform-property-md-ExtendedConfigurationObject
ChartOfCalculationTypesAttribute	type	http://v8.1c.ru/8.3/MDClasses	Type	8.3.27	platform-property-md-Type
ChartOfCalculationTypesAttribute	passwordMode	http://v8.1c.ru/8.3/MDClasses	PasswordMode	8.3.27	platform-property-md-PasswordMode
ChartOfCalculationTypesAttribute	format	http://v8.1c.ru/8.3/MDClasses	Format	8.3.27	platform-property-md-Format
ChartOfCalculationTypesAttribute	editFormat	http://v8.1c.ru/8.3/MDClasses	EditFormat	8.3.27	platform-property-md-EditFormat
ChartOfCalculationTypesAttribute	toolTip	http://v8.1c.ru/8.3/MDClasses	ToolTip	8.3.27	platform-property-md-ToolTip
ChartOfCalculationTypesAttribute	markNegatives	http://v8.1c.ru/8.3/MDClasses	MarkNegatives	8.3.27	platform-property-md-MarkNegatives
ChartOfCalculationTypesAttribute	mask	http://v8.1c.ru/8.3/MDClasses	Mask	8.3.27	platform-property-md-Mask
ChartOfCalculationTypesAttribute	multiLine	http://v8.1c.ru/8.3/MDClasses	MultiLine	8.3.27	platform-property-md-MultiLine
ChartOfCalculationTypesAttribute	extendedEdit	http://v8.1c.ru/8.3/MDClasses	ExtendedEdit	8.3.27	platform-property-md-ExtendedEdit
ChartOfCalculationTypesAttribute	minValue	http://v8.1c.ru/8.3/MDClasses	MinValue	8.3.27	platform-property-md-MinValue
ChartOfCalculationTypesAttribute	maxValue	http://v8.1c.ru/8.3/MDClasses	MaxValue	8.3.27	platform-property-md-MaxValue
ChartOfCalculationTypesAttribute	fillFromFillingValue	http://v8.1c.ru/8.3/MDClasses	FillFromFillingValue	8.3.27	platform-property-md-FillFromFillingValue
ChartOfCalculationTypesAttribute	fillValue	http://v8.1c.ru/8.3/MDClasses	FillValue	8.3.27	platform-property-md-FillValue
ChartOfCalculationTypesAttribute	fillChecking	http://v8.1c.ru/8.3/MDClasses	FillChecking	8.3.27	platform-property-md-FillChecking
ChartOfCalculationTypesAttribute	choiceFoldersAndItems	http://v8.1c.ru/8.3/MDClasses	ChoiceFoldersAndItems	8.3.27	platform-property-md-ChoiceFoldersAndItems
ChartOfCalculationTypesAttribute	choiceParameterLinks	http://v8.1c.ru/8.3/MDClasses	ChoiceParameterLinks	8.3.27	platform-property-md-ChoiceParameterLinks
ChartOfCalculationTypesAttribute	choiceParameters	http://v8.1c.ru/8.3/MDClasses	ChoiceParameters	8.3.27	platform-property-md-ChoiceParameters
ChartOfCalculationTypesAttribute	quickChoice	http://v8.1c.ru/8.3/MDClasses	QuickChoice	8.3.27	platform-property-md-QuickChoice
ChartOfCalculationTypesAttribute	createOnInput	http://v8.1c.ru/8.3/MDClasses	CreateOnInput	8.3.27	platform-property-md-CreateOnInput
ChartOfCalculationTypesAttribute	choiceForm	http://v8.1c.ru/8.3/MDClasses	ChoiceForm	8.3.27	platform-property-md-ChoiceForm
ChartOfCalculationTypesAttribute	linkByType	http://v8.1c.ru/8.3/MDClasses	LinkByType	8.3.27	platform-property-md-LinkByType
ChartOfCalculationTypesAttribute	choiceHistoryOnInput	http://v8.1c.ru/8.3/MDClasses	ChoiceHistoryOnInput	8.3.27	platform-property-md-ChoiceHistoryOnInput
ChartOfCalculationTypesAttribute	indexing	http://v8.1c.ru/8.3/MDClasses	Indexing	8.3.27	platform-property-md-Indexing
ChartOfCalculationTypesAttribute	fullTextSearch	http://v8.1c.ru/8.3/MDClasses	FullTextSearch	8.3.27	platform-property-md-FullTextSearch
ChartOfCalculationTypesAttribute	dataHistory	http://v8.1c.ru/8.3/MDClasses	DataHistory	8.3.27	platform-property-md-DataHistory
ChartOfCalculationTypesAttribute	binaryDataStorageLocationUse	http://v8.1c.ru/8.3/MDClasses	BinaryDataStorageLocationUse	8.3.27	platform-property-md-BinaryDataStorageLocationUse
ChartOfCalculationTypesAttribute	binaryDataStorageLocationUseField	http://v8.1c.ru/8.3/MDClasses	BinaryDataStorageLocationUseField	8.3.27	platform-property-md-BinaryDataStorageLocationUseField
ChartOfCalculationTypesTabularSection	name	http://v8.1c.ru/8.3/MDClasses	Name	8.3.27	platform-property-md-Name
ChartOfCalculationTypesTabularSection	synonym	http://v8.1c.ru/8.3/MDClasses	Synonym	8.3.27	platform-property-md-Synonym
ChartOfCalculationTypesTabularSection	comment	http://v8.1c.ru/8.3/MDClasses	Comment	8.3.27	platform-property-md-Comment
ChartOfCalculationTypesTabularSection	objectBelonging	http://v8.1c.ru/8.3/MDClasses	ObjectBelonging	8.3.27	platform-property-md-ObjectBelonging
ChartOfCalculationTypesTabularSection	extendedConfigurationObject	http://v8.1c.ru/8.3/MDClasses	ExtendedConfigurationObject	8.3.27	platform-property-md-ExtendedConfigurationObject
ChartOfCalculationTypesTabularSection	toolTip	http://v8.1c.ru/8.3/MDClasses	ToolTip	8.3.27	platform-property-md-ToolTip
ChartOfCalculationTypesTabularSection	fillChecking	http://v8.1c.ru/8.3/MDClasses	FillChecking	8.3.27	platform-property-md-FillChecking
ChartOfCalculationTypesTabularSection	standardAttributes	http://v8.1c.ru/8.3/MDClasses	StandardAttributes	8.3.27	platform-property-md-StandardAttributes
ChartOfCalculationTypesTabularSection	lineNumberLength	http://v8.1c.ru/8.3/MDClasses	LineNumberLength	8.3.27	platform-property-md-LineNumberLength
ChartOfCalculationTypesForm	name	http://v8.1c.ru/8.3/MDClasses	Name	8.3.27	platform-property-md-Name
ChartOfCalculationTypesForm	synonym	http://v8.1c.ru/8.3/MDClasses	Synonym	8.3.27	platform-property-md-Synonym
ChartOfCalculationTypesForm	comment	http://v8.1c.ru/8.3/MDClasses	Comment	8.3.27	platform-property-md-Comment
ChartOfCalculationTypesForm	objectBelonging	http://v8.1c.ru/8.3/MDClasses	ObjectBelonging	8.3.27	platform-property-md-ObjectBelonging
ChartOfCalculationTypesForm	extendedConfigurationObject	http://v8.1c.ru/8.3/MDClasses	ExtendedConfigurationObject	8.3.27	platform-property-md-ExtendedConfigurationObject
ChartOfCalculationTypesForm	formType	http://v8.1c.ru/8.3/MDClasses	FormType	8.3.27	platform-property-md-FormType
ChartOfCalculationTypesForm	includeHelpInContents	http://v8.1c.ru/8.3/MDClasses	IncludeHelpInContents	8.3.27	platform-property-md-IncludeHelpInContents
ChartOfCalculationTypesForm	help	http://v8.1c.ru/8.3/MDClasses	Help	8.3.27	platform-property-md-Help
ChartOfCalculationTypesForm	usePurposes	http://v8.1c.ru/8.3/MDClasses	UsePurposes	8.3.27	platform-property-md-UsePurposes
ChartOfCalculationTypesForm	useInInterfaceCompatibilityMode	http://v8.1c.ru/8.3/MDClasses	UseInInterfaceCompatibilityMode	8.5.1	platform-property-md-UseInInterfaceCompatibilityMode
ChartOfCalculationTypesCommand	name	http://v8.1c.ru/8.3/MDClasses	Name	8.3.27	platform-property-md-Name
ChartOfCalculationTypesCommand	synonym	http://v8.1c.ru/8.3/MDClasses	Synonym	8.3.27	platform-property-md-Synonym
ChartOfCalculationTypesCommand	comment	http://v8.1c.ru/8.3/MDClasses	Comment	8.3.27	platform-property-md-Comment
ChartOfCalculationTypesCommand	objectBelonging	http://v8.1c.ru/8.3/MDClasses	ObjectBelonging	8.3.27	platform-property-md-ObjectBelonging
ChartOfCalculationTypesCommand	extendedConfigurationObject	http://v8.1c.ru/8.3/MDClasses	ExtendedConfigurationObject	8.3.27	platform-property-md-ExtendedConfigurationObject
ChartOfCalculationTypesCommand	group	http://v8.1c.ru/8.3/MDClasses	Group	8.3.27	platform-property-md-Group
ChartOfCalculationTypesCommand	commandParameterType	http://v8.1c.ru/8.3/MDClasses	CommandParameterType	8.3.27	platform-property-md-CommandParameterType
ChartOfCalculationTypesCommand	parameterUseMode	http://v8.1c.ru/8.3/MDClasses	ParameterUseMode	8.3.27	platform-property-md-ParameterUseMode
ChartOfCalculationTypesCommand	modifiesData	http://v8.1c.ru/8.3/MDClasses	ModifiesData	8.3.27	platform-property-md-ModifiesData
ChartOfCalculationTypesCommand	representation	http://v8.1c.ru/8.3/MDClasses	Representation	8.3.27	platform-property-md-Representation
ChartOfCalculationTypesCommand	toolTip	http://v8.1c.ru/8.3/MDClasses	ToolTip	8.3.27	platform-property-md-ToolTip
ChartOfCalculationTypesCommand	picture	http://v8.1c.ru/8.3/MDClasses	Picture	8.3.27	platform-property-md-Picture
ChartOfCalculationTypesCommand	shortcut	http://v8.1c.ru/8.3/MDClasses	Shortcut	8.3.27	platform-property-md-Shortcut
ChartOfCalculationTypesCommand	onMainServerUnavalableBehavior	http://v8.1c.ru/8.3/MDClasses	OnMainServerUnavalableBehavior	8.3.27	platform-property-md-OnMainServerUnavalableBehavior
AccountingRegister	name	http://v8.1c.ru/8.3/MDClasses	Name	8.3.27	platform-property-md-Name
AccountingRegister	synonym	http://v8.1c.ru/8.3/MDClasses	Synonym	8.3.27	platform-property-md-Synonym
AccountingRegister	comment	http://v8.1c.ru/8.3/MDClasses	Comment	8.3.27	platform-property-md-Comment
AccountingRegister	objectBelonging	http://v8.1c.ru/8.3/MDClasses	ObjectBelonging	8.3.27	platform-property-md-ObjectBelonging
AccountingRegister	extendedConfigurationObject	http://v8.1c.ru/8.3/MDClasses	ExtendedConfigurationObject	8.3.27	platform-property-md-ExtendedConfigurationObject
AccountingRegister	useStandardCommands	http://v8.1c.ru/8.3/MDClasses	UseStandardCommands	8.3.27	platform-property-md-UseStandardCommands
AccountingRegister	includeHelpInContents	http://v8.1c.ru/8.3/MDClasses	IncludeHelpInContents	8.3.27	platform-property-md-IncludeHelpInContents
AccountingRegister	help	http://v8.1c.ru/8.3/MDClasses	Help	8.3.27	platform-property-md-Help
AccountingRegister	chartOfAccounts	http://v8.1c.ru/8.3/MDClasses	ChartOfAccounts	8.3.27	platform-property-md-ChartOfAccounts
AccountingRegister	correspondence	http://v8.1c.ru/8.3/MDClasses	Correspondence	8.3.27	platform-property-md-Correspondence
AccountingRegister	periodAdjustmentLength	http://v8.1c.ru/8.3/MDClasses	PeriodAdjustmentLength	8.3.27	platform-property-md-PeriodAdjustmentLength
AccountingRegister	defaultListForm	http://v8.1c.ru/8.3/MDClasses	DefaultListForm	8.3.27	platform-property-md-DefaultListForm
AccountingRegister	auxiliaryListForm	http://v8.1c.ru/8.3/MDClasses	AuxiliaryListForm	8.3.27	platform-property-md-AuxiliaryListForm
AccountingRegister	standardAttributes	http://v8.1c.ru/8.3/MDClasses	StandardAttributes	8.3.27	platform-property-md-StandardAttributes
AccountingRegister	dataLockControlMode	http://v8.1c.ru/8.3/MDClasses	DataLockControlMode	8.3.27	platform-property-md-DataLockControlMode
AccountingRegister	enableTotalsSplitting	http://v8.1c.ru/8.3/MDClasses	EnableTotalsSplitting	8.3.27	platform-property-md-EnableTotalsSplitting
AccountingRegister	fullTextSearch	http://v8.1c.ru/8.3/MDClasses	FullTextSearch	8.3.27	platform-property-md-FullTextSearch
AccountingRegister	listPresentation	http://v8.1c.ru/8.3/MDClasses	ListPresentation	8.3.27	platform-property-md-ListPresentation
AccountingRegister	extendedListPresentation	http://v8.1c.ru/8.3/MDClasses	ExtendedListPresentation	8.3.27	platform-property-md-ExtendedListPresentation
AccountingRegister	explanation	http://v8.1c.ru/8.3/MDClasses	Explanation	8.3.27	platform-property-md-Explanation
AccountingRegisterDimension	name	http://v8.1c.ru/8.3/MDClasses	Name	8.3.27	platform-property-md-Name
AccountingRegisterDimension	synonym	http://v8.1c.ru/8.3/MDClasses	Synonym	8.3.27	platform-property-md-Synonym
AccountingRegisterDimension	comment	http://v8.1c.ru/8.3/MDClasses	Comment	8.3.27	platform-property-md-Comment
AccountingRegisterDimension	objectBelonging	http://v8.1c.ru/8.3/MDClasses	ObjectBelonging	8.3.27	platform-property-md-ObjectBelonging
AccountingRegisterDimension	extendedConfigurationObject	http://v8.1c.ru/8.3/MDClasses	ExtendedConfigurationObject	8.3.27	platform-property-md-ExtendedConfigurationObject
AccountingRegisterDimension	type	http://v8.1c.ru/8.3/MDClasses	Type	8.3.27	platform-property-md-Type
AccountingRegisterDimension	passwordMode	http://v8.1c.ru/8.3/MDClasses	PasswordMode	8.3.27	platform-property-md-PasswordMode
AccountingRegisterDimension	format	http://v8.1c.ru/8.3/MDClasses	Format	8.3.27	platform-property-md-Format
AccountingRegisterDimension	editFormat	http://v8.1c.ru/8.3/MDClasses	EditFormat	8.3.27	platform-property-md-EditFormat
AccountingRegisterDimension	toolTip	http://v8.1c.ru/8.3/MDClasses	ToolTip	8.3.27	platform-property-md-ToolTip
AccountingRegisterDimension	markNegatives	http://v8.1c.ru/8.3/MDClasses	MarkNegatives	8.3.27	platform-property-md-MarkNegatives
AccountingRegisterDimension	mask	http://v8.1c.ru/8.3/MDClasses	Mask	8.3.27	platform-property-md-Mask
AccountingRegisterDimension	multiLine	http://v8.1c.ru/8.3/MDClasses	MultiLine	8.3.27	platform-property-md-MultiLine
AccountingRegisterDimension	extendedEdit	http://v8.1c.ru/8.3/MDClasses	ExtendedEdit	8.3.27	platform-property-md-ExtendedEdit
AccountingRegisterDimension	minValue	http://v8.1c.ru/8.3/MDClasses	MinValue	8.3.27	platform-property-md-MinValue
AccountingRegisterDimension	maxValue	http://v8.1c.ru/8.3/MDClasses	MaxValue	8.3.27	platform-property-md-MaxValue
AccountingRegisterDimension	fillChecking	http://v8.1c.ru/8.3/MDClasses	FillChecking	8.3.27	platform-property-md-FillChecking
AccountingRegisterDimension	choiceFoldersAndItems	http://v8.1c.ru/8.3/MDClasses	ChoiceFoldersAndItems	8.3.27	platform-property-md-ChoiceFoldersAndItems
AccountingRegisterDimension	choiceParameterLinks	http://v8.1c.ru/8.3/MDClasses	ChoiceParameterLinks	8.3.27	platform-property-md-ChoiceParameterLinks
AccountingRegisterDimension	choiceParameters	http://v8.1c.ru/8.3/MDClasses	ChoiceParameters	8.3.27	platform-property-md-ChoiceParameters
AccountingRegisterDimension	quickChoice	http://v8.1c.ru/8.3/MDClasses	QuickChoice	8.3.27	platform-property-md-QuickChoice
AccountingRegisterDimension	createOnInput	http://v8.1c.ru/8.3/MDClasses	CreateOnInput	8.3.27	platform-property-md-CreateOnInput
AccountingRegisterDimension	choiceForm	http://v8.1c.ru/8.3/MDClasses	ChoiceForm	8.3.27	platform-property-md-ChoiceForm
AccountingRegisterDimension	linkByType	http://v8.1c.ru/8.3/MDClasses	LinkByType	8.3.27	platform-property-md-LinkByType
AccountingRegisterDimension	choiceHistoryOnInput	http://v8.1c.ru/8.3/MDClasses	ChoiceHistoryOnInput	8.3.27	platform-property-md-ChoiceHistoryOnInput
AccountingRegisterDimension	balance	http://v8.1c.ru/8.3/MDClasses	Balance	8.3.27	platform-property-md-Balance
AccountingRegisterDimension	accountingFlag	http://v8.1c.ru/8.3/MDClasses	AccountingFlag	8.3.27	platform-property-md-AccountingFlag
AccountingRegisterDimension	denyIncompleteValues	http://v8.1c.ru/8.3/MDClasses	DenyIncompleteValues	8.3.27	platform-property-md-DenyIncompleteValues
AccountingRegisterDimension	indexing	http://v8.1c.ru/8.3/MDClasses	Indexing	8.3.27	platform-property-md-Indexing
AccountingRegisterDimension	fullTextSearch	http://v8.1c.ru/8.3/MDClasses	FullTextSearch	8.3.27	platform-property-md-FullTextSearch
AccountingRegisterResource	name	http://v8.1c.ru/8.3/MDClasses	Name	8.3.27	platform-property-md-Name
AccountingRegisterResource	synonym	http://v8.1c.ru/8.3/MDClasses	Synonym	8.3.27	platform-property-md-Synonym
AccountingRegisterResource	comment	http://v8.1c.ru/8.3/MDClasses	Comment	8.3.27	platform-property-md-Comment
AccountingRegisterResource	objectBelonging	http://v8.1c.ru/8.3/MDClasses	ObjectBelonging	8.3.27	platform-property-md-ObjectBelonging
AccountingRegisterResource	extendedConfigurationObject	http://v8.1c.ru/8.3/MDClasses	ExtendedConfigurationObject	8.3.27	platform-property-md-ExtendedConfigurationObject
AccountingRegisterResource	type	http://v8.1c.ru/8.3/MDClasses	Type	8.3.27	platform-property-md-Type
AccountingRegisterResource	passwordMode	http://v8.1c.ru/8.3/MDClasses	PasswordMode	8.3.27	platform-property-md-PasswordMode
AccountingRegisterResource	format	http://v8.1c.ru/8.3/MDClasses	Format	8.3.27	platform-property-md-Format
AccountingRegisterResource	editFormat	http://v8.1c.ru/8.3/MDClasses	EditFormat	8.3.27	platform-property-md-EditFormat
AccountingRegisterResource	toolTip	http://v8.1c.ru/8.3/MDClasses	ToolTip	8.3.27	platform-property-md-ToolTip
AccountingRegisterResource	markNegatives	http://v8.1c.ru/8.3/MDClasses	MarkNegatives	8.3.27	platform-property-md-MarkNegatives
AccountingRegisterResource	mask	http://v8.1c.ru/8.3/MDClasses	Mask	8.3.27	platform-property-md-Mask
AccountingRegisterResource	multiLine	http://v8.1c.ru/8.3/MDClasses	MultiLine	8.3.27	platform-property-md-MultiLine
AccountingRegisterResource	extendedEdit	http://v8.1c.ru/8.3/MDClasses	ExtendedEdit	8.3.27	platform-property-md-ExtendedEdit
AccountingRegisterResource	minValue	http://v8.1c.ru/8.3/MDClasses	MinValue	8.3.27	platform-property-md-MinValue
AccountingRegisterResource	maxValue	http://v8.1c.ru/8.3/MDClasses	MaxValue	8.3.27	platform-property-md-MaxValue
AccountingRegisterResource	fillChecking	http://v8.1c.ru/8.3/MDClasses	FillChecking	8.3.27	platform-property-md-FillChecking
AccountingRegisterResource	choiceFoldersAndItems	http://v8.1c.ru/8.3/MDClasses	ChoiceFoldersAndItems	8.3.27	platform-property-md-ChoiceFoldersAndItems
AccountingRegisterResource	choiceParameterLinks	http://v8.1c.ru/8.3/MDClasses	ChoiceParameterLinks	8.3.27	platform-property-md-ChoiceParameterLinks
AccountingRegisterResource	choiceParameters	http://v8.1c.ru/8.3/MDClasses	ChoiceParameters	8.3.27	platform-property-md-ChoiceParameters
AccountingRegisterResource	quickChoice	http://v8.1c.ru/8.3/MDClasses	QuickChoice	8.3.27	platform-property-md-QuickChoice
AccountingRegisterResource	createOnInput	http://v8.1c.ru/8.3/MDClasses	CreateOnInput	8.3.27	platform-property-md-CreateOnInput
AccountingRegisterResource	choiceForm	http://v8.1c.ru/8.3/MDClasses	ChoiceForm	8.3.27	platform-property-md-ChoiceForm
AccountingRegisterResource	linkByType	http://v8.1c.ru/8.3/MDClasses	LinkByType	8.3.27	platform-property-md-LinkByType
AccountingRegisterResource	choiceHistoryOnInput	http://v8.1c.ru/8.3/MDClasses	ChoiceHistoryOnInput	8.3.27	platform-property-md-ChoiceHistoryOnInput
AccountingRegisterResource	balance	http://v8.1c.ru/8.3/MDClasses	Balance	8.3.27	platform-property-md-Balance
AccountingRegisterResource	accountingFlag	http://v8.1c.ru/8.3/MDClasses	AccountingFlag	8.3.27	platform-property-md-AccountingFlag
AccountingRegisterResource	extDimensionAccountingFlag	http://v8.1c.ru/8.3/MDClasses	ExtDimensionAccountingFlag	8.3.27	platform-property-md-ExtDimensionAccountingFlag
AccountingRegisterResource	fullTextSearch	http://v8.1c.ru/8.3/MDClasses	FullTextSearch	8.3.27	platform-property-md-FullTextSearch
AccountingRegisterAttribute	name	http://v8.1c.ru/8.3/MDClasses	Name	8.3.27	platform-property-md-Name
AccountingRegisterAttribute	synonym	http://v8.1c.ru/8.3/MDClasses	Synonym	8.3.27	platform-property-md-Synonym
AccountingRegisterAttribute	comment	http://v8.1c.ru/8.3/MDClasses	Comment	8.3.27	platform-property-md-Comment
AccountingRegisterAttribute	objectBelonging	http://v8.1c.ru/8.3/MDClasses	ObjectBelonging	8.3.27	platform-property-md-ObjectBelonging
AccountingRegisterAttribute	extendedConfigurationObject	http://v8.1c.ru/8.3/MDClasses	ExtendedConfigurationObject	8.3.27	platform-property-md-ExtendedConfigurationObject
AccountingRegisterAttribute	type	http://v8.1c.ru/8.3/MDClasses	Type	8.3.27	platform-property-md-Type
AccountingRegisterAttribute	passwordMode	http://v8.1c.ru/8.3/MDClasses	PasswordMode	8.3.27	platform-property-md-PasswordMode
AccountingRegisterAttribute	format	http://v8.1c.ru/8.3/MDClasses	Format	8.3.27	platform-property-md-Format
AccountingRegisterAttribute	editFormat	http://v8.1c.ru/8.3/MDClasses	EditFormat	8.3.27	platform-property-md-EditFormat
AccountingRegisterAttribute	toolTip	http://v8.1c.ru/8.3/MDClasses	ToolTip	8.3.27	platform-property-md-ToolTip
AccountingRegisterAttribute	markNegatives	http://v8.1c.ru/8.3/MDClasses	MarkNegatives	8.3.27	platform-property-md-MarkNegatives
AccountingRegisterAttribute	mask	http://v8.1c.ru/8.3/MDClasses	Mask	8.3.27	platform-property-md-Mask
AccountingRegisterAttribute	multiLine	http://v8.1c.ru/8.3/MDClasses	MultiLine	8.3.27	platform-property-md-MultiLine
AccountingRegisterAttribute	extendedEdit	http://v8.1c.ru/8.3/MDClasses	ExtendedEdit	8.3.27	platform-property-md-ExtendedEdit
AccountingRegisterAttribute	minValue	http://v8.1c.ru/8.3/MDClasses	MinValue	8.3.27	platform-property-md-MinValue
AccountingRegisterAttribute	maxValue	http://v8.1c.ru/8.3/MDClasses	MaxValue	8.3.27	platform-property-md-MaxValue
AccountingRegisterAttribute	fillChecking	http://v8.1c.ru/8.3/MDClasses	FillChecking	8.3.27	platform-property-md-FillChecking
AccountingRegisterAttribute	choiceFoldersAndItems	http://v8.1c.ru/8.3/MDClasses	ChoiceFoldersAndItems	8.3.27	platform-property-md-ChoiceFoldersAndItems
AccountingRegisterAttribute	choiceParameterLinks	http://v8.1c.ru/8.3/MDClasses	ChoiceParameterLinks	8.3.27	platform-property-md-ChoiceParameterLinks
AccountingRegisterAttribute	choiceParameters	http://v8.1c.ru/8.3/MDClasses	ChoiceParameters	8.3.27	platform-property-md-ChoiceParameters
AccountingRegisterAttribute	quickChoice	http://v8.1c.ru/8.3/MDClasses	QuickChoice	8.3.27	platform-property-md-QuickChoice
AccountingRegisterAttribute	createOnInput	http://v8.1c.ru/8.3/MDClasses	CreateOnInput	8.3.27	platform-property-md-CreateOnInput
AccountingRegisterAttribute	choiceForm	http://v8.1c.ru/8.3/MDClasses	ChoiceForm	8.3.27	platform-property-md-ChoiceForm
AccountingRegisterAttribute	linkByType	http://v8.1c.ru/8.3/MDClasses	LinkByType	8.3.27	platform-property-md-LinkByType
AccountingRegisterAttribute	choiceHistoryOnInput	http://v8.1c.ru/8.3/MDClasses	ChoiceHistoryOnInput	8.3.27	platform-property-md-ChoiceHistoryOnInput
AccountingRegisterAttribute	binaryDataStorageLocationUse	http://v8.1c.ru/8.3/MDClasses	BinaryDataStorageLocationUse	8.3.27	platform-property-md-BinaryDataStorageLocationUse
AccountingRegisterAttribute	binaryDataStorageLocationUseField	http://v8.1c.ru/8.3/MDClasses	BinaryDataStorageLocationUseField	8.3.27	platform-property-md-BinaryDataStorageLocationUseField
AccountingRegisterAttribute	indexing	http://v8.1c.ru/8.3/MDClasses	Indexing	8.3.27	platform-property-md-Indexing
AccountingRegisterAttribute	fullTextSearch	http://v8.1c.ru/8.3/MDClasses	FullTextSearch	8.3.27	platform-property-md-FullTextSearch
AccountingRegisterForm	name	http://v8.1c.ru/8.3/MDClasses	Name	8.3.27	platform-property-md-Name
AccountingRegisterForm	synonym	http://v8.1c.ru/8.3/MDClasses	Synonym	8.3.27	platform-property-md-Synonym
AccountingRegisterForm	comment	http://v8.1c.ru/8.3/MDClasses	Comment	8.3.27	platform-property-md-Comment
AccountingRegisterForm	objectBelonging	http://v8.1c.ru/8.3/MDClasses	ObjectBelonging	8.3.27	platform-property-md-ObjectBelonging
AccountingRegisterForm	extendedConfigurationObject	http://v8.1c.ru/8.3/MDClasses	ExtendedConfigurationObject	8.3.27	platform-property-md-ExtendedConfigurationObject
AccountingRegisterForm	formType	http://v8.1c.ru/8.3/MDClasses	FormType	8.3.27	platform-property-md-FormType
AccountingRegisterForm	includeHelpInContents	http://v8.1c.ru/8.3/MDClasses	IncludeHelpInContents	8.3.27	platform-property-md-IncludeHelpInContents
AccountingRegisterForm	help	http://v8.1c.ru/8.3/MDClasses	Help	8.3.27	platform-property-md-Help
AccountingRegisterForm	usePurposes	http://v8.1c.ru/8.3/MDClasses	UsePurposes	8.3.27	platform-property-md-UsePurposes
AccountingRegisterForm	useInInterfaceCompatibilityMode	http://v8.1c.ru/8.3/MDClasses	UseInInterfaceCompatibilityMode	8.5.1	platform-property-md-UseInInterfaceCompatibilityMode
AccountingRegisterCommand	name	http://v8.1c.ru/8.3/MDClasses	Name	8.3.27	platform-property-md-Name
AccountingRegisterCommand	synonym	http://v8.1c.ru/8.3/MDClasses	Synonym	8.3.27	platform-property-md-Synonym
AccountingRegisterCommand	comment	http://v8.1c.ru/8.3/MDClasses	Comment	8.3.27	platform-property-md-Comment
AccountingRegisterCommand	objectBelonging	http://v8.1c.ru/8.3/MDClasses	ObjectBelonging	8.3.27	platform-property-md-ObjectBelonging
AccountingRegisterCommand	extendedConfigurationObject	http://v8.1c.ru/8.3/MDClasses	ExtendedConfigurationObject	8.3.27	platform-property-md-ExtendedConfigurationObject
AccountingRegisterCommand	group	http://v8.1c.ru/8.3/MDClasses	Group	8.3.27	platform-property-md-Group
AccountingRegisterCommand	commandParameterType	http://v8.1c.ru/8.3/MDClasses	CommandParameterType	8.3.27	platform-property-md-CommandParameterType
AccountingRegisterCommand	parameterUseMode	http://v8.1c.ru/8.3/MDClasses	ParameterUseMode	8.3.27	platform-property-md-ParameterUseMode
AccountingRegisterCommand	modifiesData	http://v8.1c.ru/8.3/MDClasses	ModifiesData	8.3.27	platform-property-md-ModifiesData
AccountingRegisterCommand	representation	http://v8.1c.ru/8.3/MDClasses	Representation	8.3.27	platform-property-md-Representation
AccountingRegisterCommand	toolTip	http://v8.1c.ru/8.3/MDClasses	ToolTip	8.3.27	platform-property-md-ToolTip
AccountingRegisterCommand	picture	http://v8.1c.ru/8.3/MDClasses	Picture	8.3.27	platform-property-md-Picture
AccountingRegisterCommand	shortcut	http://v8.1c.ru/8.3/MDClasses	Shortcut	8.3.27	platform-property-md-Shortcut
AccountingRegisterCommand	onMainServerUnavalableBehavior	http://v8.1c.ru/8.3/MDClasses	OnMainServerUnavalableBehavior	8.3.27	platform-property-md-OnMainServerUnavalableBehavior
CalculationRegister	name	http://v8.1c.ru/8.3/MDClasses	Name	8.3.27	platform-property-md-Name
CalculationRegister	synonym	http://v8.1c.ru/8.3/MDClasses	Synonym	8.3.27	platform-property-md-Synonym
CalculationRegister	comment	http://v8.1c.ru/8.3/MDClasses	Comment	8.3.27	platform-property-md-Comment
CalculationRegister	objectBelonging	http://v8.1c.ru/8.3/MDClasses	ObjectBelonging	8.3.27	platform-property-md-ObjectBelonging
CalculationRegister	extendedConfigurationObject	http://v8.1c.ru/8.3/MDClasses	ExtendedConfigurationObject	8.3.27	platform-property-md-ExtendedConfigurationObject
CalculationRegister	useStandardCommands	http://v8.1c.ru/8.3/MDClasses	UseStandardCommands	8.3.27	platform-property-md-UseStandardCommands
CalculationRegister	defaultListForm	http://v8.1c.ru/8.3/MDClasses	DefaultListForm	8.3.27	platform-property-md-DefaultListForm
CalculationRegister	auxiliaryListForm	http://v8.1c.ru/8.3/MDClasses	AuxiliaryListForm	8.3.27	platform-property-md-AuxiliaryListForm
CalculationRegister	periodicity	http://v8.1c.ru/8.3/MDClasses	Periodicity	8.3.27	platform-property-md-Periodicity
CalculationRegister	actionPeriod	http://v8.1c.ru/8.3/MDClasses	ActionPeriod	8.3.27	platform-property-md-ActionPeriod
CalculationRegister	basePeriod	http://v8.1c.ru/8.3/MDClasses	BasePeriod	8.3.27	platform-property-md-BasePeriod
CalculationRegister	schedule	http://v8.1c.ru/8.3/MDClasses	Schedule	8.3.27	platform-property-md-Schedule
CalculationRegister	scheduleValue	http://v8.1c.ru/8.3/MDClasses	ScheduleValue	8.3.27	platform-property-md-ScheduleValue
CalculationRegister	scheduleDate	http://v8.1c.ru/8.3/MDClasses	ScheduleDate	8.3.27	platform-property-md-ScheduleDate
CalculationRegister	chartOfCalculationTypes	http://v8.1c.ru/8.3/MDClasses	ChartOfCalculationTypes	8.3.27	platform-property-md-ChartOfCalculationTypes
CalculationRegister	includeHelpInContents	http://v8.1c.ru/8.3/MDClasses	IncludeHelpInContents	8.3.27	platform-property-md-IncludeHelpInContents
CalculationRegister	help	http://v8.1c.ru/8.3/MDClasses	Help	8.3.27	platform-property-md-Help
CalculationRegister	standardAttributes	http://v8.1c.ru/8.3/MDClasses	StandardAttributes	8.3.27	platform-property-md-StandardAttributes
CalculationRegister	dataLockControlMode	http://v8.1c.ru/8.3/MDClasses	DataLockControlMode	8.3.27	platform-property-md-DataLockControlMode
CalculationRegister	fullTextSearch	http://v8.1c.ru/8.3/MDClasses	FullTextSearch	8.3.27	platform-property-md-FullTextSearch
CalculationRegister	listPresentation	http://v8.1c.ru/8.3/MDClasses	ListPresentation	8.3.27	platform-property-md-ListPresentation
CalculationRegister	extendedListPresentation	http://v8.1c.ru/8.3/MDClasses	ExtendedListPresentation	8.3.27	platform-property-md-ExtendedListPresentation
CalculationRegister	explanation	http://v8.1c.ru/8.3/MDClasses	Explanation	8.3.27	platform-property-md-Explanation
CalculationRegisterResource	name	http://v8.1c.ru/8.3/MDClasses	Name	8.3.27	platform-property-md-Name
CalculationRegisterResource	synonym	http://v8.1c.ru/8.3/MDClasses	Synonym	8.3.27	platform-property-md-Synonym
CalculationRegisterResource	comment	http://v8.1c.ru/8.3/MDClasses	Comment	8.3.27	platform-property-md-Comment
CalculationRegisterResource	objectBelonging	http://v8.1c.ru/8.3/MDClasses	ObjectBelonging	8.3.27	platform-property-md-ObjectBelonging
CalculationRegisterResource	extendedConfigurationObject	http://v8.1c.ru/8.3/MDClasses	ExtendedConfigurationObject	8.3.27	platform-property-md-ExtendedConfigurationObject
CalculationRegisterResource	type	http://v8.1c.ru/8.3/MDClasses	Type	8.3.27	platform-property-md-Type
CalculationRegisterResource	passwordMode	http://v8.1c.ru/8.3/MDClasses	PasswordMode	8.3.27	platform-property-md-PasswordMode
CalculationRegisterResource	format	http://v8.1c.ru/8.3/MDClasses	Format	8.3.27	platform-property-md-Format
CalculationRegisterResource	editFormat	http://v8.1c.ru/8.3/MDClasses	EditFormat	8.3.27	platform-property-md-EditFormat
CalculationRegisterResource	toolTip	http://v8.1c.ru/8.3/MDClasses	ToolTip	8.3.27	platform-property-md-ToolTip
CalculationRegisterResource	markNegatives	http://v8.1c.ru/8.3/MDClasses	MarkNegatives	8.3.27	platform-property-md-MarkNegatives
CalculationRegisterResource	mask	http://v8.1c.ru/8.3/MDClasses	Mask	8.3.27	platform-property-md-Mask
CalculationRegisterResource	multiLine	http://v8.1c.ru/8.3/MDClasses	MultiLine	8.3.27	platform-property-md-MultiLine
CalculationRegisterResource	extendedEdit	http://v8.1c.ru/8.3/MDClasses	ExtendedEdit	8.3.27	platform-property-md-ExtendedEdit
CalculationRegisterResource	minValue	http://v8.1c.ru/8.3/MDClasses	MinValue	8.3.27	platform-property-md-MinValue
CalculationRegisterResource	maxValue	http://v8.1c.ru/8.3/MDClasses	MaxValue	8.3.27	platform-property-md-MaxValue
CalculationRegisterResource	fillChecking	http://v8.1c.ru/8.3/MDClasses	FillChecking	8.3.27	platform-property-md-FillChecking
CalculationRegisterResource	choiceFoldersAndItems	http://v8.1c.ru/8.3/MDClasses	ChoiceFoldersAndItems	8.3.27	platform-property-md-ChoiceFoldersAndItems
CalculationRegisterResource	choiceParameterLinks	http://v8.1c.ru/8.3/MDClasses	ChoiceParameterLinks	8.3.27	platform-property-md-ChoiceParameterLinks
CalculationRegisterResource	choiceParameters	http://v8.1c.ru/8.3/MDClasses	ChoiceParameters	8.3.27	platform-property-md-ChoiceParameters
CalculationRegisterResource	quickChoice	http://v8.1c.ru/8.3/MDClasses	QuickChoice	8.3.27	platform-property-md-QuickChoice
CalculationRegisterResource	createOnInput	http://v8.1c.ru/8.3/MDClasses	CreateOnInput	8.3.27	platform-property-md-CreateOnInput
CalculationRegisterResource	choiceForm	http://v8.1c.ru/8.3/MDClasses	ChoiceForm	8.3.27	platform-property-md-ChoiceForm
CalculationRegisterResource	linkByType	http://v8.1c.ru/8.3/MDClasses	LinkByType	8.3.27	platform-property-md-LinkByType
CalculationRegisterResource	choiceHistoryOnInput	http://v8.1c.ru/8.3/MDClasses	ChoiceHistoryOnInput	8.3.27	platform-property-md-ChoiceHistoryOnInput
CalculationRegisterResource	fullTextSearch	http://v8.1c.ru/8.3/MDClasses	FullTextSearch	8.3.27	platform-property-md-FullTextSearch
RecalculationDimension	name	http://v8.1c.ru/8.3/MDClasses	Name	8.3.27	platform-property-md-Name
RecalculationDimension	synonym	http://v8.1c.ru/8.3/MDClasses	Synonym	8.3.27	platform-property-md-Synonym
RecalculationDimension	comment	http://v8.1c.ru/8.3/MDClasses	Comment	8.3.27	platform-property-md-Comment
RecalculationDimension	objectBelonging	http://v8.1c.ru/8.3/MDClasses	ObjectBelonging	8.3.27	platform-property-md-ObjectBelonging
RecalculationDimension	extendedConfigurationObject	http://v8.1c.ru/8.3/MDClasses	ExtendedConfigurationObject	8.3.27	platform-property-md-ExtendedConfigurationObject
RecalculationDimension	registerDimension	http://v8.1c.ru/8.3/MDClasses	RegisterDimension	8.3.27	platform-property-md-RegisterDimension
RecalculationDimension	leadingRegisterData	http://v8.1c.ru/8.3/MDClasses	LeadingRegisterData	8.3.27	platform-property-md-LeadingRegisterData
CalculationRegisterAttribute	name	http://v8.1c.ru/8.3/MDClasses	Name	8.3.27	platform-property-md-Name
CalculationRegisterAttribute	synonym	http://v8.1c.ru/8.3/MDClasses	Synonym	8.3.27	platform-property-md-Synonym
CalculationRegisterAttribute	comment	http://v8.1c.ru/8.3/MDClasses	Comment	8.3.27	platform-property-md-Comment
CalculationRegisterAttribute	objectBelonging	http://v8.1c.ru/8.3/MDClasses	ObjectBelonging	8.3.27	platform-property-md-ObjectBelonging
CalculationRegisterAttribute	extendedConfigurationObject	http://v8.1c.ru/8.3/MDClasses	ExtendedConfigurationObject	8.3.27	platform-property-md-ExtendedConfigurationObject
CalculationRegisterAttribute	type	http://v8.1c.ru/8.3/MDClasses	Type	8.3.27	platform-property-md-Type
CalculationRegisterAttribute	passwordMode	http://v8.1c.ru/8.3/MDClasses	PasswordMode	8.3.27	platform-property-md-PasswordMode
CalculationRegisterAttribute	format	http://v8.1c.ru/8.3/MDClasses	Format	8.3.27	platform-property-md-Format
CalculationRegisterAttribute	editFormat	http://v8.1c.ru/8.3/MDClasses	EditFormat	8.3.27	platform-property-md-EditFormat
CalculationRegisterAttribute	toolTip	http://v8.1c.ru/8.3/MDClasses	ToolTip	8.3.27	platform-property-md-ToolTip
CalculationRegisterAttribute	markNegatives	http://v8.1c.ru/8.3/MDClasses	MarkNegatives	8.3.27	platform-property-md-MarkNegatives
CalculationRegisterAttribute	mask	http://v8.1c.ru/8.3/MDClasses	Mask	8.3.27	platform-property-md-Mask
CalculationRegisterAttribute	multiLine	http://v8.1c.ru/8.3/MDClasses	MultiLine	8.3.27	platform-property-md-MultiLine
CalculationRegisterAttribute	extendedEdit	http://v8.1c.ru/8.3/MDClasses	ExtendedEdit	8.3.27	platform-property-md-ExtendedEdit
CalculationRegisterAttribute	minValue	http://v8.1c.ru/8.3/MDClasses	MinValue	8.3.27	platform-property-md-MinValue
CalculationRegisterAttribute	maxValue	http://v8.1c.ru/8.3/MDClasses	MaxValue	8.3.27	platform-property-md-MaxValue
CalculationRegisterAttribute	fillChecking	http://v8.1c.ru/8.3/MDClasses	FillChecking	8.3.27	platform-property-md-FillChecking
CalculationRegisterAttribute	choiceFoldersAndItems	http://v8.1c.ru/8.3/MDClasses	ChoiceFoldersAndItems	8.3.27	platform-property-md-ChoiceFoldersAndItems
CalculationRegisterAttribute	choiceParameterLinks	http://v8.1c.ru/8.3/MDClasses	ChoiceParameterLinks	8.3.27	platform-property-md-ChoiceParameterLinks
CalculationRegisterAttribute	choiceParameters	http://v8.1c.ru/8.3/MDClasses	ChoiceParameters	8.3.27	platform-property-md-ChoiceParameters
CalculationRegisterAttribute	quickChoice	http://v8.1c.ru/8.3/MDClasses	QuickChoice	8.3.27	platform-property-md-QuickChoice
CalculationRegisterAttribute	createOnInput	http://v8.1c.ru/8.3/MDClasses	CreateOnInput	8.3.27	platform-property-md-CreateOnInput
CalculationRegisterAttribute	choiceForm	http://v8.1c.ru/8.3/MDClasses	ChoiceForm	8.3.27	platform-property-md-ChoiceForm
CalculationRegisterAttribute	linkByType	http://v8.1c.ru/8.3/MDClasses	LinkByType	8.3.27	platform-property-md-LinkByType
CalculationRegisterAttribute	choiceHistoryOnInput	http://v8.1c.ru/8.3/MDClasses	ChoiceHistoryOnInput	8.3.27	platform-property-md-ChoiceHistoryOnInput
CalculationRegisterAttribute	scheduleLink	http://v8.1c.ru/8.3/MDClasses	ScheduleLink	8.3.27	platform-property-md-ScheduleLink
CalculationRegisterAttribute	indexing	http://v8.1c.ru/8.3/MDClasses	Indexing	8.3.27	platform-property-md-Indexing
CalculationRegisterAttribute	fullTextSearch	http://v8.1c.ru/8.3/MDClasses	FullTextSearch	8.3.27	platform-property-md-FullTextSearch
CalculationRegisterAttribute	binaryDataStorageLocationUse	http://v8.1c.ru/8.3/MDClasses	BinaryDataStorageLocationUse	8.3.27	platform-property-md-BinaryDataStorageLocationUse
CalculationRegisterAttribute	binaryDataStorageLocationUseField	http://v8.1c.ru/8.3/MDClasses	BinaryDataStorageLocationUseField	8.3.27	platform-property-md-BinaryDataStorageLocationUseField
CalculationRegisterDimension	name	http://v8.1c.ru/8.3/MDClasses	Name	8.3.27	platform-property-md-Name
CalculationRegisterDimension	synonym	http://v8.1c.ru/8.3/MDClasses	Synonym	8.3.27	platform-property-md-Synonym
CalculationRegisterDimension	comment	http://v8.1c.ru/8.3/MDClasses	Comment	8.3.27	platform-property-md-Comment
CalculationRegisterDimension	objectBelonging	http://v8.1c.ru/8.3/MDClasses	ObjectBelonging	8.3.27	platform-property-md-ObjectBelonging
CalculationRegisterDimension	extendedConfigurationObject	http://v8.1c.ru/8.3/MDClasses	ExtendedConfigurationObject	8.3.27	platform-property-md-ExtendedConfigurationObject
CalculationRegisterDimension	type	http://v8.1c.ru/8.3/MDClasses	Type	8.3.27	platform-property-md-Type
CalculationRegisterDimension	passwordMode	http://v8.1c.ru/8.3/MDClasses	PasswordMode	8.3.27	platform-property-md-PasswordMode
CalculationRegisterDimension	format	http://v8.1c.ru/8.3/MDClasses	Format	8.3.27	platform-property-md-Format
CalculationRegisterDimension	editFormat	http://v8.1c.ru/8.3/MDClasses	EditFormat	8.3.27	platform-property-md-EditFormat
CalculationRegisterDimension	toolTip	http://v8.1c.ru/8.3/MDClasses	ToolTip	8.3.27	platform-property-md-ToolTip
CalculationRegisterDimension	markNegatives	http://v8.1c.ru/8.3/MDClasses	MarkNegatives	8.3.27	platform-property-md-MarkNegatives
CalculationRegisterDimension	mask	http://v8.1c.ru/8.3/MDClasses	Mask	8.3.27	platform-property-md-Mask
CalculationRegisterDimension	multiLine	http://v8.1c.ru/8.3/MDClasses	MultiLine	8.3.27	platform-property-md-MultiLine
CalculationRegisterDimension	extendedEdit	http://v8.1c.ru/8.3/MDClasses	ExtendedEdit	8.3.27	platform-property-md-ExtendedEdit
CalculationRegisterDimension	minValue	http://v8.1c.ru/8.3/MDClasses	MinValue	8.3.27	platform-property-md-MinValue
CalculationRegisterDimension	maxValue	http://v8.1c.ru/8.3/MDClasses	MaxValue	8.3.27	platform-property-md-MaxValue
CalculationRegisterDimension	fillChecking	http://v8.1c.ru/8.3/MDClasses	FillChecking	8.3.27	platform-property-md-FillChecking
CalculationRegisterDimension	choiceFoldersAndItems	http://v8.1c.ru/8.3/MDClasses	ChoiceFoldersAndItems	8.3.27	platform-property-md-ChoiceFoldersAndItems
CalculationRegisterDimension	choiceParameterLinks	http://v8.1c.ru/8.3/MDClasses	ChoiceParameterLinks	8.3.27	platform-property-md-ChoiceParameterLinks
CalculationRegisterDimension	choiceParameters	http://v8.1c.ru/8.3/MDClasses	ChoiceParameters	8.3.27	platform-property-md-ChoiceParameters
CalculationRegisterDimension	quickChoice	http://v8.1c.ru/8.3/MDClasses	QuickChoice	8.3.27	platform-property-md-QuickChoice
CalculationRegisterDimension	createOnInput	http://v8.1c.ru/8.3/MDClasses	CreateOnInput	8.3.27	platform-property-md-CreateOnInput
CalculationRegisterDimension	choiceForm	http://v8.1c.ru/8.3/MDClasses	ChoiceForm	8.3.27	platform-property-md-ChoiceForm
CalculationRegisterDimension	linkByType	http://v8.1c.ru/8.3/MDClasses	LinkByType	8.3.27	platform-property-md-LinkByType
CalculationRegisterDimension	choiceHistoryOnInput	http://v8.1c.ru/8.3/MDClasses	ChoiceHistoryOnInput	8.3.27	platform-property-md-ChoiceHistoryOnInput
CalculationRegisterDimension	denyIncompleteValues	http://v8.1c.ru/8.3/MDClasses	DenyIncompleteValues	8.3.27	platform-property-md-DenyIncompleteValues
CalculationRegisterDimension	baseDimension	http://v8.1c.ru/8.3/MDClasses	BaseDimension	8.3.27	platform-property-md-BaseDimension
CalculationRegisterDimension	scheduleLink	http://v8.1c.ru/8.3/MDClasses	ScheduleLink	8.3.27	platform-property-md-ScheduleLink
CalculationRegisterDimension	indexing	http://v8.1c.ru/8.3/MDClasses	Indexing	8.3.27	platform-property-md-Indexing
CalculationRegisterDimension	fullTextSearch	http://v8.1c.ru/8.3/MDClasses	FullTextSearch	8.3.27	platform-property-md-FullTextSearch
Recalculation	name	http://v8.1c.ru/8.3/MDClasses	Name	8.3.27	platform-property-md-Name
Recalculation	synonym	http://v8.1c.ru/8.3/MDClasses	Synonym	8.3.27	platform-property-md-Synonym
Recalculation	comment	http://v8.1c.ru/8.3/MDClasses	Comment	8.3.27	platform-property-md-Comment
Recalculation	objectBelonging	http://v8.1c.ru/8.3/MDClasses	ObjectBelonging	8.3.27	platform-property-md-ObjectBelonging
Recalculation	extendedConfigurationObject	http://v8.1c.ru/8.3/MDClasses	ExtendedConfigurationObject	8.3.27	platform-property-md-ExtendedConfigurationObject
Recalculation	dataLockControlMode	http://v8.1c.ru/8.3/MDClasses	DataLockControlMode	8.3.27	platform-property-md-DataLockControlMode
CalculationRegisterForm	name	http://v8.1c.ru/8.3/MDClasses	Name	8.3.27	platform-property-md-Name
CalculationRegisterForm	synonym	http://v8.1c.ru/8.3/MDClasses	Synonym	8.3.27	platform-property-md-Synonym
CalculationRegisterForm	comment	http://v8.1c.ru/8.3/MDClasses	Comment	8.3.27	platform-property-md-Comment
CalculationRegisterForm	objectBelonging	http://v8.1c.ru/8.3/MDClasses	ObjectBelonging	8.3.27	platform-property-md-ObjectBelonging
CalculationRegisterForm	extendedConfigurationObject	http://v8.1c.ru/8.3/MDClasses	ExtendedConfigurationObject	8.3.27	platform-property-md-ExtendedConfigurationObject
CalculationRegisterForm	formType	http://v8.1c.ru/8.3/MDClasses	FormType	8.3.27	platform-property-md-FormType
CalculationRegisterForm	includeHelpInContents	http://v8.1c.ru/8.3/MDClasses	IncludeHelpInContents	8.3.27	platform-property-md-IncludeHelpInContents
CalculationRegisterForm	help	http://v8.1c.ru/8.3/MDClasses	Help	8.3.27	platform-property-md-Help
CalculationRegisterForm	usePurposes	http://v8.1c.ru/8.3/MDClasses	UsePurposes	8.3.27	platform-property-md-UsePurposes
CalculationRegisterForm	useInInterfaceCompatibilityMode	http://v8.1c.ru/8.3/MDClasses	UseInInterfaceCompatibilityMode	8.5.1	platform-property-md-UseInInterfaceCompatibilityMode
CalculationRegisterCommand	name	http://v8.1c.ru/8.3/MDClasses	Name	8.3.27	platform-property-md-Name
CalculationRegisterCommand	synonym	http://v8.1c.ru/8.3/MDClasses	Synonym	8.3.27	platform-property-md-Synonym
CalculationRegisterCommand	comment	http://v8.1c.ru/8.3/MDClasses	Comment	8.3.27	platform-property-md-Comment
CalculationRegisterCommand	objectBelonging	http://v8.1c.ru/8.3/MDClasses	ObjectBelonging	8.3.27	platform-property-md-ObjectBelonging
CalculationRegisterCommand	extendedConfigurationObject	http://v8.1c.ru/8.3/MDClasses	ExtendedConfigurationObject	8.3.27	platform-property-md-ExtendedConfigurationObject
CalculationRegisterCommand	group	http://v8.1c.ru/8.3/MDClasses	Group	8.3.27	platform-property-md-Group
CalculationRegisterCommand	commandParameterType	http://v8.1c.ru/8.3/MDClasses	CommandParameterType	8.3.27	platform-property-md-CommandParameterType
CalculationRegisterCommand	parameterUseMode	http://v8.1c.ru/8.3/MDClasses	ParameterUseMode	8.3.27	platform-property-md-ParameterUseMode
CalculationRegisterCommand	modifiesData	http://v8.1c.ru/8.3/MDClasses	ModifiesData	8.3.27	platform-property-md-ModifiesData
CalculationRegisterCommand	representation	http://v8.1c.ru/8.3/MDClasses	Representation	8.3.27	platform-property-md-Representation
CalculationRegisterCommand	toolTip	http://v8.1c.ru/8.3/MDClasses	ToolTip	8.3.27	platform-property-md-ToolTip
CalculationRegisterCommand	picture	http://v8.1c.ru/8.3/MDClasses	Picture	8.3.27	platform-property-md-Picture
CalculationRegisterCommand	shortcut	http://v8.1c.ru/8.3/MDClasses	Shortcut	8.3.27	platform-property-md-Shortcut
CalculationRegisterCommand	onMainServerUnavalableBehavior	http://v8.1c.ru/8.3/MDClasses	OnMainServerUnavalableBehavior	8.3.27	platform-property-md-OnMainServerUnavalableBehavior
IntegrationService	name	http://v8.1c.ru/8.3/MDClasses	Name	8.3.27	platform-property-md-Name
IntegrationService	synonym	http://v8.1c.ru/8.3/MDClasses	Synonym	8.3.27	platform-property-md-Synonym
IntegrationService	comment	http://v8.1c.ru/8.3/MDClasses	Comment	8.3.27	platform-property-md-Comment
IntegrationService	objectBelonging	http://v8.1c.ru/8.3/MDClasses	ObjectBelonging	8.3.27	platform-property-md-ObjectBelonging
IntegrationService	extendedConfigurationObject	http://v8.1c.ru/8.3/MDClasses	ExtendedConfigurationObject	8.3.27	platform-property-md-ExtendedConfigurationObject
IntegrationService	externalIntegrationServiceAddress	http://v8.1c.ru/8.3/MDClasses	ExternalIntegrationServiceAddress	8.3.27	platform-property-md-ExternalIntegrationServiceAddress
IntegrationServiceChannel	name	http://v8.1c.ru/8.3/MDClasses	Name	8.3.27	platform-property-md-Name
IntegrationServiceChannel	synonym	http://v8.1c.ru/8.3/MDClasses	Synonym	8.3.27	platform-property-md-Synonym
IntegrationServiceChannel	comment	http://v8.1c.ru/8.3/MDClasses	Comment	8.3.27	platform-property-md-Comment
IntegrationServiceChannel	objectBelonging	http://v8.1c.ru/8.3/MDClasses	ObjectBelonging	8.3.27	platform-property-md-ObjectBelonging
IntegrationServiceChannel	extendedConfigurationObject	http://v8.1c.ru/8.3/MDClasses	ExtendedConfigurationObject	8.3.27	platform-property-md-ExtendedConfigurationObject
IntegrationServiceChannel	externalIntegrationServiceChannelName	http://v8.1c.ru/8.3/MDClasses	ExternalIntegrationServiceChannelName	8.3.27	platform-property-md-ExternalIntegrationServiceChannelName
IntegrationServiceChannel	messageDirection	http://v8.1c.ru/8.3/MDClasses	MessageDirection	8.3.27	platform-property-md-MessageDirection
IntegrationServiceChannel	receiveMessageProcessing	http://v8.1c.ru/8.3/MDClasses	ReceiveMessageProcessing	8.3.27	platform-property-md-ReceiveMessageProcessing
IntegrationServiceChannel	transactioned	http://v8.1c.ru/8.3/MDClasses	Transactioned	8.3.27	platform-property-md-Transactioned
Bot	name	http://v8.1c.ru/8.3/MDClasses	Name	8.3.27	platform-property-md-Name
Bot	synonym	http://v8.1c.ru/8.3/MDClasses	Synonym	8.3.27	platform-property-md-Synonym
Bot	comment	http://v8.1c.ru/8.3/MDClasses	Comment	8.3.27	platform-property-md-Comment
Bot	objectBelonging	http://v8.1c.ru/8.3/MDClasses	ObjectBelonging	8.3.27	platform-property-md-ObjectBelonging
Bot	extendedConfigurationObject	http://v8.1c.ru/8.3/MDClasses	ExtendedConfigurationObject	8.3.27	platform-property-md-ExtendedConfigurationObject
Bot	predefined	http://v8.1c.ru/8.3/MDClasses	Predefined	8.3.27	platform-property-md-Predefined
Bot	picture	http://v8.1c.ru/8.3/MDClasses	Picture	8.3.27	platform-property-md-Picture
WebSocketClient	name	http://v8.1c.ru/8.3/MDClasses	Name	8.3.27	platform-property-md-Name
WebSocketClient	synonym	http://v8.1c.ru/8.3/MDClasses	Synonym	8.3.27	platform-property-md-Synonym
WebSocketClient	comment	http://v8.1c.ru/8.3/MDClasses	Comment	8.3.27	platform-property-md-Comment
WebSocketClient	objectBelonging	http://v8.1c.ru/8.3/MDClasses	ObjectBelonging	8.3.27	platform-property-md-ObjectBelonging
WebSocketClient	extendedConfigurationObject	http://v8.1c.ru/8.3/MDClasses	ExtendedConfigurationObject	8.3.27	platform-property-md-ExtendedConfigurationObject
WebSocketClient	predefined	http://v8.1c.ru/8.3/MDClasses	Predefined	8.3.27	platform-property-md-Predefined
WebSocketClient	autoConnect	http://v8.1c.ru/8.3/MDClasses	AutoConnect	8.3.27	platform-property-md-AutoConnect
WebSocketClient	serverURL	http://v8.1c.ru/8.3/MDClasses	ServerURL	8.3.27	platform-property-md-ServerURL
WebSocketClient	user	http://v8.1c.ru/8.3/MDClasses	User	8.3.27	platform-property-md-User
WebSocketClient	password	http://v8.1c.ru/8.3/MDClasses	Password	8.3.27	platform-property-md-Password
WebSocketClient	headers	http://v8.1c.ru/8.3/MDClasses	Headers	8.3.27	platform-property-md-Headers
WebSocketClient	useOSProxy	http://v8.1c.ru/8.3/MDClasses	UseOSProxy	8.3.27	platform-property-md-UseOSProxy
WebSocketClient	useOSAuthentication	http://v8.1c.ru/8.3/MDClasses	UseOSAuthentication	8.3.27	platform-property-md-UseOSAuthentication
WebSocketClient	timeout	http://v8.1c.ru/8.3/MDClasses	Timeout	8.3.27	platform-property-md-Timeout
PaletteColor	name	http://v8.1c.ru/8.3/MDClasses	Name	8.3.27	platform-property-md-Name
PaletteColor	synonym	http://v8.1c.ru/8.3/MDClasses	Synonym	8.3.27	platform-property-md-Synonym
PaletteColor	comment	http://v8.1c.ru/8.3/MDClasses	Comment	8.3.27	platform-property-md-Comment
PaletteColor	objectBelonging	http://v8.1c.ru/8.3/MDClasses	ObjectBelonging	8.3.27	platform-property-md-ObjectBelonging
PaletteColor	extendedConfigurationObject	http://v8.1c.ru/8.3/MDClasses	ExtendedConfigurationObject	8.3.27	platform-property-md-ExtendedConfigurationObject
PaletteColor	color	http://v8.1c.ru/8.3/MDClasses	Color	8.3.27	platform-property-md-Color
Configuration	content	http://v8.1c.ru/8.3/MDClasses	Content	8.3.27	platform-property-md-Content
Table	choiceDataGetModeOnInputByString	http://v8.1c.ru/8.3/MDClasses	ChoiceDataGetModeOnInputByString	8.3.27	platform-property-md-ChoiceDataGetModeOnInputByString
DimensionTable	includeHelpInContents	http://v8.1c.ru/8.3/MDClasses	IncludeHelpInContents	8.3.27	platform-property-md-IncludeHelpInContents
